handle,name,status,followers_count,posts_count,indexed_at,error_reason,fetched_at
aliciadkennedy.bsky.social,Alicia Kennedy,ok,614,718,2026-04-28T13:18:18.065Z,,2026-07-01T16:56:06.591681+00:00
andydehnart.com,Andy Dehnart,ok,27101,5372,2026-02-19T02:32:16.650Z,,2026-07-01T16:56:07.198946+00:00
caseymlewis.bsky.social,Casey Lewis,ok,20,1,2025-01-28T17:30:33.944Z,,2026-07-01T16:56:08.003573+00:00
caseynewton.bsky.social,Casey Newton,ok,283073,2561,2026-01-05T19:40:56.226Z,,2026-07-01T16:56:09.002676+00:00
chriscillizza.bsky.social,Chris Cillizza,ok,7100,1347,2024-11-13T22:36:37.089Z,,2026-07-01T16:56:09.804637+00:00
chrisgeidner.bsky.social,Chris Geidner,ok,321727,27830,2026-06-04T14:29:18.956Z,,2026-07-01T16:56:10.604062+00:00
craigsilverman.bsky.social,Craig Silverman,ok,68936,283,2025-05-19T20:40:25.739Z,,2026-07-01T16:56:11.206487+00:00
emorwee.bsky.social,Emily Atkin,ok,31178,623,2026-03-18T17:51:07.054Z,,2026-07-01T16:56:11.749865+00:00
ericnewcomer.bsky.social,Eric Newcomer,ok,426,6,2024-12-12T15:11:33.042Z,,2026-07-01T16:56:12.614663+00:00
erininthemorning.com,Erin Reed,ok,266713,7934,2026-04-07T04:04:54.151Z,,2026-07-01T16:56:13.420383+00:00
hunterh.bsky.social,Hunter Harris,ok,14402,58,2024-01-20T05:38:46.866Z,,2026-07-01T16:56:14.307456+00:00
jessicavalenti.bsky.social,Jessica Valenti,ok,103508,1107,2025-07-24T15:46:48.934Z,,2026-07-01T16:56:15.010335+00:00
juddlegum.bsky.social,Judd Legum,ok,418283,3191,2025-11-11T16:56:47.353Z,,2026-07-01T16:56:15.838725+00:00
kattenbarge.bsky.social,Kat Tenbarge,ok,178528,7276,2026-06-27T04:10:38.256Z,,2026-07-01T16:56:16.420928+00:00
kkjetelina.bsky.social,Katelyn Jetelina,ok,18598,123,2025-02-14T22:16:19.246Z,,2026-07-01T16:56:16.825254+00:00
kyla.bsky.social,Kyla Scanlon,ok,54626,110,2024-12-08T00:29:52.845Z,,2026-07-01T16:56:17.260270+00:00
kylewilsontharp.bsky.social,Kyle Tharp,ok,4013,275,2026-03-31T14:10:34.551Z,,2026-07-01T16:56:17.822897+00:00
marisakabas.bsky.social,Marisa Kabas,ok,237194,29821,2026-05-04T23:02:34.765Z,,2026-07-01T16:56:18.230338+00:00
mkbhd.mbdio.uk,Marques Brownlee,failed,,,,HTTP 400: Bad Request,2026-07-01T16:56:18.620755+00:00
mattbrown.bsky.social,Matt Brown,ok,21247,9372,2026-06-13T03:04:53.357Z,,2026-07-01T16:56:19.022183+00:00
mattkiser.bsky.social,Matt Kiser,ok,1207,11,2025-08-22T18:35:47.498Z,,2026-07-01T16:56:19.420151+00:00
maxread.info,Max Read,ok,13959,816,2026-05-17T10:40:16.356Z,,2026-07-01T16:56:19.826262+00:00
nathantankus.bsky.social,Nathan Tankus,ok,35208,4911,2026-06-30T15:06:21.641Z,,2026-07-01T16:56:20.233553+00:00
oliverdarcy.bsky.social,Oliver Darcy,ok,177099,1263,2024-11-25T19:25:38.345Z,,2026-07-01T16:56:20.576149+00:00
parkermolloy.com,Parker Molloy,ok,239411,25036,2026-06-25T19:16:26.160Z,,2026-07-01T16:56:20.924261+00:00
philedwardsinc.bsky.social,Phil Edwards,ok,791,265,2025-07-08T14:40:11.933Z,,2026-07-01T16:56:21.274335+00:00
ryanhatesthis.bsky.social,Ryan Broderick,ok,80996,974,2025-01-24T18:38:07.743Z,,2026-07-01T16:56:21.618807+00:00
taylorlorenz.bsky.social,Taylor Lorenz,ok,329412,7272,2026-01-25T23:31:07.846Z,,2026-07-01T16:56:21.968956+00:00
timkmak.bsky.social,Tim Mak,ok,36464,9407,2026-06-29T14:28:13.062Z,,2026-07-01T16:56:22.314101+00:00
atrupar.com,Aaron Rupar,ok,956160,30926,2026-07-01T11:45:56.521Z,,2026-07-01T16:56:22.672740+00:00
klasfeldreports.com,Adam Klasfeld,ok,127970,2968,2025-07-01T02:24:29.333Z,,2026-07-01T16:56:23.073153+00:00
adamjkucharski.bsky.social,Adam Kucharski,ok,27078,2062,2025-11-19T18:27:11.725Z,,2026-07-01T16:56:23.425431+00:00
adammockler.com,Adam Mockler,ok,188736,1514,2026-05-12T16:31:43.365Z,,2026-07-01T16:56:23.782899+00:00
adamtooze.bsky.social,Adam Tooze,ok,20184,859,2025-03-21T20:46:15.143Z,,2026-07-01T16:56:24.138605+00:00
nativeapprops.bsky.social,Adrienne Keene,ok,5563,23,2025-01-26T17:23:32.145Z,,2026-07-01T16:56:24.487359+00:00
alastaircampbell2.bsky.social,Alastair Campbell,ok,152687,810,2024-08-14T09:47:29.285Z,,2026-07-01T16:56:24.848646+00:00
albertocairo.com,Alberto Cairo,ok,11326,1384,2026-01-30T15:10:06.247Z,,2026-07-01T16:56:25.202654+00:00
equalityalec.bsky.social,Alec Karakatsanis,ok,19139,1618,2026-04-21T16:43:11.248Z,,2026-07-01T16:56:25.541833+00:00
alessandraram.bsky.social,Alessandra Ram,ok,14,3,2025-03-21T05:08:23.839Z,,2026-07-01T16:56:25.878912+00:00
alexd23.bsky.social,Alex Dobrenko,ok,886,238,2024-11-20T20:00:02.304Z,,2026-07-01T16:56:26.250677+00:00
alexeheath.com,Alex Heath,ok,39888,442,2025-10-29T03:47:30.645Z,,2026-07-01T16:56:26.590629+00:00
kantrowitz.bsky.social,Alex Kantrowitz,ok,7754,118,2024-01-20T05:44:12.297Z,,2026-07-01T16:56:26.957893+00:00
alexrkonrad.bsky.social,Alex Konrad,ok,12610,521,2026-05-30T16:43:50.658Z,,2026-07-01T16:56:27.348803+00:00
alexsteffen.bsky.social,Alex Steffen,ok,12506,30771,2026-05-03T18:11:12.867Z,,2026-07-01T16:56:27.838643+00:00
alexckaufman.bsky.social,Alexander C. Kaufman,ok,11531,1383,2025-08-15T01:34:43.497Z,,2026-07-01T16:56:28.185581+00:00
alexanderrusso.bsky.social,Alexander Russo,ok,404,116,2025-11-11T15:28:35.051Z,,2026-07-01T16:56:28.543077+00:00
awalkerinla.bsky.social,Alissa Walker,ok,27515,2831,2026-06-25T17:52:15.656Z,,2026-07-01T16:56:28.887466+00:00
ashendruk.com,Amanda Shendruk,ok,1107,259,2026-01-24T13:16:31.445Z,,2026-07-01T16:56:29.230454+00:00
thatwitchmia.bsky.social,Amelia,ok,5586,8466,2026-06-12T23:09:38.861Z,,2026-07-01T16:56:29.640473+00:00
amywestervelt.bsky.social,Amy Westervelt,ok,58439,2181,2026-06-24T16:51:28.666Z,,2026-07-01T16:56:29.993458+00:00
anderspucknielsen.dk,Anders Puck Nielsen,ok,30851,4694,2026-05-29T16:04:11.257Z,,2026-07-01T16:56:30.346541+00:00
andrewdessler.com,Andrew Dessler,ok,27038,10077,2025-09-06T15:55:27.898Z,,2026-07-01T16:56:30.688989+00:00
statmodeling.bsky.social,Andrew Gelman,ok,6271,1207,2024-04-04T01:16:39.709Z,,2026-07-01T16:56:31.074583+00:00
andrewgill.biz,Andrew Gill,ok,501,211,2025-01-28T11:53:52.344Z,,2026-07-01T16:56:31.414578+00:00
wordloaf.org,Andrew Janjigian,ok,5777,5908,2026-04-05T16:31:41.156Z,,2026-07-01T16:56:31.884334+00:00
amontalenti.bsky.social,Andrew Montalenti,ok,145,3,2026-03-01T17:37:48.260Z,,2026-07-01T16:56:32.233201+00:00
revkin.bsky.social,Andy Revkin,ok,18567,3141,2025-06-09T18:09:50.542Z,,2026-07-01T16:56:32.585433+00:00
angushervey.com,Angus Hervey,ok,2503,1110,2024-11-21T02:04:40.270Z,,2026-07-01T16:56:32.928109+00:00
anildash.com,Anil Dash,ok,100689,20404,2025-12-11T04:44:05.623Z,,2026-07-01T16:56:33.271162+00:00
annapujolmazzini.bsky.social,Anna Pujol-Mazzini,ok,30,18,2025-09-15T08:17:39.698Z,,2026-07-01T16:56:33.639070+00:00
annehelen.bsky.social,Anne Helen Petersen,ok,23710,325,2026-02-16T22:01:47.747Z,,2026-07-01T16:56:33.977560+00:00
anya1anya.bsky.social,Anya Kamenetz,ok,5773,1246,2025-10-09T01:46:12.650Z,,2026-07-01T16:56:34.315289+00:00
aridrennen.bsky.social,Ari Drennen,ok,33920,1741,2026-06-28T19:48:25.166Z,,2026-07-01T16:56:34.674956+00:00
ashleevance.bsky.social,Ashlee Vance,ok,379,26,2025-05-08T05:07:39.738Z,,2026-07-01T16:56:35.018350+00:00
austinkocher.com,Austin Kocher,ok,11015,4191,2026-05-17T16:42:46.559Z,,2026-07-01T16:56:35.358711+00:00
azipaybarah.bsky.social,Azi Paybarah,ok,7103,13,2026-05-13T17:15:49.859Z,,2026-07-01T16:56:35.712208+00:00
bjthehetheygay.ca,Baxstar Jonmarie Ferguson,ok,1805,1598,2026-04-06T15:12:10.945Z,,2026-07-01T16:56:36.059228+00:00
benwhitelaw.bsky.social,Ben Whitelaw,ok,5846,744,2024-12-19T06:32:37.542Z,,2026-07-01T16:56:36.416161+00:00
billbishop.bsky.social,Bill Bishop,ok,3683,85,2024-11-14T16:49:21.132Z,,2026-07-01T16:56:36.767435+00:00
calculatedrisk.bsky.social,Bill McBride,ok,49659,2958,2026-01-28T14:15:16.347Z,,2026-07-01T16:56:37.120748+00:00
billmckibben.bsky.social,Bill McKibben,ok,71737,23151,2024-11-08T18:21:48.380Z,,2026-07-01T16:56:37.467340+00:00
billspindle.bsky.social,Bill Spindle,ok,47,7,2025-08-16T15:02:23.297Z,,2026-07-01T16:56:37.814510+00:00
brettcooperrp.bsky.social,Brett Cooper,ok,66,2,2024-11-08T05:36:09.482Z,,2026-07-01T16:56:38.162777+00:00
brettkollmann.bsky.social,Brett Kollmann,ok,55258,547,2025-06-12T22:45:14.940Z,,2026-07-01T16:56:38.521621+00:00
bcmerchant.bsky.social,Brian Merchant,ok,107382,3269,2025-08-19T05:35:37.362Z,,2026-07-01T16:56:38.866212+00:00
brihreed.bsky.social,Brian Reed,ok,734,431,2026-06-25T22:39:12.758Z,,2026-07-01T16:56:39.203072+00:00
briantylercohen.bsky.social,Brian Tyler Cohen,ok,838968,2503,2026-06-08T19:54:29.657Z,,2026-07-01T16:56:39.540043+00:00
bryanranderson.bsky.social,Bryan Anderson,ok,1969,656,2025-11-26T04:43:31.622Z,,2026-07-01T16:56:39.894182+00:00
schotthappens.com,Bryan Schott,ok,10774,7458,2026-01-24T00:02:39.747Z,,2026-07-01T16:56:40.262694+00:00
caitoz.bsky.social,Caitlin Johnstone,ok,21823,1824,2025-11-10T13:23:33.851Z,,2026-07-01T16:56:40.624610+00:00
cmyeaton.bsky.social,Caitlin Rivers,ok,9657,314,2026-04-19T23:02:13.843Z,,2026-07-01T16:56:40.965093+00:00
chipmonkfunk.bsky.social,Caleb Hammer,ok,12,1,2025-12-02T00:40:58.825Z,,2026-07-01T16:56:41.325560+00:00
camrodriguez.bsky.social,Cam Rodriguez,ok,1797,1061,2026-06-26T05:34:44.656Z,,2026-07-01T16:56:41.668244+00:00
realcandaceowens.bsky.social,Candace Owens,ok,958,30,2024-11-24T13:53:31.446Z,,2026-07-01T16:56:42.050964+00:00
carlazanoni.bsky.social,Carla Zanoni,ok,465,43,2025-02-05T03:32:10.545Z,,2026-07-01T16:56:42.395308+00:00
catherineherridge.bsky.social,Catherine Herridge,failed,,,,HTTP 400: Bad Request,2026-07-01T16:56:42.745942+00:00
charlotteclymer.bsky.social,Charlotte Clymer,ok,252382,6246,2026-06-24T02:51:34.563Z,,2026-07-01T16:56:43.108195+00:00
thewilderthings.bsky.social,Charlotte Wilder,ok,15827,97,2025-11-14T17:09:28.352Z,,2026-07-01T16:56:43.444245+00:00
cherylrofer.bsky.social,Cheryl Rofer,ok,24425,27262,2026-04-14T17:32:47.851Z,,2026-07-01T16:56:43.798011+00:00
chloecockburn.bsky.social,Chloe Cockburn,ok,922,78,2024-12-03T08:34:36.841Z,,2026-07-01T16:56:44.192208+00:00
00chrisdixon00.bsky.social,Chris Dixon,ok,96,0,2024-08-15T22:43:59.885Z,,2026-07-01T16:56:44.543175+00:00
newsnerd.bsky.social,Chris Hutton,ok,1930,2810,2026-03-26T18:11:32.757Z,,2026-07-01T16:56:44.888899+00:00
chrislatray.bsky.social,Chris La Tray,ok,28,0,2025-08-26T03:07:23.298Z,,2026-07-01T16:56:45.250611+00:00
chriscmooney.bsky.social,Chris Mooney,ok,996,172,2026-01-14T18:03:57.825Z,,2026-07-01T16:56:45.605547+00:00
chrisrichards.bsky.social,Chris Richards,ok,47001,339,2026-06-09T20:15:08.360Z,,2026-07-01T16:56:45.954374+00:00
titocurtis.bsky.social,Christopher Curtis,ok,10368,1435,2025-06-04T02:18:51.643Z,,2026-07-01T16:56:46.306443+00:00
cjgustafson.bsky.social,CJ Gustafson,ok,348,25,2024-11-30T16:23:54.246Z,,2026-07-01T16:56:47.255862+00:00
claudia-sahm.bsky.social,Claudia Sahm,ok,52674,721,2024-11-12T10:03:33.604Z,,2026-07-01T16:56:47.826387+00:00
codiesanchez.bsky.social,Codie Sanchez,ok,1017,47,2024-11-18T04:40:14.334Z,,2026-07-01T16:56:48.287671+00:00
coreyhutchins.bsky.social,Corey Hutchins,ok,2039,1171,2026-03-05T18:13:57.953Z,,2026-07-01T16:56:48.825799+00:00
coriinthecity.bsky.social,Cori Hanna,ok,13,1,2025-01-21T03:21:08.044Z,,2026-07-01T16:56:49.222844+00:00
bgexploredc.bsky.social,Cornelia Poku,ok,392,203,2024-11-19T21:21:08.766Z,,2026-07-01T16:56:49.822805+00:00
doctorow.pluralistic.net,Cory Doctorow,ok,20120,9365,2026-07-01T15:39:51.624Z,,2026-07-01T16:56:50.223224+00:00
craigcalcaterra.bsky.social,Craig Calcaterra,ok,37464,16713,2025-11-02T23:42:57.651Z,,2026-07-01T16:56:50.617908+00:00
dblums.bsky.social,Dan Blumberg,ok,68,29,2026-04-22T13:16:27.151Z,,2026-07-01T16:56:51.025824+00:00
fromedome.bsky.social,Dan Frommer,ok,3242,33,2024-11-19T07:32:09.805Z,,2026-07-01T16:56:51.423911+00:00
froomkin.bsky.social,Dan Froomkin,ok,81730,4060,2025-08-28T18:59:36.495Z,,2026-07-01T16:56:51.825401+00:00
danharriscan.bsky.social,Dan Harris,ok,644,1279,2024-11-15T17:00:18.929Z,,2026-07-01T16:56:52.225176+00:00
danshafer.bsky.social,Dan Shafer,ok,10825,1419,2026-04-08T02:29:42.854Z,,2026-07-01T16:56:52.785599+00:00
daniellarison.bsky.social,Daniel Larison,ok,1642,2544,2026-03-11T02:13:54.654Z,,2026-07-01T16:56:53.295159+00:00
danielrothberg.bsky.social,Daniel Rothberg,ok,2851,160,2026-06-25T00:43:05.994Z,,2026-07-01T16:56:53.684103+00:00
davidcayjohnston.bsky.social,David Cay Johnston,ok,13966,791,2025-10-17T03:35:44.950Z,,2026-07-01T16:56:54.129244+00:00
davidcrooknyc.bsky.social,David Crook,ok,108,2,2024-11-15T20:39:11.120Z,,2026-07-01T16:56:54.486370+00:00
davidlat.bsky.social,David Lat,ok,3518,10,2024-03-24T04:02:59.708Z,,2026-07-01T16:56:54.889575+00:00
davidpepperoh.bsky.social,David Pepper,ok,43978,222,2026-01-07T12:25:46.925Z,,2026-07-01T16:56:55.292314+00:00
volts.wtf,David Roberts,ok,107176,18020,2025-01-13T06:07:18.944Z,,2026-07-01T16:56:55.689825+00:00
davidsirota.com,David Sirota,ok,36077,3420,2026-03-17T13:23:59.850Z,,2026-07-01T16:56:56.103829+00:00
wildstein.bsky.social,David Wildstein,ok,1363,44,2024-11-17T22:45:53.080Z,,2026-07-01T16:56:56.484498+00:00
dieworkwear.bsky.social,Derek Guy,ok,622067,3519,2025-08-31T07:32:44.498Z,,2026-07-01T16:56:56.892681+00:00
dianabutlerbass.bsky.social,Diana Butler Bass,ok,29488,2768,2025-11-22T16:35:40.025Z,,2026-07-01T16:56:57.290578+00:00
dinoray.bsky.social,Dino-Ray Ramos,ok,903,799,2025-03-17T01:32:10.345Z,,2026-07-01T16:56:57.693299+00:00
dougshapiro.bsky.social,Doug Shapiro,ok,156,9,2025-01-15T02:33:37.043Z,,2026-07-01T16:56:58.104775+00:00
drjengunter.bsky.social,Dr. Jen Gunter,ok,103702,2205,2024-11-15T17:06:32.532Z,,2026-07-01T16:56:58.750032+00:00
dylan-page.bsky.social,Dylan Page,ok,1103,96,2024-11-17T21:43:52.672Z,,2026-07-01T16:56:59.364687+00:00
edzitron.com,Ed Zitron,ok,181983,30533,2026-06-30T16:04:16.318Z,,2026-07-01T16:56:59.899759+00:00
emilieraguso.com,Emilie Raguso,ok,48,0,2025-01-02T07:15:32.644Z,,2026-07-01T16:57:00.306467+00:00
emdashsanders.bsky.social,Emily Sanders,ok,7350,275,2026-06-29T18:56:56.832Z,,2026-07-01T16:57:00.698064+00:00
ericblanc.bsky.social,Eric Blanc,ok,9863,538,2025-10-15T20:04:20.516Z,,2026-07-01T16:57:01.103473+00:00
ericzorn.bsky.social,Eric Zorn,ok,2032,613,2024-02-12T15:00:52.162Z,,2026-07-01T16:57:01.508002+00:00
grocerynerd.bsky.social,Errol Schweizer,ok,348,39,2024-12-05T03:04:38.948Z,,2026-07-01T16:57:01.898317+00:00
emollick.bsky.social,Ethan Mollick,ok,35443,2732,2026-04-07T04:33:30.048Z,,2026-07-01T16:57:02.307126+00:00
evaschulz.bsky.social,Eva Schulz,ok,7873,0,2024-01-20T07:24:25.644Z,,2026-07-01T16:57:02.901312+00:00
bostopianews.bsky.social,Evan George,ok,112,6,2025-01-06T20:27:20.744Z,,2026-07-01T16:57:03.298148+00:00
franifio.bsky.social,Francesca Fiorentini,ok,55688,670,2026-02-07T21:01:34.845Z,,2026-07-01T16:57:03.665947+00:00
frankshyong.bsky.social,Frank Shyong,ok,1065,247,2025-01-07T22:03:09.644Z,,2026-07-01T16:57:04.112381+00:00
garrettbucks.bsky.social,Garrett Bucks,ok,1904,820,2025-12-11T17:21:40.225Z,,2026-07-01T16:57:04.501353+00:00
vermontgmg.bsky.social,Garrett Graff,ok,102859,2044,2025-08-30T00:57:30.698Z,,2026-07-01T16:57:05.039632+00:00
garymarcus.bsky.social,Gary Marcus,ok,30637,1398,2026-02-02T15:15:53.845Z,,2026-07-01T16:57:05.440578+00:00
geneweingarten.bsky.social,Gene Weingarten,ok,1839,369,2024-11-24T20:54:34.647Z,,2026-07-01T16:57:05.853169+00:00
gillian.bsky.social,Gillian Morris,ok,532,44,2024-11-19T17:07:39.507Z,,2026-07-01T16:57:06.242218+00:00
glennkessler.bsky.social,Glenn Kessler,ok,19245,352,2026-01-09T17:27:07.925Z,,2026-07-01T16:57:06.646724+00:00
gradyhillhouse.bsky.social,Grady Hillhouse,ok,103,0,2025-02-19T16:31:17.847Z,,2026-07-01T16:57:07.040057+00:00
chortle.blog,Greg Nix,ok,425,393,2024-12-06T17:18:53.846Z,,2026-07-01T16:57:07.443933+00:00
gregpalast.bsky.social,Greg Palast,ok,62065,917,2024-11-20T14:46:22.771Z,,2026-07-01T16:57:07.843962+00:00
gregoryfoster.bsky.social,Gregory Foster,ok,338,244,2025-05-28T13:52:21.141Z,,2026-07-01T16:57:08.245540+00:00
hamiltonnolan.bsky.social,Hamilton Nolan,ok,44514,1550,2025-06-19T17:16:57.233Z,,2026-07-01T16:57:08.643193+00:00
hankgreen.bsky.social,Hank Green,ok,846112,3174,2026-01-26T01:02:17.446Z,,2026-07-01T16:57:09.045410+00:00
hannaraskin.bsky.social,Hanna Raskin,ok,584,118,2026-02-26T14:28:05.951Z,,2026-07-01T16:57:09.452767+00:00
hannahritchie.bsky.social,Hannah Ritchie,ok,63930,281,2024-01-20T08:23:15.691Z,,2026-07-01T16:57:09.851798+00:00
hasanminhaj.com,Hasan Minhaj,ok,4204,17,2025-04-18T13:39:28.173Z,,2026-07-01T16:57:10.250848+00:00
hbottemiller.bsky.social,Helena Bottemiller Evich,ok,6542,44,2024-11-20T20:29:14.696Z,,2026-07-01T16:57:10.651428+00:00
hollykorbey.bsky.social,Holly Korbey,ok,3170,284,2024-11-11T23:35:57.702Z,,2026-07-01T16:57:11.052301+00:00
hopeking.bsky.social,Hope King,ok,525,8,2024-10-21T22:28:18.616Z,,2026-07-01T16:57:11.455856+00:00
hugotravers.bsky.social,Hugo Travers,ok,1369,3,2024-11-20T13:50:17.670Z,,2026-07-01T16:57:11.808820+00:00
strannikreb45.bsky.social,Igor Studenkov,ok,17,7,2026-03-26T17:20:40.960Z,,2026-07-01T16:57:12.257101+00:00
imarajones.bsky.social,Imara Jones,ok,13494,571,2025-01-30T15:05:03.244Z,,2026-07-01T16:57:12.655902+00:00
techemails.bsky.social,Internal Tech Emails,ok,8638,93,2024-01-20T05:48:44.168Z,,2026-07-01T16:57:13.057863+00:00
isabelleroughol.com,Isabelle Roughol,ok,1013,818,2026-03-11T16:32:51.754Z,,2026-07-01T16:57:13.478257+00:00
jackschneider.bsky.social,Jack Schneider,ok,3561,410,2024-10-02T01:44:07.310Z,,2026-07-01T16:57:13.850960+00:00
jaycodon.bsky.social,Jacob Donnelly,ok,266,33,2024-11-26T14:36:05.746Z,,2026-07-01T16:57:14.254409+00:00
jacobsimonsays.bsky.social,Jacob Simon,ok,1409,434,2025-02-04T14:47:18.645Z,,2026-07-01T16:57:14.652686+00:00
jaehakim.com,Jae-Ha Kim,ok,2584,1326,2026-04-03T19:44:36.045Z,,2026-07-01T16:57:14.998615+00:00
realjakebroe.bsky.social,Jake Broe,ok,47921,3303,2026-06-30T23:00:19.316Z,,2026-07-01T16:57:15.463020+00:00
jfallows.bsky.social,James Fallows,ok,141583,5536,2025-07-07T18:02:25.632Z,,2026-07-01T16:57:15.877194+00:00
jamiedupree.bsky.social,Jamie Dupree,ok,12841,1362,2026-01-15T18:58:43.824Z,,2026-07-01T16:57:16.222064+00:00
jamisonfoser.bsky.social,Jamison Foser,ok,39387,4438,2026-04-28T15:52:13.157Z,,2026-07-01T16:57:16.661445+00:00
jank0.bsky.social,Janko Roettgers,ok,3054,342,2024-01-20T05:54:15.029Z,,2026-07-01T16:57:17.070483+00:00
laserwars.net,Jared Keller,ok,3979,939,2026-07-01T16:41:37.931Z,,2026-07-01T16:57:17.462421+00:00
jysexton.bsky.social,Jared Yates Sexton,ok,95795,4793,2026-01-26T03:24:35.046Z,,2026-07-01T16:57:17.868256+00:00
jasoncrawford.org,Jason Crawford,ok,2334,167,2024-01-20T05:59:52.242Z,,2026-07-01T16:57:18.234798+00:00
jasondelrey.bsky.social,Jason Del Rey,ok,642,27,2026-02-12T16:01:52.047Z,,2026-07-01T16:57:18.670315+00:00
jathansadowski.com,Jathan Sadowski,ok,7912,576,2025-10-21T23:51:17.250Z,,2026-07-01T16:57:19.068027+00:00
jdshadel.com,JD Shadel,ok,539,1161,2025-08-20T00:50:21.196Z,,2026-07-01T16:57:19.463692+00:00
jeanguerre.bsky.social,Jean Guerrero,ok,1654,8,2026-02-09T19:41:52.345Z,,2026-07-01T16:57:19.868955+00:00
jeffasher.bsky.social,Jeff Asher,ok,5850,9491,2026-04-23T15:30:40.849Z,,2026-07-01T16:57:20.272819+00:00
jeffbenjamin.bsky.social,Jeff Benjamin,ok,1096,566,2025-12-11T19:00:29.124Z,,2026-07-01T16:57:20.672010+00:00
armscontrolwonk.bsky.social,Jeffrey Lewis,ok,18405,856,2025-06-11T15:31:37.641Z,,2026-07-01T16:57:21.068578+00:00
jseglin.bsky.social,Jeffrey Seglin,ok,70,16,2024-02-07T12:30:44.142Z,,2026-07-01T16:57:21.470459+00:00
jenrobertsuk.bsky.social,Jen Roberts,ok,36,3,2024-11-17T13:05:25.936Z,,2026-07-01T16:57:21.874753+00:00
jennbudd.bsky.social,Jenn Budd,ok,1824,1082,2026-06-19T15:49:24.769Z,,2026-07-01T16:57:22.271656+00:00
drjenndowd.bsky.social,Jenn Dowd,ok,8059,1747,2025-05-05T10:11:40.275Z,,2026-07-01T16:57:22.668894+00:00
jenniferberkshire.bsky.social,Jennifer Berkshire,ok,3879,577,2025-10-17T13:12:08.650Z,,2026-07-01T16:57:23.075161+00:00
thebloggess.bsky.social,Jenny Lawson,ok,23856,173,2024-01-20T06:58:37.658Z,,2026-07-01T16:57:23.474347+00:00
jeremyfaust.bsky.social,Jeremy Faust,ok,15651,815,2024-11-15T03:25:32.839Z,,2026-07-01T16:57:23.877733+00:00
klaszus.bsky.social,Jeremy Klaszus,ok,7345,928,2025-05-04T16:23:05.878Z,,2026-07-01T16:57:24.274638+00:00
ncrabbithole.com,Jeremy Markovich,ok,2538,2371,2026-01-18T13:41:51.225Z,,2026-07-01T16:57:24.678710+00:00
jeremybney.bsky.social,Jeremy Ney,ok,534,189,2024-11-22T17:56:45.554Z,,2026-07-01T16:57:25.085355+00:00
jeremyscahill.com,Jeremy Scahill,ok,36289,207,2024-08-31T09:44:41.398Z,,2026-07-01T16:57:25.486153+00:00
jerusalem.bsky.social,Jerusalem Demsas,ok,13965,134,2025-08-24T05:19:07.798Z,,2026-07-01T16:57:25.880996+00:00
jessicadefino.skystack.xyz,Jessica Defino,failed,,,,HTTP 400: Bad Request,2026-07-01T16:57:26.288587+00:00
jesspish.bsky.social,Jessica Pishko,ok,39990,1492,2025-11-13T15:38:10.454Z,,2026-07-01T16:57:26.691280+00:00
jimacosta.bsky.social,Jim Acosta,ok,450130,692,2026-04-19T12:53:34.040Z,,2026-07-01T16:57:27.086549+00:00
jim.londoncentric.media,Jim Waterson,ok,60549,4425,2025-12-16T20:59:44.225Z,,2026-07-01T16:57:27.486681+00:00
jj-mccullough.bsky.social,JJ McCullough,ok,6980,580,2024-11-15T16:03:29.032Z,,2026-07-01T16:57:27.885628+00:00
joedoylemilb.bsky.social,Joe Doyle,ok,3210,733,2026-07-01T14:07:50.944Z,,2026-07-01T16:57:28.289798+00:00
joeposnanski.com,Joe Posnanski,ok,18219,812,2025-05-18T18:36:25.138Z,,2026-07-01T16:57:28.888989+00:00
joerogantop.bsky.social,Joe Rogan,ok,7942,10,2024-01-20T09:01:45.029Z,,2026-07-01T16:57:29.298319+00:00
socalwaterwars.bsky.social,John Earl,ok,405,287,2025-04-13T05:28:14.772Z,,2026-07-01T16:57:29.697850+00:00
gruber.foo,John Gruber,ok,53875,1009,2025-11-07T17:38:55.252Z,,2026-07-01T16:57:30.090662+00:00
johniadarola.bsky.social,John Iadarola,ok,34738,731,2024-11-13T15:01:37.579Z,,2026-07-01T16:57:30.508220+00:00
jonbois.bsky.social,Jon Bois,ok,339803,2527,2026-04-07T04:01:11.854Z,,2026-07-01T16:57:30.892137+00:00
jonathanlarsen.bsky.social,Jonathan Larsen,ok,8751,1310,2026-05-23T02:42:14.458Z,,2026-07-01T16:57:31.290964+00:00
jonathanmacri.bsky.social,Jonathan Macri,ok,9958,600,2025-12-17T13:37:28.026Z,,2026-07-01T16:57:31.896667+00:00
jonnelledge.bsky.social,Jonn Elledge,ok,53880,19902,2026-05-08T09:15:35.363Z,,2026-07-01T16:57:32.299013+00:00
jordanschneider.bsky.social,Jordan Schneider,ok,817,186,2024-12-06T13:54:56.044Z,,2026-07-01T16:57:32.694776+00:00
jordanuhl.com,Jordan Uhl,ok,106049,2514,2026-04-01T19:17:24.747Z,,2026-07-01T16:57:33.096861+00:00
jorgerh2o.bsky.social,Jorge Ramos,ok,1391,50,2025-08-14T15:52:33.298Z,,2026-07-01T16:57:33.495170+00:00
joshuadairen.bsky.social,Joshua Dairen,ok,478,73,2024-11-12T15:23:22.612Z,,2026-07-01T16:57:33.897721+00:00
joycevance.bsky.social,Joyce Vance,ok,70377,7,2024-12-04T00:38:35.953Z,,2026-07-01T16:57:34.291763+00:00
bartona104.bsky.social,Julia Barton,ok,2828,14882,2026-07-01T14:43:56.122Z,,2026-07-01T16:57:34.697419+00:00
juliaccarpenter.bsky.social,Julia Carpenter,ok,174,10,2025-06-23T18:28:58.031Z,,2026-07-01T16:57:35.093839+00:00
julieroys.bsky.social,Julie Roys,failed,,,,HTTP 400: Bad Request,2026-07-01T16:57:35.493737+00:00
julievickwriter.bsky.social,Julie Vick,ok,5202,286,2025-12-19T02:24:05.229Z,,2026-07-01T16:57:35.894698+00:00
justingerdes.bsky.social,Justin Gerdes,ok,7685,2031,2026-07-01T15:22:34.416Z,,2026-07-01T16:57:36.301387+00:00
kakape.bsky.social,Kai Kupferschmidt,ok,36562,1590,2026-05-23T06:46:07.965Z,,2026-07-01T16:57:36.708740+00:00
karenattiah.bsky.social,Karen Attiah,ok,168387,7953,2026-06-21T18:30:32.560Z,,2026-07-01T16:57:37.108093+00:00
karlbode.com,Karl Bode,ok,77297,39380,2026-05-11T18:42:06.274Z,,2026-07-01T16:57:37.521276+00:00
katemanne.bsky.social,Kate Manne,ok,11312,244,2024-11-07T17:07:32.782Z,,2026-07-01T16:57:37.915275+00:00
bgirledukate.bsky.social,Kate Morrissey,ok,2510,183,2024-12-12T01:22:09.442Z,,2026-07-01T16:57:38.302657+00:00
kwoodsome.bsky.social,Kate Woodsome,ok,192,72,2025-11-25T17:25:10.125Z,,2026-07-01T16:57:38.704710+00:00
katelynburns.com,Katelyn Burns,ok,92876,19284,2026-06-28T15:08:08.665Z,,2026-07-01T16:57:39.105793+00:00
katharinehayhoe.com,Katharine Hayhoe,ok,148345,9884,2026-03-11T01:29:58.255Z,,2026-07-01T16:57:39.507539+00:00
katiecouric.bsky.social,Katie Couric,ok,29946,139,2025-04-22T13:42:15.176Z,,2026-07-01T16:57:39.908773+00:00
katieharbath.bsky.social,Katie Harbath,ok,5700,204,2025-01-29T00:06:14.144Z,,2026-07-01T16:57:40.304843+00:00
keithedwards.bsky.social,Keith Edwards,ok,258768,2449,2026-06-04T19:33:08.357Z,,2026-07-01T16:57:40.703578+00:00
kenklippenstein.bsky.social,Ken Klippenstein,ok,294564,3299,2025-01-28T16:12:00.846Z,,2026-07-01T16:57:41.106274+00:00
kimiversen.bsky.social,Kim Iversen,ok,140,3,2025-02-25T04:09:34.245Z,,2026-07-01T16:57:41.506783+00:00
kimzetter.bsky.social,Kim Zetter,ok,19925,922,2026-04-27T19:48:42.940Z,,2026-07-01T16:57:41.912750+00:00
kmpanthagani.bsky.social,Kristen Panthagani,ok,9868,215,2025-05-15T20:51:51.440Z,,2026-07-01T16:57:42.309278+00:00
krystalball.bsky.social,Krystal Ball,ok,23052,74,2024-12-01T12:53:41.346Z,,2026-07-01T16:57:42.709868+00:00
khill.bsky.social,Kyle Hill,ok,14814,96,2026-06-26T04:31:49.170Z,,2026-07-01T16:57:43.315679+00:00
laurarbelin.bsky.social,Laura Belin,ok,8721,5813,2025-12-27T13:47:53.225Z,,2026-07-01T16:57:43.715244+00:00
leefang.bsky.social,Lee Fang,ok,2345,2,2024-01-20T05:53:53.115Z,,2026-07-01T16:57:44.115419+00:00
leejamiller.bsky.social,Leeja Miller,ok,21977,32,2025-01-07T18:24:31.344Z,,2026-07-01T16:57:44.512394+00:00
liahaberman.bsky.social,Lia Haberman,ok,740,113,2024-11-21T17:42:56.973Z,,2026-07-01T16:57:44.922337+00:00
linalecaro.bsky.social,Lina Lecaro,ok,280,14,2024-11-20T20:36:09.906Z,,2026-07-01T16:57:45.322262+00:00
lindsaygibbs.bsky.social,Lindsay Gibbs,ok,6227,1234,2025-10-09T00:47:36.249Z,,2026-07-01T16:57:45.854306+00:00
lisabennettwrites.bsky.social,Lisa Bennett,ok,53,6,2025-03-19T01:03:32.148Z,,2026-07-01T16:57:46.321640+00:00
louiewoodall.bsky.social,Louie Woodall,ok,603,350,2026-03-06T19:28:53.148Z,,2026-07-01T16:57:46.725109+00:00
louisrossmann.bsky.social,Louis Rossmann,ok,212,4,2025-02-28T10:55:26.746Z,,2026-07-01T16:57:47.122329+00:00
lucasamin.bsky.social,Lucas Amin,ok,547,7,2024-11-18T17:48:50.547Z,,2026-07-01T16:57:47.523880+00:00
mnolangray.bsky.social,M. Nolan Gray,ok,21997,4122,2026-05-18T06:27:24.155Z,,2026-07-01T16:57:47.936086+00:00
mgsiegler.com,M.G. Siegler,ok,7314,1413,2026-05-14T07:05:58.568Z,,2026-07-01T16:57:48.618869+00:00
midimyers.com,Maddy Myers,ok,21826,6660,2026-01-09T20:17:11.725Z,,2026-07-01T16:57:49.129197+00:00
madelinehill.bsky.social,Madeline Hill,ok,1534,58,2025-08-05T15:15:55.397Z,,2026-07-01T16:57:49.490577+00:00
marcruby.bsky.social,Marc Rubinstein,ok,514,5,2025-06-26T16:22:59.633Z,,2026-07-01T16:57:49.932580+00:00
sulliview.bsky.social,Margaret Sullivan,ok,128653,395,2025-12-30T16:48:06.026Z,,2026-07-01T16:57:50.324610+00:00
mnlimas.bsky.social,Marianna Limas,ok,2577,41,2025-07-27T10:29:08.097Z,,2026-07-01T16:57:50.726870+00:00
mariannedhe.bsky.social,Marianne Dhenin,ok,13327,2626,2026-05-19T13:26:35.666Z,,2026-07-01T16:57:51.147262+00:00
marionnestle.bsky.social,Marion Nestle,ok,1050,312,2025-06-26T15:18:03.533Z,,2026-07-01T16:57:51.533794+00:00
markhertling.bsky.social,Mark Hertling,ok,110815,1371,2026-06-21T12:34:49.961Z,,2026-07-01T16:57:51.932662+00:00
markjacob.bsky.social,Mark Jacob,ok,111274,8596,2026-05-13T21:08:20.664Z,,2026-07-01T16:57:52.338612+00:00
marksimon.bsky.social,Mark Simon,ok,6169,952,2025-05-24T15:35:20.441Z,,2026-07-01T16:57:52.733224+00:00
markzuckerman.bsky.social,Mark Zuckerman,ok,5020,2506,2026-02-16T22:33:51.648Z,,2026-07-01T16:57:53.130715+00:00
mattbinder.bsky.social,Matt Binder,ok,126672,928,2025-02-10T21:46:45.743Z,,2026-07-01T16:57:53.539919+00:00
mattcameron.bsky.social,Matt Cameron,ok,16997,3248,2026-06-24T04:38:16.562Z,,2026-07-01T16:57:53.937621+00:00
mattferrell.bsky.social,Matt Ferrell,ok,873,272,2026-03-19T02:38:07.448Z,,2026-07-01T16:57:54.338943+00:00
mattdpearce.com,Matt Pearce,ok,55730,2033,2025-12-17T18:32:37.324Z,,2026-07-01T16:57:54.746225+00:00
meghanmccarthy.bsky.social,Meghan McCarthy,ok,7511,207,2025-01-25T03:48:01.343Z,,2026-07-01T16:57:55.148936+00:00
meghanncuniff.bsky.social,Meghann Cuniff,ok,29287,1289,2024-01-20T05:47:01.124Z,,2026-07-01T16:57:55.541339+00:00
melbuer.bsky.social,Mel Buer,ok,27107,7806,2026-06-16T16:06:13.165Z,,2026-07-01T16:57:55.944351+00:00
mdelbosque.bsky.social,Melissa del Bosque,ok,1255,72,2026-05-06T21:44:19.664Z,,2026-07-01T16:57:56.340267+00:00
meredithsell.bsky.social,Meredith Sell,ok,126,100,2026-05-08T18:41:35.870Z,,2026-07-01T16:57:56.744306+00:00
michael-thomas.bsky.social,Michael Thomas,ok,4733,433,2025-03-10T15:13:19.643Z,,2026-07-01T16:57:57.090956+00:00
michaelwolffnyc.bsky.social,Michael Wolff,ok,5507,27,2025-03-24T20:12:03.642Z,,2026-07-01T16:57:57.548887+00:00
msignorile.bsky.social,Michelangelo Signorile,ok,69754,3839,2026-06-29T15:15:04.979Z,,2026-07-01T16:57:57.944168+00:00
warinthefuture.bsky.social,Mick Ryan,ok,57582,2025,2026-05-09T22:03:00.257Z,,2026-07-01T16:57:58.341233+00:00
mikebutcher.bsky.social,Mike Butcher,ok,12738,468,2025-10-08T22:26:49.950Z,,2026-07-01T16:57:58.745982+00:00
mikeelgan.bsky.social,Mike Elgan,ok,8812,4082,2026-06-15T20:39:56.574Z,,2026-07-01T16:57:59.146317+00:00
mikeelk.bsky.social,Mike Elk,ok,5363,3613,2026-05-23T02:54:47.157Z,,2026-07-01T16:57:59.546025+00:00
mikeshanahan.bsky.social,Mike Shanahan,ok,1754,365,2025-12-04T16:22:16.525Z,,2026-07-01T16:57:59.944478+00:00
mims.bsky.social,MIMS,ok,38119,5606,2026-06-21T19:36:54.256Z,,2026-07-01T16:58:00.298484+00:00
mirandagreen.bsky.social,Miranda Green,ok,1165,110,2025-09-03T19:54:42.098Z,,2026-07-01T16:58:00.726759+00:00
mollytolsky.bsky.social,Molly Tolsky,ok,174,0,2024-01-20T06:02:19.578Z,,2026-07-01T16:58:01.148050+00:00
molly.wiki,Molly White,ok,236963,6741,2026-06-18T18:22:33.867Z,,2026-07-01T16:58:01.505177+00:00
monachalabi.bsky.social,Mona Chalabi,ok,545,3,2025-02-07T07:57:23.944Z,,2026-07-01T16:58:01.847181+00:00
natwexler.bsky.social,Natalie Wexler,ok,1477,60,2025-02-03T15:52:12.645Z,,2026-07-01T16:58:02.195927+00:00
antinatesilver.bsky.social,Nate Silver,ok,1254,47,2024-01-20T05:49:47.499Z,,2026-07-01T16:58:02.554037+00:00
flowingdata.com,Nathan Yau,ok,6999,245,2026-04-29T17:00:31.671Z,,2026-07-01T16:58:02.899158+00:00
nickparish.bsky.social,Nick Parish,ok,690,1167,2026-05-06T18:01:25.460Z,,2026-07-01T16:58:03.267532+00:00
normeisen.bsky.social,Norm Eisen,ok,243304,1657,2025-10-31T13:10:03.552Z,,2026-07-01T16:58:03.619424+00:00
normanoder.bsky.social,Norman Oder,ok,2826,515,2024-11-15T00:47:47.540Z,,2026-07-01T16:58:03.961476+00:00
owenjones.bsky.social,Owen Jones,ok,124742,1450,2026-03-30T18:22:53.059Z,,2026-07-01T16:58:04.313065+00:00
parismarx.com,Paris Marx,ok,81464,6758,2026-06-18T16:01:48.265Z,,2026-07-01T16:58:04.666605+00:00
pboyle.bsky.social,Patrick Boyle,ok,3357,179,2024-01-20T05:56:15.922Z,,2026-07-01T16:58:05.009630+00:00
dogfoodstudios.bsky.social,Patrick McNamara,ok,266,1232,2025-11-29T19:07:35.425Z,,2026-07-01T16:58:05.367049+00:00
paulfain.bsky.social,Paul Fain,ok,164,20,2024-11-26T17:28:46.247Z,,2026-07-01T16:58:05.714790+00:00
pkrugman.bsky.social,Paul Krugman,ok,315661,22290,2026-02-23T09:32:17.250Z,,2026-07-01T16:58:06.067125+00:00
pauloffit.bsky.social,Paul Offit,ok,13869,237,2024-03-07T15:48:58.683Z,,2026-07-01T16:58:06.409083+00:00
pwbeck.bsky.social,Peter Beck,ok,324,3,2026-04-06T22:02:53.351Z,,2026-07-01T16:58:06.769188+00:00
petergeoghegan.bsky.social,Peter Geoghegan,ok,66948,3141,2025-12-14T21:16:36.324Z,,2026-07-01T16:58:07.119714+00:00
palan57.bsky.social,Peter Greene,ok,2338,2317,2025-01-03T14:25:38.143Z,,2026-07-01T16:58:07.482567+00:00
pjvogt.bsky.social,PJ Vogt,ok,7331,69,2025-09-20T19:01:23.898Z,,2026-07-01T16:58:07.843216+00:00
premthakker.bsky.social,Prem Thakker,ok,61716,2375,2025-12-03T20:43:26.224Z,,2026-07-01T16:58:08.202012+00:00
pritipatnaik.bsky.social,Priti Patnaik,ok,107,111,2026-03-17T13:07:12.351Z,,2026-07-01T16:58:08.558404+00:00
racheldonald.bsky.social,Rachel Donald,ok,17653,314,2026-06-20T17:26:24.667Z,,2026-07-01T16:58:08.918166+00:00
radleybalko.bsky.social,Radley Balko,ok,106403,5531,2026-06-29T01:19:08.667Z,,2026-07-01T16:58:09.310614+00:00
raelynroberson.bsky.social,Raelyn Roberson,ok,29,8,2025-05-21T20:19:02.240Z,,2026-07-01T16:58:09.671934+00:00
raquelwillis.com,Raquel Willis,ok,29555,696,2026-02-21T23:15:42.450Z,,2026-07-01T16:58:10.016735+00:00
rebeccanagle.bsky.social,Rebecca Nagle,ok,12132,1378,2026-06-22T15:46:41.959Z,,2026-07-01T16:58:10.367427+00:00
legalethics.bsky.social,Renee Knake Jefferson,ok,2082,31,2026-02-26T23:46:18.255Z,,2026-07-01T16:58:10.730406+00:00
reywrites.bsky.social,Rey Katz,failed,,,,HTTP 400: Bad Request,2026-07-01T16:58:11.078374+00:00
rilaws.bsky.social,Richard Lawson,ok,11707,831,2026-02-17T12:36:30.645Z,,2026-07-01T16:58:11.433527+00:00
toomuchtv.substack.com,Rick Ellis,failed,,,,HTTP 400: Bad Request,2026-07-01T16:58:11.788065+00:00
rickhasen.bsky.social,Rick Hasen,ok,66988,5308,2025-09-30T15:50:15.647Z,,2026-07-01T16:58:12.172377+00:00
robertkelchen.com,Robert Kelchen,ok,6104,4556,2025-09-23T20:41:35.798Z,,2026-07-01T16:58:12.533169+00:00
rogerseheult.bsky.social,Roger Seheult,ok,425,33,2024-11-13T07:54:40.884Z,,2026-07-01T16:58:12.887176+00:00
roncharles.bsky.social,Ron Charles,ok,4468,389,2026-02-09T20:06:21.646Z,,2026-07-01T16:58:13.292858+00:00
mododibere.bsky.social,Rose Thomas Bannister,ok,63,20,2025-01-08T22:34:40.743Z,,2026-07-01T16:58:13.633961+00:00
rowancheung.bsky.social,Rowan Cheung,ok,2710,0,2024-11-20T01:56:50.770Z,,2026-07-01T16:58:13.989197+00:00
rusty.todayintabs.com,Rusty Foster,ok,16740,8473,2026-06-06T03:04:06.261Z,,2026-07-01T16:58:14.342839+00:00
ruthbenghiat.bsky.social,Ruth Ben-Ghiat,ok,314717,428,2025-09-19T00:50:22.497Z,,2026-07-01T16:58:14.719767+00:00
ryanflinn.bsky.social,Ryan Flinn,ok,635,174,2025-12-21T15:56:46.425Z,,2026-07-01T16:58:15.086969+00:00
rgoodlaw.bsky.social,Ryan Goodman,ok,224524,2053,2026-05-06T18:54:29.861Z,,2026-07-01T16:58:15.452318+00:00
ryangrim.bsky.social,Ryan Grim,ok,59093,2283,2026-06-15T16:16:51.318Z,,2026-07-01T16:58:15.824960+00:00
ryan-holiday.bsky.social,Ryan Holiday,ok,5613,272,2025-09-12T00:03:40.299Z,,2026-07-01T16:58:16.178211+00:00
ryanmcbeth.bsky.social,Ryan McBeth,ok,22503,866,2025-11-13T04:48:27.352Z,,2026-07-01T16:58:16.531003+00:00
ryansutton.bsky.social,Ryan Sutton,ok,26210,239,2025-11-13T05:05:51.852Z,,2026-07-01T16:58:16.904429+00:00
ryanwelton.bsky.social,Ryan Welton,ok,50,9,2025-11-24T13:31:40.525Z,,2026-07-01T16:58:17.289921+00:00
esaagar.bsky.social,Saagar Enjeti,ok,3054,1,2024-01-20T05:51:02.951Z,,2026-07-01T16:58:17.640894+00:00
tker.co,Sam Ro,ok,45638,1298,2026-06-23T15:50:07.558Z,,2026-07-01T16:58:18.001739+00:00
samsanders.bsky.social,Sam Sanders,ok,19464,318,2026-03-20T23:18:35.151Z,,2026-07-01T16:58:18.346325+00:00
sarahmock.bsky.social,Sarah Mock,ok,127,88,2025-01-22T15:39:26.242Z,,2026-07-01T16:58:18.697829+00:00
saribotton.bsky.social,Sari Botton,ok,5714,613,2026-06-01T18:30:41.957Z,,2026-07-01T16:58:19.056605+00:00
saulwilliams.bsky.social,Saul,ok,7293,43,2024-08-31T01:27:21.028Z,,2026-07-01T16:58:19.419905+00:00
scottbraddock.bsky.social,Scott Braddock,ok,3337,221,2026-05-30T00:37:34.960Z,,2026-07-01T16:58:19.781144+00:00
acatwithnews.bsky.social,Sean Beckner-Carmitchel,ok,23164,1647,2026-06-23T16:04:20.961Z,,2026-07-01T16:58:20.136742+00:00
highkin.bsky.social,Sean Highkin,ok,16746,1386,2026-06-25T04:00:53.771Z,,2026-07-01T16:58:20.504434+00:00
sethgodin.bsky.social,Seth Godin,ok,4820,663,2024-02-09T21:23:18.369Z,,2026-07-01T16:58:20.850105+00:00
shamjaff.bsky.social,Sham Jaff,ok,4218,669,2026-06-07T18:27:56.864Z,,2026-07-01T16:58:21.204944+00:00
shkleiber.bsky.social,Shannon Henry Kleiber,ok,99,17,2025-09-28T15:31:35.447Z,,2026-07-01T16:58:21.556914+00:00
simonowens.bsky.social,Simon Owens,ok,2268,3779,2024-01-20T05:48:48.177Z,,2026-07-01T16:58:21.916667+00:00
attackerman.bsky.social,Spencer Ackerman,ok,89533,2855,2025-09-02T20:47:26.198Z,,2026-07-01T16:58:22.269780+00:00
sreenet.bsky.social,Sree Sreenivasan,ok,764,22,2025-01-03T03:48:50.242Z,,2026-07-01T16:58:22.627111+00:00
smizznit.bsky.social,Stephen Smysnuik,ok,9,3,2025-09-02T23:57:27.299Z,,2026-07-01T16:58:22.996078+00:00
matteomedia.bsky.social,Steve Matteo,ok,262,161,2025-06-17T19:24:12.241Z,,2026-07-01T16:58:23.342964+00:00
stevemould-ytbot.bsky.social,Steve Mould,ok,91,42,2025-01-07T16:03:10.943Z,,2026-07-01T16:58:23.767411+00:00
stevevladeck.bsky.social,Steve Vladeck,ok,250251,3425,2025-08-04T10:36:42.199Z,,2026-07-01T16:58:24.131036+00:00
kianpourworld.bsky.social,Suzanne Kianpour,ok,125,43,2025-11-17T13:56:53.752Z,,2026-07-01T16:58:24.614868+00:00
politicalwire.com,Taegan Goddard,ok,13845,4749,2024-01-20T05:48:52.459Z,,2026-07-01T16:58:25.002712+00:00
taliajane.bsky.social,Talia Jane,ok,57279,14597,2026-06-13T11:53:32.256Z,,2026-07-01T16:58:25.363011+00:00
tarapalmeri.bsky.social,Tara Palmeri,ok,15316,1664,2026-05-21T22:00:04.260Z,,2026-07-01T16:58:25.735446+00:00
theolloydhughes.bsky.social,Theo Lloyd-Hughes,ok,5256,2810,2026-03-15T14:47:57.252Z,,2026-07-01T16:58:26.102794+00:00
thomaszimmer.bsky.social,Thomas Zimmer,ok,85468,8559,2026-06-29T19:51:07.819Z,,2026-07-01T16:58:26.479034+00:00
timothysnyder.bsky.social,Timothy Snyder,ok,483752,1708,2025-06-12T19:32:16.340Z,,2026-07-01T16:58:26.825792+00:00
tinabrownlm.bsky.social,Tina Brown,ok,1813,121,2025-04-08T14:32:57.079Z,,2026-07-01T16:58:27.180670+00:00
lawdroid.bsky.social,Tom Martin,ok,174,515,2026-06-10T21:54:04.056Z,,2026-07-01T16:58:27.535616+00:00
tommytomlinson.bsky.social,Tommy Tomlinson,ok,1550,1725,2025-08-01T22:29:25.798Z,,2026-07-01T16:58:27.891960+00:00
iamtrevormay.bsky.social,Trevor May,ok,3103,31,2025-08-02T15:20:42.898Z,,2026-07-01T16:58:28.266455+00:00
tyburr.bsky.social,Ty Burr,ok,12504,2083,2026-04-21T22:09:05.848Z,,2026-07-01T16:58:28.636150+00:00
tydunne.bsky.social,Tyler Dunne,ok,2949,1235,2025-12-29T13:37:29.226Z,,2026-07-01T16:58:29.081807+00:00
vanessa-armstrong.com,Vanessa Armstrong,ok,1230,329,2026-04-24T13:47:08.242Z,,2026-07-01T16:58:29.451271+00:00
vincebeiser.bsky.social,Vince Beiser,ok,362,181,2024-11-19T02:50:52.504Z,,2026-07-01T16:58:29.831059+00:00
virginiasolesmith.bsky.social,Virginia Sole-Smith,ok,348,52,2026-02-02T22:33:57.145Z,,2026-07-01T16:58:30.234084+00:00
vladvexler.bsky.social,Vlad Vexler,ok,10779,1012,2024-11-21T21:58:44.473Z,,2026-07-01T16:58:30.588337+00:00
walthickey.bsky.social,Walter Hickey,ok,2810,1150,2025-10-07T03:53:34.453Z,,2026-07-01T16:58:30.944810+00:00
wendellpotter.bsky.social,Wendell Potter,ok,231,0,2025-03-04T22:15:58.144Z,,2026-07-01T16:58:31.300867+00:00
whitneybauck.bsky.social,Whitney Bauck,ok,7042,419,2026-04-03T15:11:56.046Z,,2026-07-01T16:58:31.698329+00:00
gametheory101.bsky.social,William Spaniel,ok,2567,395,2025-09-15T18:23:43.699Z,,2026-07-01T16:58:32.050297+00:00
yonahfreemark.com,Yonah Freemark,ok,29899,19875,2026-06-04T19:52:13.263Z,,2026-07-01T16:58:32.407236+00:00
yonigre.bsky.social,Yoni Greenbaum,ok,201,130,2025-09-21T16:14:05.899Z,,2026-07-01T16:58:32.749668+00:00
yoweishaw.bsky.social,Yowei Shaw,ok,47,62,2025-07-26T15:54:31.198Z,,2026-07-01T16:58:33.116771+00:00
yuliadenisyuk.bsky.social,Yulia Denisyuk,ok,49,7,2025-08-11T16:56:35.298Z,,2026-07-01T16:58:33.472229+00:00
hausfath.bsky.social,Zeke Hausfather,ok,40409,2584,2026-02-09T18:15:31.946Z,,2026-07-01T16:58:33.820226+00:00
zerlinamaxwell.bsky.social,Zerlina Maxwell,ok,14735,177,2025-03-07T18:22:05.341Z,,2026-07-01T16:58:34.181442+00:00
zoehhannah.com,Zoë Hannah,ok,4219,1174,2026-06-13T17:23:53.763Z,,2026-07-01T16:58:34.522109+00:00
alexgonzor.bsky.social,Alex González Ormerod,ok,248,26,2024-11-17T19:57:04.649Z,,2026-07-01T16:58:34.874473+00:00
ari-shapiro.bsky.social,Ari Shapiro,ok,9247,3,2024-11-26T18:39:56.845Z,,2026-07-01T16:58:35.215258+00:00
newsberg.org.bsky.social,Branden Andersen,failed,,,,HTTP 400: Bad Request,2026-07-01T16:58:35.558651+00:00
chashundley.bsky.social,Chas Hundley,ok,465,301,2026-05-18T22:54:48.663Z,,2026-07-01T16:58:35.931191+00:00
clarasoteras.com,Clara Soteras,ok,253,68,2024-11-20T15:45:19.770Z,,2026-07-01T16:58:36.290354+00:00
craigmod.com,Craig Mod,ok,7258,804,2025-03-28T20:39:12.293Z,,2026-07-01T16:58:36.635576+00:00
davecantor.bsky.social,Dave Cantor,ok,113,0,2026-05-31T21:56:56.468Z,,2026-07-01T16:58:37.002468+00:00
drbecky.bsky.social,Dr. Becky Smethurst,ok,12196,24,2025-01-10T19:40:23.444Z,,2026-07-01T16:58:37.359482+00:00
garnethenderson.com,Garnet Henderson,ok,10738,2469,2026-04-01T16:49:41.259Z,,2026-07-01T16:58:37.708359+00:00
granthermes.bsky.social,Grant Hermes,ok,238,269,2026-03-04T23:25:59.851Z,,2026-07-01T16:58:38.066318+00:00
jeanmassiet.bsky.social,Jean Massiet,ok,37825,1034,2026-03-14T21:55:41.249Z,,2026-07-01T16:58:38.413356+00:00
jeffreybellone.bsky.social,Jeffrey Bellone,ok,296,7,2024-11-22T01:37:06.453Z,,2026-07-01T16:58:38.769484+00:00
jsvine.com,Jeremy Singer-Vine,ok,1335,0,2024-01-20T06:03:22.879Z,,2026-07-01T16:58:39.123855+00:00
jessebrown.bsky.social,Jesse Brown,ok,7261,345,2025-02-04T20:47:31.844Z,,2026-07-01T16:58:39.480437+00:00
joeyneverjoe.bsky.social,Joey Scott,ok,8981,3765,2026-01-26T16:54:35.946Z,,2026-07-01T16:58:39.832071+00:00
kimkelly.bsky.social,Kim Kelly,ok,112535,8753,2026-06-27T16:24:11.463Z,,2026-07-01T16:58:40.203023+00:00
leahsottile.bsky.social,Leah Sottile,ok,14576,1102,2026-04-22T15:43:27.351Z,,2026-07-01T16:58:40.537751+00:00
mabelkabani.bsky.social,Mabel Kabani,ok,21,1,2024-11-22T22:20:16.054Z,,2026-07-01T16:58:40.897605+00:00
maliayoshioka.bsky.social,Malia Yoshioka,ok,95,10,2025-02-14T13:22:05.244Z,,2026-07-01T16:58:41.255043+00:00
marielgarza.bsky.social,Mariel Garza,ok,648,253,2025-11-13T00:43:48.650Z,,2026-07-01T16:58:41.602218+00:00
mayahiga.bsky.social,Maya Higa,ok,55,0,2026-05-15T00:17:33.060Z,,2026-07-01T16:58:41.973518+00:00
mwriston.bsky.social,Michael Wriston,ok,2698,1306,2026-06-13T22:46:03.064Z,,2026-07-01T16:58:42.327421+00:00
nikatalbot.bsky.social,Nika Talbot,ok,259,95,2026-06-25T10:47:59.163Z,,2026-07-01T16:58:42.689265+00:00
sollenbergerrc.bsky.social,Roger Sollenberger,ok,11264,986,2025-04-14T07:06:37.673Z,,2026-07-01T16:58:43.041348+00:00
ryanjhaas.bsky.social,Ryan Haas,ok,6928,1408,2026-02-12T17:00:12.247Z,,2026-07-01T16:58:43.491075+00:00
susanrinkunas.com,Susan Rinkunas,ok,53444,11659,2026-06-17T15:36:27.966Z,,2026-07-01T16:58:43.969987+00:00
puddingviz.bsky.social,The Pudding,failed,,,,HTTP 400: Bad Request,2026-07-01T16:58:44.326870+00:00
vevalenz.bsky.social,Victoria Elena Valenzuela,ok,90,16,2025-10-27T17:29:55.952Z,,2026-07-01T16:58:44.685564+00:00
brianhansbury.bsky.social,Brian Hansbury,ok,1034,1103,2025-04-01T03:22:32.896Z,,2026-07-01T16:58:45.044330+00:00
tomsietsema.bsky.social,Tom Sietsema,ok,1021,18,2024-11-27T01:28:35.645Z,,2026-07-01T16:58:45.401279+00:00
annafifield.bsky.social,Anna Fifield,ok,461,10,2026-03-23T20:15:34.148Z,,2026-07-01T16:58:45.755361+00:00
lizcarlsonart.bsky.social,Liz Carlson,ok,48,9,2025-01-13T19:39:50.543Z,,2026-07-01T16:58:46.108558+00:00
thgoetz.bsky.social,Thomas Goetz,ok,164,35,2024-11-24T22:29:34.547Z,,2026-07-01T16:58:46.458670+00:00
brandonmichew.bsky.social,Brandon Chew,ok,41,30,2026-04-28T03:46:11.544Z,,2026-07-01T16:58:46.815949+00:00
alexip718.com,Alex Ip,ok,17294,10906,2026-05-29T03:17:51.463Z,,2026-07-01T16:58:47.173266+00:00
agoldnerd.bsky.social,Alex Goldman,ok,496,615,2024-11-17T14:27:20.152Z,,2026-07-01T16:58:47.562928+00:00
sarayasin.bsky.social,Sara Yasin,ok,732,43,2026-03-12T01:14:05.048Z,,2026-07-01T16:58:47.929550+00:00
gbrockell.bsky.social,Gillian Brockell,failed,,,,HTTP 400: Bad Request,2026-07-01T16:58:48.296703+00:00
robertpjones.bsky.social,Robert P. Jones,ok,42245,418,2026-02-16T22:26:06.248Z,,2026-07-01T16:58:48.651069+00:00
jemartisby.skystack.xyz,Jemar Tisby,ok,72,89,2025-11-24T19:42:37.525Z,,2026-07-01T16:58:49.026206+00:00
antheabutler.bsky.social,Anthea Butler,ok,73892,2549,2026-01-26T03:06:58.345Z,,2026-07-01T16:58:49.388833+00:00
sarahposner.bsky.social,Sarah Posner,ok,80662,10976,2026-05-20T12:55:29.761Z,,2026-07-01T16:58:49.764769+00:00
katherinestewart.bsky.social,Katherine Stewart,ok,13237,816,2026-06-22T07:11:31.459Z,,2026-07-01T16:58:50.115008+00:00
brchastain.social,Blake Chastain,ok,4644,1508,2026-02-25T15:46:24.447Z,,2026-07-01T16:58:50.472389+00:00
angeladenker.bsky.social,Angela Denker,ok,13089,2501,2025-09-30T20:10:32.253Z,,2026-07-01T16:58:50.814984+00:00
sarahmccammon.bsky.social,Sarah McCammon,ok,10873,82,2026-05-14T11:55:45.457Z,,2026-07-01T16:58:51.167835+00:00
profsamperry.bsky.social,Samuel Perry,ok,5933,741,2026-06-16T12:40:06.367Z,,2026-07-01T16:58:51.527025+00:00
bethallisonbarr.bsky.social,Beth Allison Barr,ok,7510,480,2025-03-30T21:00:50.894Z,,2026-07-01T16:58:51.903119+00:00
mikecosper.bsky.social,Mike Cosper,ok,945,14,2024-11-25T19:16:31.144Z,,2026-07-01T16:58:52.377150+00:00
preetbharara.bsky.social,Preet Bharara,ok,75108,97,2024-11-16T12:56:57.871Z,,2026-07-01T16:58:52.787717+00:00
akhilreedamar.bsky.social,Akhil Reed Amar,ok,41,0,2025-08-24T02:48:17.697Z,,2026-07-01T16:58:53.157103+00:00
imanibarbarin.bsky.social,Imani Barbarin,ok,68521,319,2025-11-13T19:11:05.255Z,,2026-07-01T16:58:53.509299+00:00
matthewcort.land,Matthew Cortland,ok,32323,4976,2026-06-10T16:36:21.972Z,,2026-07-01T16:58:53.866811+00:00
apulrang.bsky.social,Andrew Pulrang,ok,4547,1136,2025-02-21T17:31:20.444Z,,2026-07-01T16:58:54.239789+00:00
cgbryant.bsky.social,Christian Bryant,ok,54,71,2025-04-09T15:25:00.074Z,,2026-07-01T16:58:54.596859+00:00
joepojr.bsky.social,Joe Polito,ok,272,83,2024-12-06T18:37:37.447Z,,2026-07-01T16:58:54.947627+00:00
seanhammond.bsky.social,Sean Hammond,ok,1527,2079,2026-06-18T15:49:24.275Z,,2026-07-01T16:58:55.305579+00:00
garthgreenwell.bsky.social,Garth Greenwell,ok,11894,457,2025-08-22T18:27:45.399Z,,2026-07-01T16:58:55.666998+00:00
robinsonmeyer.bsky.social,Robinson Meyer,ok,44809,3490,2026-04-27T16:06:00.649Z,,2026-07-01T16:58:56.012201+00:00
kh6jrm.bsky.social,Russ Roberts,ok,4,2,2026-03-04T00:27:44.463Z,,2026-07-01T16:58:56.390146+00:00
skandaamarnath.bsky.social,Skanda Amarnath,ok,17064,769,2024-12-01T06:19:06.646Z,,2026-07-01T16:58:58.687332+00:00
aleach.ca,Andrew Leach,ok,10389,242,2024-11-15T20:01:14.129Z,,2026-07-01T16:58:59.212375+00:00
brittwray.bsky.social,Britt Wray,ok,780,46,2025-07-07T12:58:01.733Z,,2026-07-01T16:58:59.573128+00:00
kingsmillbond.bsky.social,Kingsmill Bond,ok,577,6,2025-02-05T17:10:05.545Z,,2026-07-01T16:58:59.973251+00:00
leahstokes.bsky.social,Leah Stokes,ok,63318,920,2026-06-23T15:23:52.270Z,,2026-07-01T16:59:00.382039+00:00
toddzilla72.bsky.social,Todd Moss,ok,148,29,2025-04-16T03:54:00.074Z,,2026-07-01T16:59:00.774296+00:00
betsyladyzhets.bsky.social,Betsy Ladyzhets,ok,9658,929,2025-08-13T04:23:44.100Z,,2026-07-01T16:59:01.126886+00:00
ccriadoperez.bsky.social,Caroline Criado Perez,ok,7467,53,2024-01-20T05:19:47.936Z,,2026-07-01T16:59:01.477188+00:00
celinegounder.com,Celine Gounder,ok,17093,770,2026-04-13T14:15:43.053Z,,2026-07-01T16:59:01.832999+00:00
edyong209.bsky.social,Ed Yong,ok,241874,55969,2024-04-09T01:36:00.310Z,,2026-07-01T16:59:02.177563+00:00
lauriegarrett1.bsky.social,Laurie Garrett,ok,212,227,2025-12-08T23:14:17.923Z,,2026-07-01T16:59:02.536159+00:00
deanbaker13.bsky.social,Dean Baker,ok,30396,7934,2024-01-20T05:44:06.050Z,,2026-07-01T16:59:02.894379+00:00
johnrussell40.bsky.social,John Russell,ok,392,931,2025-11-29T17:18:26.927Z,,2026-07-01T16:59:03.254160+00:00
sarahljaffe.bsky.social,Sarah Jaffe,ok,13255,136,2024-09-10T18:06:11.923Z,,2026-07-01T16:59:03.607592+00:00
teddyostrow.bsky.social,Teddy Ostrow,ok,209,1,2024-01-20T05:52:17.512Z,,2026-07-01T16:59:03.957744+00:00
ad-mastro.bsky.social,Addison Del Mastro,ok,1137,6563,2026-04-08T14:11:50.755Z,,2026-07-01T16:59:04.357761+00:00
davidzipper.bsky.social,David Zipper,ok,25283,10820,2026-03-16T20:38:17.949Z,,2026-07-01T16:59:04.730979+00:00
samswey.bsky.social,Samuel Sinyangwe,ok,7868,25,2024-01-20T05:45:54.241Z,,2026-07-01T16:59:05.103783+00:00
mmangrum.bsky.social,Meghan Mangrum,ok,63,1,2024-12-04T22:08:08.746Z,,2026-07-01T16:59:05.475110+00:00
audreywatters.bsky.social,Audrey Watters,ok,2918,85,2026-05-18T20:20:55.271Z,,2026-07-01T16:59:05.814398+00:00
vanjackson.bsky.social,Van Jackson,ok,3879,1646,2025-10-22T02:19:18.451Z,,2026-07-01T16:59:06.373748+00:00
jackmurphyrgr.bsky.social,Jack Murphy,ok,12015,5459,2026-06-24T16:04:20.462Z,,2026-07-01T16:59:06.792350+00:00
dmitri.silverado.org,Dmitri Alperovitch,ok,29354,530,2024-11-23T20:34:18.845Z,,2026-07-01T16:59:07.335206+00:00
amaraljordi.bsky.social,Jordi Amaral,ok,746,142,2024-07-16T22:25:19.873Z,,2026-07-01T16:59:07.746760+00:00
juliaangwin.com,Julia Angwin,ok,41380,533,2026-03-22T14:14:28.658Z,,2026-07-01T16:59:08.136934+00:00
jessicahuseman.bsky.social,Jessica Huseman,ok,17572,1186,2026-03-13T16:55:06.370Z,,2026-07-01T16:59:08.549970+00:00
leedrutman.bsky.social,Lee Drutman,ok,11486,840,2026-03-05T21:34:15.055Z,,2026-07-01T16:59:09.209559+00:00
elisabethbik.bsky.social,Elisabeth Bik,ok,52347,3450,2026-06-17T23:24:57.661Z,,2026-07-01T16:59:09.591655+00:00
dereklowe.bsky.social,Derek Lowe,ok,16664,2554,2025-02-06T18:33:34.044Z,,2026-07-01T16:59:09.994210+00:00
yawumiller.bsky.social,Yawu Miller,ok,779,352,2025-07-18T19:58:00.733Z,,2026-07-01T16:59:10.393914+00:00
nickvalencianews.bsky.social,Nick Valencia,ok,9235,23,2026-05-28T02:03:30.766Z,,2026-07-01T16:59:10.793093+00:00
francescadonner.bsky.social,Francesca Donner,ok,121,5,2025-01-11T12:18:31.043Z,,2026-07-01T16:59:11.195560+00:00
jonathanrabb.bsky.social,Jonathan Rabb,ok,23,0,2024-01-20T06:00:41.410Z,,2026-07-01T16:59:11.596066+00:00
packym.bsky.social,Packy McCormick,ok,1612,7,2024-01-20T06:04:01.905Z,,2026-07-01T16:59:11.994637+00:00
ikimus.bsky.social,Trung Phan,ok,733,0,2024-11-19T21:05:06.266Z,,2026-07-01T16:59:12.397040+00:00
densifytcg.bsky.social,Dave Amos,ok,11,10,2025-10-22T20:08:44.751Z,,2026-07-01T16:59:12.799483+00:00
rmtransit.bsky.social,Reece Martin,ok,17888,4563,2026-06-29T18:51:09.427Z,,2026-07-01T16:59:13.397013+00:00
ohtheurbanity.bsky.social,Oh The Urbanity!,ok,23199,7162,2026-06-28T11:15:23.665Z,,2026-07-01T16:59:13.797876+00:00
miamulder.bsky.social,Mia Mulder,ok,18839,1030,2026-03-05T10:31:45.352Z,,2026-07-01T16:59:14.194452+00:00
sophiefrommars.bsky.social,Sophie from Mars,ok,5907,3782,2026-05-03T23:36:46.662Z,,2026-07-01T16:59:14.541327+00:00
andrewsage.bsky.social,Andrew Sage,ok,2630,30,2025-04-24T14:30:42.371Z,,2026-07-01T16:59:15.000184+00:00
alexander-avila.bsky.social,Alexander Avila,ok,6369,156,2025-09-19T14:39:32.898Z,,2026-07-01T16:59:15.402175+00:00
attorneyryan.bsky.social,Attorney Ryan,ok,5820,119,2024-11-14T01:19:49.273Z,,2026-07-01T16:59:15.804720+00:00
blairimani.bsky.social,Blair Imani,ok,4003,12,2025-01-29T00:30:11.343Z,,2026-07-01T16:59:16.144010+00:00
cheyennelin.bsky.social,Cheyenne Lin,ok,1399,1347,2026-03-17T16:57:10.347Z,,2026-07-01T16:59:16.600124+00:00
gsm7.bsky.social,Gabriel Sanchez,ok,46,1,2024-01-20T08:18:12.774Z,,2026-07-01T16:59:17.001897+00:00
laurengreennn.bsky.social,Lauren Green,ok,48,0,2024-12-19T15:07:27.344Z,,2026-07-01T16:59:17.406757+00:00
esteeland.bsky.social,Estee,ok,1144,5110,2026-04-25T05:15:38.647Z,,2026-07-01T16:59:17.800543+00:00
katewagnerschleigh.bsky.social,Kate Wagner,ok,109,8,2025-08-14T14:54:28.299Z,,2026-07-01T16:59:18.211458+00:00
dancarlin.bsky.social,Dan Carlin,ok,21314,479,2025-12-22T20:42:43.524Z,,2026-07-01T16:59:18.598594+00:00
kenlayne.bsky.social,Ken Layne,ok,1097,40,2024-12-05T04:46:53.946Z,,2026-07-01T16:59:19.001834+00:00
theanthonydavis.bsky.social,Anthony Davis,ok,128609,0,2026-04-26T22:34:37.447Z,,2026-07-01T16:59:19.402570+00:00
kthalps.bsky.social,Katie Halper,ok,7482,1,2024-01-20T05:37:08.833Z,,2026-07-01T16:59:19.803462+00:00
michaelhobbes.bsky.social,Michael Hobbes,ok,195389,8850,2024-01-20T05:11:20.638Z,,2026-07-01T16:59:20.204236+00:00
yrfatfriend.bsky.social,Aubrey Gordon,ok,32065,707,2026-04-13T05:35:41.151Z,,2026-07-01T16:59:20.600925+00:00
sarahmarshall.bsky.social,Sarah Marshall,ok,113,4,2024-11-15T15:37:49.252Z,,2026-07-01T16:59:21.056814+00:00
travisview.bsky.social,Travis View,ok,51307,581,2024-11-14T19:40:57.434Z,,2026-07-01T16:59:21.602995+00:00
jakerockatansky.bsky.social,Jake Rockatansky,ok,2578,52,2024-12-03T06:16:48.149Z,,2026-07-01T16:59:22.007653+00:00
nathanrobinson.bsky.social,Nathan Robinson,ok,291,22,2024-11-26T09:58:53.146Z,,2026-07-01T16:59:22.403657+00:00
samseder.bsky.social,Sam Seder,ok,57544,25,2024-01-20T05:30:58.387Z,,2026-07-01T16:59:22.803875+00:00
glennkirschner.bsky.social,Glenn Kirschner,ok,311525,1119,2026-02-21T22:48:29.748Z,,2026-07-01T16:59:23.205982+00:00
peterzeihan.bsky.social,Peter Zeihan,ok,5879,0,2024-02-08T14:36:10.579Z,,2026-07-01T16:59:23.605681+00:00
devorydarkins.bsky.social,DeVory Darkins,ok,27,2,2024-11-18T21:23:14.445Z,,2026-07-01T16:59:24.012835+00:00
farronbalanced.bsky.social,Farron Cousins,ok,17369,141,2026-01-06T08:38:36.424Z,,2026-07-01T16:59:24.409713+00:00
dollemore.com,Jesse Dollemore,ok,40954,504,2024-12-21T19:10:59.243Z,,2026-07-01T16:59:24.809988+00:00
rolandsmartin.bsky.social,Roland S. Martin,ok,28858,668,2024-11-19T12:49:00.406Z,,2026-07-01T16:59:25.206214+00:00
yurifernandes1.bsky.social,Yuri Fernandes,ok,49,9,2024-08-31T13:59:33.196Z,,2026-07-01T16:59:25.610373+00:00
joaomiguellago.bsky.social,Miguel Lago,ok,2,0,2025-02-09T13:01:49.046Z,,2026-07-01T16:59:26.010086+00:00
gufalei.bsky.social,Gustavo Faleiros,ok,137,14,2025-07-01T18:11:48.633Z,,2026-07-01T16:59:26.366308+00:00
lynnngugi.bsky.social,Lynn Ngugi,ok,14,0,2024-11-28T08:24:00.445Z,,2026-07-01T16:59:26.815485+00:00
kikimordi.bsky.social,Kiki Mordi,ok,214,5,2024-11-13T19:10:22.077Z,,2026-07-01T16:59:27.417213+00:00
rgameyer.bsky.social,Ruona Meyer,ok,148,39,2024-01-20T07:37:28.062Z,,2026-07-01T16:59:27.814805+00:00
janefriedman.com,Jane Friedman,ok,8821,12927,2026-04-02T22:54:46.947Z,,2026-07-01T16:59:28.221980+00:00
marcuscleaver.bsky.social,Marcus Cleaver,ok,49,22,2024-11-16T20:27:14.189Z,,2026-07-01T16:59:28.613397+00:00
garystager.bsky.social,Gary Stager,ok,1039,797,2024-11-14T19:48:20.042Z,,2026-07-01T16:59:28.954345+00:00
greenhousenyt.bsky.social,Steven Greenhouse,ok,8176,267,2024-01-20T07:53:01.956Z,,2026-07-01T16:59:29.418183+00:00
ethanclark.bsky.social,Ethan Clark,ok,385,267,2026-02-22T07:06:47.950Z,,2026-07-01T16:59:29.817049+00:00
kateschneider.bsky.social,Kate Schneider,ok,2759,79,2026-04-18T11:35:46.849Z,,2026-07-01T16:59:30.217451+00:00
brittneymac15.bsky.social,Brittney McNamara,ok,1469,83,2026-05-21T03:22:49.465Z,,2026-07-01T16:59:30.619310+00:00
jacobacarter.bsky.social,Jacob Carter,ok,20,4,2024-11-15T19:12:30.526Z,,2026-07-01T16:59:31.016257+00:00
mshellenberger.bsky.social,Michael Shellenberger,ok,1092,23,2024-11-26T17:17:56.345Z,,2026-07-01T16:59:31.370234+00:00
rachelgilmore.bsky.social,Rachel Gilmore,ok,95629,6696,2025-09-12T17:20:44.599Z,,2026-07-01T16:59:31.817800+00:00
virsanghvi.bsky.social,Vir Sanghvi,ok,60,3,2024-11-15T09:56:51.846Z,,2026-07-01T16:59:32.823789+00:00
ekhornbeck.bsky.social,Phillip Lewis,ok,295,0,2026-01-27T19:14:56.446Z,,2026-07-01T16:59:33.626983+00:00
zacbowling.com,Zac Bowling,ok,2419,328,2024-12-05T04:51:27.946Z,,2026-07-01T16:59:34.028385+00:00
richheydarian.bsky.social,Richard Heydarian,ok,119,5,2024-12-23T15:52:39.243Z,,2026-07-01T16:59:34.376929+00:00
landmanspeaking.bsky.social,Keren Landman,ok,4982,184,2025-04-22T20:46:15.773Z,,2026-07-01T16:59:34.717750+00:00
fraserjones.net,Fraser Jones,ok,67,2,2024-11-16T22:31:20.247Z,,2026-07-01T16:59:35.227319+00:00
todmaffin.com,Tod Maffin,ok,30159,2837,2026-06-27T19:54:56.567Z,,2026-07-01T16:59:35.628664+00:00
chasecain.bsky.social,Chase Cain,ok,10408,35,2026-06-09T21:54:53.959Z,,2026-07-01T16:59:36.027302+00:00
rashmee.bsky.social,Rashmee Roshan Lall,ok,252,2479,2025-07-02T23:15:04.032Z,,2026-07-01T16:59:36.427104+00:00
kwasbeb.bsky.social,Jack Werner,ok,3189,210,2024-01-20T07:01:16.707Z,,2026-07-01T16:59:36.830626+00:00
evanlovett.bsky.social,Evan Lovett,ok,2,1,2025-02-16T17:30:30.346Z,,2026-07-01T16:59:37.230623+00:00
jmundok.bsky.social,Jason Mundok,ok,20,19,2025-03-15T10:43:58.639Z,,2026-07-01T16:59:37.590299+00:00
lizneeley.bsky.social,Liz Neeley,ok,21657,11441,2026-06-27T06:01:42.366Z,,2026-07-01T16:59:38.033377+00:00
seannaylor.bsky.social,Sean Naylor,ok,58,18,2026-02-05T22:48:47.745Z,,2026-07-01T16:59:38.392707+00:00
stephwilliams.bsky.social,Stephanie Williams,ok,9977,1715,2025-01-31T05:04:09.244Z,,2026-07-01T16:59:38.830471+00:00
tedgioia.bsky.social,Ted Gioia,ok,8020,72,2024-01-20T07:42:18.963Z,,2026-07-01T16:59:39.230971+00:00
joseiswriting.bsky.social,Jose Antonio Vargas,ok,709,30,2025-07-08T21:59:20.633Z,,2026-07-01T16:59:39.631513+00:00
taylordahlin.com,Taylor Dahlin,ok,9560,32370,2026-03-04T01:59:32.952Z,,2026-07-01T16:59:40.039284+00:00
jasmine.bsky.social,Jasmine Sun,ok,3038,148,2026-02-27T21:37:19.048Z,,2026-07-01T16:59:40.432848+00:00
popville.bsky.social,Popville,ok,8483,5682,2026-02-11T19:58:26.044Z,,2026-07-01T16:59:40.833093+00:00
livingwf8.bsky.social,Geoff Livingston,ok,118,182,2024-11-16T11:11:56.272Z,,2026-07-01T16:59:41.234715+00:00
joeflood.bsky.social,Joe Flood,ok,1245,736,2026-01-20T21:43:32.324Z,,2026-07-01T16:59:41.630839+00:00
markalanandre.bsky.social,Mark Alan Andre,ok,79,56,2024-01-20T06:22:02.945Z,,2026-07-01T16:59:42.031225+00:00
housethacker.bsky.social,Paul Thacker,ok,6,0,2024-11-18T13:51:38.848Z,,2026-07-01T16:59:42.435496+00:00
philmartin.bsky.social,Phil Martin,ok,393,211,2026-04-08T09:14:53.345Z,,2026-07-01T16:59:42.834653+00:00
valerieplesch.bsky.social,Valerie Plesch,ok,74,2,2025-02-08T05:19:46.045Z,,2026-07-01T16:59:43.230892+00:00
sharonyang.bsky.social,Sharon Yang,ok,298,7,2024-01-20T06:01:44.465Z,,2026-07-01T16:59:43.632074+00:00
cjmadison.bsky.social,Cesar Madison Tapia,ok,1,1,2024-11-14T01:56:24.892Z,,2026-07-01T16:59:44.033525+00:00
april.social,April,ok,14852,1435,2026-06-03T14:03:19.169Z,,2026-07-01T16:59:44.436652+00:00
davidhortonn.bsky.social,David Horton,ok,155,0,2024-07-10T17:54:09.881Z,,2026-07-01T16:59:44.840159+00:00
lannazys.bsky.social,Lanna,ok,2024,238,2024-09-06T22:29:53.522Z,,2026-07-01T16:59:45.236734+00:00
thesingingsam.bsky.social,Samara Singer,ok,36,19,2024-11-20T04:13:03.671Z,,2026-07-01T16:59:45.594487+00:00
timebner.bsky.social,Tim Ebner,ok,122,11,2024-01-20T07:25:08.783Z,,2026-07-01T16:59:46.034963+00:00
felipecardenas.bsky.social,Felipe Cardenas,ok,2861,184,2026-01-29T13:49:40.048Z,,2026-07-01T16:59:46.437435+00:00
kevinroose.com,Kevin,ok,63581,102,2024-11-21T23:59:07.852Z,,2026-07-01T16:59:46.866085+00:00
apmresearchlab.org,AP,ok,3658,254,2025-07-16T13:10:38.432Z,,2026-07-01T16:59:47.214704+00:00
visnereceli.bsky.social,Recel,ok,292,7,2025-04-03T19:56:18.092Z,,2026-07-01T16:59:47.671619+00:00
nicolefoy.bsky.social,Nicole,ok,18912,311,2026-02-24T03:07:40.648Z,,2026-07-01T16:59:48.063945+00:00
bridgettodd.bsky.social,Bridget Todd,ok,10067,92,2024-01-20T05:48:40.861Z,,2026-07-01T16:59:48.413128+00:00
jessica123456789.bsky.social,Jessica Nguyen,ok,142,7,2024-09-29T06:18:23.108Z,,2026-07-01T16:59:48.866534+00:00
lmorris-author.bsky.social,Lisa Morris,ok,748,230,2025-11-18T14:10:20.951Z,,2026-07-01T16:59:49.264636+00:00
annatran.bsky.social,Anna Tran,ok,598,0,2024-01-20T07:58:02.982Z,,2026-07-01T16:59:49.671128+00:00
taradublinrocks.com,Tara,ok,99506,5804,2026-06-24T00:21:40.163Z,,2026-07-01T16:59:50.066117+00:00
cassandrastone.bsky.social,Cassandra Stone,ok,120,10,2026-01-26T22:08:20.555Z,,2026-07-01T16:59:50.465075+00:00
