gsd_rank,region,name,country,tiktok_url,tiktok_followers,primary_url,platform_type,institutional_employer,content_language,atlas_tier,tier_rationale,gsd_bio_excerpt,notes,scrub_tier,scrub_rationale,upgrade_evidence,duncan_question
1,Africa,Ogechi Emeh (Adaigbo Global),Nigeria,https://www.tiktok.com/@adaigboglobal,UNVERIFIED,,TikTok-only,Independent,English,B,Own brand (Adaigbo Global) with clear editorial identity but no confirmed publishing home beyond social media.,"News reporter and digital storyteller amplifying Igbo culture and heritage, reporting on social-economic issues affecting Nigerians.",Recognized on GSD's own 2025 Africa powerlist. Produces original content under own brand but TikTok-first with no newsletter/podcast confirmed.,B-final,Research confirms Adaigbo Global is a cultural platform focused on Igbo heritage; Hall of Fame Award from Nma Alaigbo confirms cultural advocacy role but no newsletter or podcast found beyond social media.,,Does Adaigbo Global have a newsletter or podcast beyond social media? Is there a website (adaigboglobal.com or similar)?
5,Africa,Rose Jiya Nima,Nigeria,https://www.tiktok.com/@officer_boo,UNVERIFIED,,TikTok-only,Unknown,English,B,Dual identity as journalist and police officer — unclear primary publishing home and editorial independence.,"Journalist, police officer, and on-air personality bridging law enforcement and journalism with engaging social media presence.",No confirmed independent publishing home. Unusual dual journalist/police role warrants editorial scrutiny.,B-final,Dual police officer/journalist identity raises editorial independence concerns; no independent publishing platform found.,,Is Rose Jiya Nima primarily a journalist or active police officer? Does she have any publishing home beyond social media?
8,Africa,Shaffie Zele,Kenya,https://www.tiktok.com/@shaffiezele,UNVERIFIED,,TikTok-only,Unknown,English/Swahili,B,Sports journalist with brand ambassador work — no confirmed primary employer or independent publishing home found.,"Sports journalist known for energetic football coverage and brand ambassador work, blending sports commentary with entertainment.",May be freelance or contracted — insufficient info to confirm independence.,B-final,No employer or independent platform confirmed after research; brand ambassador role alongside sports journalism suggests commercial rather than editorial independence.,,Is Shaffie Zele freelance or staff-employed? Does he have a podcast or YouTube channel beyond TikTok?
9,Africa,Gethou Bapile Gbi,Democratic Republic of the Congo,https://www.tiktok.com/@gethoubapilegbi,UNVERIFIED,,TikTok-only,Unknown,French,B,Very vague bio — journalist and content creator with no employer or independent platform identified.,Journalist and content creator engaging audiences through varied content showcasing personal perspectives and interests.,No research return on independent platform or employer. Mark UNVERIFIED.,B-final,No information found on employer or independent platform after research.,,Can you confirm any employer or independent publishing platform for Gethou Bapile Gbi?
10,Africa,Alex Nawej Tshikomb,Democratic Republic of the Congo,https://www.tiktok.com/@alex__nawej__tshikomb,UNVERIFIED,,TikTok-only,Unknown,French,B,Bio blends journalism with MCing and fashion in Lubumbashi — no confirmed employer or independent publishing home.,"Congolese journalist and content creator blending journalism with MCing, dance, and fashion in the Lubumbashi media landscape.",TIER B pending more info. Could be entertainment-leaning rather than journalism.,C,Bio confirms MCing/dance/fashion are primary activities alongside journalism — entertainment content is primary with no journalism platform found; downgrade per content-pivot criterion.,,
11,Africa,Devlin's Report,Ghana,https://www.tiktok.com/@ghanamustgotv,UNVERIFIED,,TikTok-only,Unknown,English,B,Appears to operate as independent news brand (own TikTok handle @ghanamustgotv) but no newsletter/podcast/website confirmed beyond social.,"Ghanaian journalist known for timely breaking news coverage and in-depth analyses of national political developments.",Independent brand identity but no publishing home beyond social confirmed. TIER B pending research into whether website exists.,B-final,Ghana Must Go TV has Facebook and YouTube presence but no ghanamustgo.tv website confirmed; brand identity is clear but TikTok/social remains primary channel.,,Does Ghana Must Go TV / Devlin's Report have a website or newsletter beyond social media? Who is the journalist behind the brand?
12,Africa,Beker,Ethiopia,https://www.tiktok.com/@beker853,UNVERIFIED,,TikTok-only,Unknown,Amharic,B,Extremely vague bio — no employer or independent platform identified.,"Ethiopian journalist and content creator sharing varied content on social media platforms with growing digital influence.",Insufficient information. UNVERIFIED. Content language and employer both unknown.,B-final,No additional information found; bio too vague to make any tier determination.,,Can you confirm Beker's real name and employer? Is there any publishing platform beyond TikTok?
15,Africa,Millard Afrael Ayo,Tanzania,https://www.tiktok.com/@millardayo_,UNVERIFIED,https://millardayo.com,Website/YouTube,Independent (Ayo TV TZA Company Limited),Swahili/English,B,Bio references past work at Clouds FM and ITV/Radio One but no current employer confirmed — may now be independent.,"Journalist and broadcaster voted Most Influential Young Tanzanian in 2018, worked with Clouds FM and ITV/Radio One.",Past institutional; current status unclear. Worth searching further — if freelance now could upgrade to A.,A,"Founder of Ayo TV TZA Company Limited which runs millardayo.com; YouTube channel has 5.96M subscribers and 2.1B views — first African journalist to reach 1B YouTube views; independent media operation dwarfs any remaining CloudsFM role; meets upgrade criteria on YouTube (5.96M), own website, and journalism under own brand.",https://www.youtube.com/channel/UCg_GB9WS6YKHilQZIJEC4kg,
16,Africa,Hausa Guy,Nigeria,https://www.tiktok.com/@hausa_guy,UNVERIFIED,,TikTok-only,Unknown,Hausa/English,B,Own brand identity with independent-sounding bio but no confirmed newsletter/podcast/website found.,"Multimedia journalist based in Abuja telling stories in Hausa and English, spotlighting social justice and cultural identity issues.",No search return on independent platform. TikTok-only brand.,B-final,No newsletter/podcast/website found under 'Hausa Guy' or related brand names after targeted search.,,Does Hausa Guy have any publishing platform beyond TikTok — Substack/newsletter/podcast/website/YouTube?
18,Africa,Kojo Kinn,Ghana,https://www.tiktok.com/@kojokinn_,UNVERIFIED,,TikTok-only,Modern Ghana (freelance contributor),English,B,Freelance contributor to Modern Ghana with personal music projects — neither fully independent nor staff.,"Entertainment journalist writing for Modern Ghana on music, culture, and arts, while pursuing personal musical projects.",Freelance contributor status = TIER B. Not staff but also no own publishing home confirmed.,B-final,Freelance contributor status confirmed but no own newsletter/YouTube/podcast found; Modern Ghana is his outlet not his platform.,,Does Kojo Kinn have a personal newsletter or YouTube channel beyond his Modern Ghana contributions?
20,Africa,Nsoatreman TV,Ghana,https://www.tiktok.com/@nsoatremantv1,UNVERIFIED,,TikTok-only,Unknown,English,B,Blends journalism with philanthropy and music promotion — brand name suggests own channel but no confirmed publishing home.,"Ghanaian media figure blending journalism with philanthropy and music promotion across broadcast and digital platforms.",Brand name implies own outlet but unclear if journalism-primary. TIER B.,B-final,Brand identity confirmed but content blend (journalism/philanthropy/music) and TikTok-primary presence insufficient for upgrade.,,Is Nsoatreman TV primarily a journalism operation and does it have a website or podcast beyond TikTok?
23,Africa,Christian Chez Vous,Republic of the Congo,https://www.tiktok.com/@christianlawu,UNVERIFIED,https://www.youtube.com/@CHRISTIANCHEZVOUS,YouTube,Independent,French,B,Covers political affairs and conflict with own brand but no employer or independent publishing home confirmed.,"Congolese journalist exploring political affairs and conflict, building platforms for civic discourse and spotlighting underreported stories.",Independent-sounding mission but employer unconfirmed. No newsletter/podcast found. TIER B.,A,"YouTube channel @CHRISTIANCHEZVOUS has 179K subscribers and 45.83M total views covering DRC/Africa current events; described as 'the Congolese reference for following current events in DRC, Africa and the world in real time'; no institutional employer found; meets upgrade criteria on YouTube (179K) and journalism under own brand.",https://www.youtube.com/@CHRISTIANCHEZVOUS,
28,Africa,All Star Blog,Ghana,https://www.tiktok.com/@allstarblogg,UNVERIFIED,,TikTok-only,Unknown,English,B,FIFA and CAF accredited sports journalist with own brand name but no confirmed independent website/newsletter.,"Accredited sports journalist with FIFA and CAF credentials.",Own brand but no publishing home confirmed beyond social. TIER B.,B-final,FIFA/CAF credentials confirmed but no website/newsletter/YouTube found for All Star Blog brand.,,Does All Star Blog have a website or newsletter beyond social media?
29,Africa,Hassannoor Ciyaarjaceyl,Kenya,https://www.tiktok.com/@hassannoorciyaarjaceyl,UNVERIFIED,,TikTok-only,Unknown,Somali/English,B,Provides real-time reporting and political commentary — no confirmed employer or independent platform.,"Journalist providing real-time reporting and political commentary.",Insufficient information. UNVERIFIED employer and platform.,B-final,No employer or platform data found after research.,,Can you confirm Hassannoor Ciyaarjaceyl's employer or any independent publishing home?
31,Africa,Donald Prince Kouassi,Benin,https://www.tiktok.com/@donaldprincekpanou,UNVERIFIED,,TikTok-only,Unknown,French,B,Religious journalist covering community stories — no employer or independent platform confirmed.,"Religious journalist covering faith-based community stories.",No employer or platform data. TIER B.,B-final,No independent publishing platform or employer found; religious journalism niche limits research avenues.,,What specific faith outlet does Donald Prince Kouassi report for? Does he have a podcast or website?
32,Africa,El Solo TV,Benin,https://www.tiktok.com/@1.elsolotv,UNVERIFIED,,TikTok-only,Unknown,French,B,Creator brand blending comedy/poetry/commentary — entertainment-leaning; no confirmed journalism employer or independent outlet.,"Multi-talented creator blending comedy, poetry and journalistic commentary.",Content blend tilts toward entertainment. TIER B.,C,Content is confirmed entertainment-primary (comedy/poetry/commentary blend); no journalism platform or employer found; meets downgrade criterion for entertainment-primary content.,,
34,Africa,Xaaji Mideeye,Somalia,https://www.tiktok.com/@xaajimideeye2,UNVERIFIED,,TikTok-only,Independent (self-described),Somali,B,Self-described independent journalist but no confirmed publishing platform beyond TikTok/social media found.,"Independent journalist publishing breaking news and real-time reporting.",Bio says independent — no research confirms newsletter/podcast/website. TikTok-only defaults to TIER B.,B-final,TikTok content confirmed as Somaliland political commentary; no YouTube channel or website found.,,Does Xaaji Mideeye have any publishing platform beyond TikTok — YouTube/podcast/website?
36,Africa,Jean-Baptiste Kabeya,Democratic Republic of the Congo,https://www.tiktok.com/@wayako4,UNVERIFIED,,TikTok-only,"Community radio, online outlets",French,B,Works with community radio and online outlets — possible independent operation but no confirmed standalone platform.,"Political journalist reporting for community radio and online outlets.",Could be community-independent. TIER B — needs further research.,B-final,No named community radio station or online outlet confirmed after multiple searches; LinkedIn profile exists but no independent platform details.,,What is the name of Jean-Baptiste Kabeya's community radio station? Is it independently operated with its own editorial board?
37,Africa,Germain Muloko,Democratic Republic of the Congo,https://www.tiktok.com/@germainmuloko1,UNVERIFIED,,TikTok-only,Unknown,French,B,Described as journalist and media director — institutional role likely but outlet not confirmed.,"Journalist and media director overseeing journalistic content.",Insufficient info. TIER B.,B-final,No outlet or platform confirmed; 'media director' title suggests institutional affiliation but unconfirmed.,,What outlet does Germain Muloko direct? Is it an independent or institutional media organization?
39,Africa,Elimane Cissé,Senegal,https://www.tiktok.com/@elimane_cisse,UNVERIFIED,,YouTube,Unknown,French/Wolof,B,Sports journalist with own YouTube channel — has secondary platform but no confirmed independent editorial home.,"Sports journalist and YouTuber streaming football and martial arts.",YouTube presence is a positive signal but not sufficient alone for TIER A.,B-final,YouTube channel confirmed at @Elimane but subscriber count not confirmed and not in top 100 Senegalese channels — likely below 5K threshold.,,How many YouTube subscribers does Elimane Cissé have and is his content journalism-primary (news/analysis) or primarily live sports streaming?
40,Africa,Munakabanga,Uganda,https://www.tiktok.com/@munakabangaofficial,UNVERIFIED,,TikTok-only,Unknown,English,B,Sports commentator with no confirmed employer or independent platform.,"Sports commentator combining live analysis with in-depth coverage.",Insufficient information. TIER B.,B-final,No employer or independent platform data found.,,Is Munakabanga freelance or employed by an outlet? Does he have a podcast or YouTube channel?
41,Africa,Danladi Rock,Ghana,https://www.tiktok.com/@danladirock,UNVERIFIED,,TikTok-only,Unknown,English,B,Musician and journalist — hybrid identity with no confirmed primary journalism employer or independent outlet.,"Musician and journalist weaving social commentary into musical content.",Music-journalism hybrid. Unclear independence.,B-final,Musician/journalist hybrid; content is music-integrated commentary; no journalism-primary platform found.,,Does Danladi Rock have a journalism-primary platform beyond TikTok (newsletter/podcast/YouTube news channel)?
42,Africa,Mbaye Anta,Senegal,https://www.tiktok.com/@chronique_de_mbaye,UNVERIFIED,,TikTok-only,Unknown,French/Wolof,B,Sports journalist specializing in football — no employer or independent platform confirmed.,"Sports journalist specializing in football coverage and local talent.",Insufficient info. TIER B.,B-final,No employer or independent publishing platform found.,,Is Mbaye Anta freelance or employed? Does he have a newsletter/podcast/YouTube?
43,Africa,Presenter Athman,Kenya,https://www.tiktok.com/@presenter_athman,UNVERIFIED,,TikTok-only,Unknown (radio),English/Swahili,B,Blends radio and sports commentary — radio role suggests institutional but outlet unnamed.,"Journalist blending radio, sports commentary and lifestyle storytelling.",Radio role = likely institutional. TIER B pending outlet confirmation.,B-final,Radio role suggests institutional employer; no outlet named and no independent platform found.,,What radio station does Presenter Athman work for and is it independently operated?
47,Africa,Mohamed Ally (Magical Moha),Kenya,https://www.tiktok.com/@magicalmoha,302600,https://www.facebook.com/magicalmoha/,TikTok-only,Independent (self-described),English/Swahili,B,Self-described independent investigative journalist with 302K+ TikTok followers — no independent publishing platform confirmed beyond social media.,"Investigative journalist using direct style to highlight political and justice issues.",Active on TikTok/Facebook/YouTube. Strong follower count but no newsletter/podcast/website as primary home. TIER B.,B-final,YouTube channel @magicalmoha confirmed; described as freelance investigative journalist covering Northern Kenya; subscriber count could not be confirmed — needs verification against 5K threshold for upgrade.,,How many subscribers does Magical Moha's YouTube channel have? Is he confirmed as freelance/self-employed with no current institutional employer?
48,Africa,Dokteur Mouaz,Cameroon,https://www.tiktok.com/@dokteur_mouaz,UNVERIFIED,,TikTok-only,Unknown,French,B,Journalist and IT entrepreneur combining news with tech — no confirmed employer or independent publishing home.,"Journalist and IT entrepreneur combining news updates with tech insights.",Dual identity. Insufficient info for tier upgrade.,B-final,No journalism-specific platform or employer found; IT entrepreneurship identity complicates independence assessment.,,Does Dokteur Mouaz have a journalism platform beyond TikTok — newsletter/YouTube/website?
49,Africa,Alex Charming,Ghana,https://www.tiktok.com/@alexcharmingdotcomm,UNVERIFIED,,TikTok-only,Unknown,English,B,Blogger/journalist/lab tech — multimedia but no confirmed independent journalism platform or employer.,"Blogger, journalist, and lab tech creating informative multimedia content.",Triple-identity creator. TIER B.,B-final,Triple-identity (blogger/journalist/lab tech) with no confirmed journalism-primary platform.,,Does Alex Charming have an active journalism blog or website (alexcharming.com or similar)?
50,Africa,Feleke Demissie,Ethiopia,https://www.tiktok.com/@felekedemissieoffical,UNVERIFIED,,TikTok-only,Unknown,Amharic,B,Sports journalist with no confirmed employer or independent platform.,"Sports journalist sharing news, reviews, and analysis with engaging storytelling.",Insufficient info. TIER B.,B-final,No employer or independent platform found.,,Is Feleke Demissie freelance or employed? Does he have a podcast/YouTube/newsletter?
51,Africa,Hodmanshow,Kenya,https://www.tiktok.com/@hodmanshow,UNVERIFIED,https://www.youtube.com/channel/UCe2yI3hbsE_K0rxuxkd6dMA,YouTube,Unknown (SNTV associated),Somali/English,B,Has blog/interview format but no confirmed independent publishing home with editorial separation from social media.,"Somali journalist (Hodman Cadceed Gelle) sharing news through interviews and blogs with relatable, accessible style.",Blog presence is positive signal. TIER B.,B-final,Founder/CEO of Hodmanshow confirmed; YouTube channel confirmed; but also associated with Somali National Television (SNTV) — dual affiliation and subscriber count unconfirmed.,,Is Hodmanshow primarily Hodman's independent operation or is he primarily employed by SNTV? How many YouTube subscribers does the Hodman Show channel have?
52,Africa,Nana Boadu Obuobi,Ghana,https://www.tiktok.com/@nanaboaduobuobi,UNVERIFIED,https://www.youtube.com/c/BoaduTV,YouTube,Angel FM (primary — confirmed 2025),English,B,Staff at Angel FM (institutional) but also runs own Boadu TV YouTube channel — dual affiliation keeps this at TIER B.,"Award-winning broadcast journalist, blogger, and media consultant producing content through Boadu TV YouTube channel.",Has independent YouTube brand (Boadu TV) alongside institutional role at Angel FM. TIER B.,B-final,Confirmed still hosting Angel FM news programs as recently as June 2025 (Angel Mid-Day News/Weekend News/Evening News); Boadu TV YouTube channel is secondary to institutional primary role.,,How many subscribers does Boadu TV YouTube have and how frequently does Nana Boadu publish independent content distinct from his Angel FM work?
53,Africa,Gina Show,Ghana,https://www.tiktok.com/@gina1show,UNVERIFIED,,TikTok-only,Unknown,English,B,Journalist creating TikTok content — own brand but no publishing home beyond social media confirmed.,"Ghanaian journalist creating TikTok content presenting relevant news with clear, accessible narrative explanations.",TikTok-only defaults to TIER B.,B-final,No platform beyond TikTok found after research.,,Does Gina Show have any platform beyond TikTok — YouTube/newsletter/website?
54,Africa,Kaosara Omo Yoruba,Nigeria,https://www.tiktok.com/@kaosaraomoyoruba,UNVERIFIED,,TikTok-only,Independent (freelance),English,B,Self-described freelance journalist and social media manager — freelance status is positive but no independent publishing home confirmed.,"Social media manager, freelance journalist, and content creator producing diverse content covering news, lifestyle, and insights.",Freelance but TikTok-only platform. TIER B.,B-final,Freelance status is positive but no independent newsletter/podcast/website confirmed; social media management role alongside journalism creates independence questions.,,Does Kaosara Omo Yoruba have a newsletter/podcast or website beyond social media?
55,Africa,Diketso Maja,South Africa,https://www.tiktok.com/@diketsomaja,UNVERIFIED,,TikTok-only,Unknown,English,B,Content creator/journalist/actor/MC hybrid — no confirmed primary journalism employer or independent outlet.,"South African content creator, journalist, actor, and MC blending informative reporting with entertainment through storytelling.",Hybrid entertainer-journalist identity. TIER B.,B-final,Multi-role identity (creator/actor/MC) makes journalism primacy unclear; no independent journalism platform found.,,Is Diketso Maja's primary output journalism or entertainment? Any journalism-specific platform beyond TikTok?
56,Africa,Denis Duke,Uganda,https://www.tiktok.com/@denisdukeug,UNVERIFIED,https://www.youtube.com/c/denisdukeuganda,YouTube,Unknown (formerly NBS TV/Urban TV),English,B,Journalist and YouTuber combining professional journalism with farming content — has YouTube but employer unclear.,"Ugandan journalist, farmer, and YouTuber combining professional journalism with farming and life reflections.",YouTube is a positive signal. No institutional employer confirmed. TIER B.,B-final,"YouTube channel has 221K subscribers but channel is described as 'Uganda's number one Farming Channel' — content is farming/travel/lifestyle-primary not journalism-primary; no current journalism employer found (formerly NBS TV/Urban TV). Positive YouTube signal but journalism is secondary to lifestyle content.",,"Is Denis Duke's YouTube content primarily journalism or farming/lifestyle? Has he returned to active journalism in the past 12 months?"
57,Africa,Daniel Gebreegziabher,Ethiopia,https://www.tiktok.com/@danigebre1,UNVERIFIED,,TikTok-only,Unknown,Amharic,B,Broadcast journalist and influencer — employer unclear but the broadcast descriptor suggests institutional affiliation.,"Broadcast journalist and award-winning influencer delivering daily updates with dynamic storytelling across multiple platforms.",Broadcast journalist = likely institutional. TIER B.,B-final,Broadcast journalist descriptor suggests institutional employer; no employer confirmed or independent platform found.,,Who employs Daniel Gebreegziabher as a broadcast journalist? Is it an independent or institutional outlet?
59,Africa,Emerson Ngoma,Democratic Republic of the Congo,https://www.tiktok.com/@emersonngoma,UNVERIFIED,,TikTok-only,Unknown,French,B,Journalist and content creator — entirely vague with no confirmed platform or employer.,"Journalist and content creator sharing informative news updates, analysis, and journalistic content across platforms.",Insufficient info. UNVERIFIED.,B-final,No employer or platform found after research.,,Can you confirm any employer or independent publishing platform for Emerson Ngoma?
61,Africa,Mideli W'Abanyarwanda,Rwanda,https://www.tiktok.com/@mideli_rwanda,UNVERIFIED,https://www.youtube.com/@midelirwand,YouTube,Unknown,Kinyarwanda,B,Entertainment journalist with YouTube channel — operates under own brand but no confirmed editorial independence from institutional affiliation.,"Prominent Rwandan journalist and content creator recognized as The Hottest Personal Journalist 2025 for engaging storytelling.",YouTube + TikTok presence; primarily entertainment content. TIER B.,B-final,Confirmed as Rwanda/Burundi talent promoter and entertainment journalist — 'The Hottest Personal Journalist 2025' is entertainment award; content is talent promotion not news journalism.,,Is Mideli W'Abanyarwanda's content primarily journalism (news/analysis) or entertainment talent promotion?
62,Africa,Hafid Nor Barre,Somalia,https://www.tiktok.com/@hafidnorbarre,UNVERIFIED,,TikTok-only,Unknown,Somali,B,Senior mobile journalist in Mogadishu — employer unclear but seniority suggests institutional affiliation.,"Senior mobile journalist in Mogadishu using mobile devices for on-the-ground reporting despite safety challenges.",Seniority implies employer. TIER B.,B-final,Senior journalist status suggests employer; no outlet or independent platform confirmed.,,Who employs Hafid Nor Barre and is that outlet independently operated?
63,Africa,Derick Lunkeba,Democratic Republic of the Congo,https://www.tiktok.com/@dericklunkeba,UNVERIFIED,,TikTok-only,Unknown,French,B,Manages Congo Mon Pays Facebook page — own brand but unclear if primary journalism operation.,"DRC journalist managing Congo Mon Pays Facebook page, engaging with political and social topics online.",Facebook page brand. TIER B.,B-final,Congo Mon Pays Facebook page has 78K likes confirming an audience; but cannot confirm Derick Lunkeba is the editorial owner vs. a contributor; no YouTube subscriber count confirmed.,,Is Congo Mon Pays Derick Lunkeba's own editorial operation? How many YouTube subscribers does that channel have?
65,Africa,Hon Guruh Buvati,Kenya,https://www.tiktok.com/@honguruh,UNVERIFIED,,TikTok-only,Unknown,English/Swahili,B,Journalist/photographer/computer expert — multi-skilled but no confirmed employer or independent outlet.,"Kenyan journalist, photographer, and computer expert sharing photography, journalistic updates, and professional commentary.",Insufficient info. TIER B.,B-final,No employer or independent platform found after research.,,Is Hon Guruh Buvati freelance or employed? Does he have any journalism platform beyond TikTok?
69,Africa,Jamie Radio,Uganda,https://www.tiktok.com/@jamieradiouganda,UNVERIFIED,,TikTok-only,Unknown,English,B,Investigative journalist (Katumba Jamil) with own brand — independent-sounding but no newsletter/podcast/website confirmed.,"Investigative journalist (Katumba Jamil) blending serious reporting with comedy for engaging, relatable news updates.",Own brand identity with investigative focus. TIER B — could upgrade if independent platform confirmed.,B-final,Research reveals Jamie Radio UG is primarily known as a TikToker known for mimicking NTV journalist Solomon Kaweesa's voice — content is comedy/entertainment rather than genuine investigative journalism.,,Is Jamie Radio's primary content investigative journalism or comedy/entertainment (the TikTok voice-mimicking format)?
70,Africa,Calister O. Enejele,Nigeria,https://www.tiktok.com/@iamcali_e,UNVERIFIED,,TikTok-only,Unknown,English,B,FIFA and CAF accredited sports journalist — professional credentials confirmed but employer and platform unknown.,"FIFA and CAF-accredited international sports journalist covering football with global perspective through news and interviews.",Credentials confirmed; independence status unclear. TIER B.,B-final,FIFA/CAF accreditation confirmed; no employer or independent platform found.,,Is Calister O. Enejele freelance or staff-employed? Does she have a newsletter/podcast/website beyond TikTok?
72,Africa,Isma'eel Abba Tangalashi,Nigeria,https://www.tiktok.com/@tangasport360,UNVERIFIED,,TikTok-only,Unknown,English/Hausa,B,Award-winning sports journalist — no confirmed employer or independent platform found.,"Award-winning Nigerian sports journalist and football commentator covering local and international football across multiple platforms.",Insufficient info to confirm independence. TIER B.,B-final,Award-winning credentials noted; no employer or independent platform found after research.,,Is Isma'eel Abba Tangalashi freelance or employed? Does he have a newsletter/podcast/website?
73,Africa,Maged Gazr,Egypt,https://www.tiktok.com/@magedgazr1,UNVERIFIED,,TikTok-only,Unknown,Arabic,B,Sports journalist combining traditional reporting with social media — no confirmed employer or platform.,"Egyptian sports journalist combining traditional reporting with social media reach, breaking down football and athletic events.",Insufficient info. TIER B.,B-final,No employer or independent platform found.,,Is Maged Gazr freelance or employed by an outlet? Any independent publishing home beyond TikTok?
75,Africa,John Fuamba,Democratic Republic of the Congo,https://www.tiktok.com/@johnfuambacom1,UNVERIFIED,,YouTube,Unknown,French,B,Journalist with TikTok and YouTube — has secondary platform but no confirmed employer or independent editorial operation.,"Congolese journalist delivering news and commentary on politics and society through accessible short videos on TikTok and YouTube.",YouTube presence is a positive signal. TIER B.,B-final,YouTube channel confirmed but subscriber count not found; no employer confirmed; cannot determine if content is journalism-primary.,,How many YouTube subscribers does John Fuamba have and is his content journalism-primary (news/politics)?
1,Latin America,Manuel Pedrero,Mexico,https://www.tiktok.com/@manuelpedrerooficial,592000,https://www.youtube.com/channel/UCH4M_4Ed6SUidQthmZ60M2g,YouTube,Independent (Los Reporteros MX founder),Spanish,B,"Hosts own ""Sin Máscaras"" YouTube news show (Mon-Fri 4PM) and serves as networks director for Los Reporteros MX — independent in format but unclear funding/editorial control; noted as pro-government aligned.",At 22 described as one of the most influential young voices in independent journalism who successfully connected with new generations.,592K TikTok followers. YouTube show exists but pro-government alignment and affiliation with Los Reporteros MX create independence questions. Needs Ryan review.,A,"Confirmed founder of Los Reporteros MX; hosts daily Sin Máscaras YouTube news show; 1.1M YouTube subscribers (reached 900K May 2025); won 2026 Premio Nacional de Periodismo in Digital Journalism at age 23 — youngest ever recipient; fully independent digital operation meeting YouTube (1.1M) and own brand criteria.",https://www.youtube.com/channel/UCH4M_4Ed6SUidQthmZ60M2g,
5,Latin America,Adrián Ackerman,Argentina,https://www.tiktok.com/@factosconadrian.ok,UNVERIFIED,https://factosconadrian.com,Website,Independent,Spanish,B,Runs own website Factosconadrian.com and YouTube — operates independently but content is partisan political commentary rather than journalism.,"Argentine content creator noted for political and social opinion videos seeking to open debates on national political issues.",Has own website. Content is political advocacy/commentary in defense of libertarian ideas — not traditional journalism. TIER B.,B-final,factosconadrian.com confirmed active; but X/Twitter content shows strongly partisan engagement (profanity directed at political figures) — content is political advocacy not journalism; no Atlas fit.,,Is Adrián Ackerman's content journalism (fact-based reporting/analysis) or primarily political advocacy?
6,Latin America,Marcela Marvel,Brazil,https://www.tiktok.com/@marcelamarveloficial,UNVERIFIED,,TikTok-only,Unknown,Portuguese,B,Journalist teaching journalism workshops and sharing esoteric/spiritual content — hybrid identity with no confirmed employer or journalism platform.,"Journalist with Social Communication degree who teaches journalism and spirituality workshops, sharing esotericism discussing rituals and tarot readings.",Content has pivoted significantly to spirituality/esoteric. TIER B — edge case.,C,Bio confirms content has pivoted to esoteric/spiritual workshops including tarot and rituals; journalism is no longer primary content; meets downgrade criterion for content pivot away from journalism.,,
7,Latin America,Abigail Luna,Argentina,https://www.tiktok.com/@abigailluna__,UNVERIFIED,,TikTok-only,iProfesional (contributor),Spanish,B,Has iProfesional experience but unclear if staff or freelance — translates policy/economics to TikTok.,"Politics and economics specialist with iProfesional experience who translates topics into brief, engaging, and easy-to-understand videos.",Contributor to institutional outlet. TikTok presence is own. TIER B.,B-final,Contributor status at iProfesional unconfirmed as staff or freelance; no own newsletter or YouTube found.,,Is Abigail Luna currently staff at iProfesional or freelance? Does she have her own newsletter or YouTube channel?
13,Latin America,Gizel Mobayed,Venezuela,https://www.tiktok.com/@gizelmobayed,UNVERIFIED,,Podcast,Unknown (TV presenter),Spanish,B,Television presenter with own podcast (Todo está escrito) — has independent audio platform alongside institutional TV work.,"Television presenter with over a decade's experience who shares humorous content, personal reflections, and trending topics plus interviews through podcast Todo está escrito.",Has podcast. But primary framing as TV presenter + podcast content appears non-journalistic. TIER B.,B-final,"Podcast 'Todo está escrito' confirmed on YouTube; podcast content is personal life philosophy ('Is everything written?') not journalism-primary; the ADN Venezuela project is a separate journalistic endeavor but no confirmed independent platform. Podcast has since ended ('Se despide Todo Está Escrito').","","Is Gizel Mobayed's ADN Venezuela project an independent journalism platform, or part of an institutional outlet? Is there an active independent publishing home?"
14,Latin America,Eugenio Albrecht,Argentina,https://www.tiktok.com/@eugenio.com.ar,UNVERIFIED,,TikTok-only,IERP (Evangelical Church communicator),Spanish,B,Ordained pastor serving as WCC communicator — journalism is secondary to religious communication. Has radio space but not independent journalism operation.,"Journalist and audiovisual producer sharing content combining political analysis, historical insight, and faith-informed perspectives.",LinkedIn shows IERP (Evangelical denomination) role. Radio space exists but institutional-religious rather than independent journalism.,B-final,Primary role confirmed as IERP (Evangelical denomination) communicator/pastor; journalism is secondary to religious communication role.,,Has Eugenio Albrecht separated from IERP to operate as an independent journalist? Does he have a journalism-specific platform?
15,Latin America,Dani Pequeño,Chile,https://www.tiktok.com/@daniipequeno,UNVERIFIED,,Podcast,Unknown,Spanish,B,Has podcast (Tranquilo Daniel) on mental health — podcast platform exists but content is mental health/personal growth not news journalism.,"Chilean content creator with distinctive style that blends humour, reflection, and cultural insight hosting podcast Tranquilo Daniel exploring mental health and personal growth.",Podcast confirmed. Not journalism-primary — mental health/lifestyle focus. TIER B.,B-final,Podcast 'Tranquilo Daniel' confirmed; content is mental health/personal growth — not journalism-primary; meets neither the journalism-content nor the independent-publisher criteria for upgrade.,,Does Dani Pequeño produce any journalism or current affairs content beyond the mental health podcast?
17,Latin America,Cristóvão Vieira,Brazil,https://www.tiktok.com/@cristovaovieiraoliveira,UNVERIFIED,,TikTok-only,Unknown,Portuguese,B,Produces short-form cultural/music history videos — no confirmed employer or independent publishing home.,"Brazilian journalist producing short-form videos that explore music history, cultural phenomena, and nostalgic moments with warm and engaging narrative style.",TikTok-only cultural content creator. TIER B.,B-final,Cultural/music history content is entertainment-adjacent not journalism-primary; TikTok-only with no independent platform found.,,Is Cristóvão Vieira's content journalism (news/analysis) or primarily cultural/music history entertainment?
18,Latin America,Laura Camila Vargas,Colombia,https://www.tiktok.com/@lauracamilavargas96,UNVERIFIED,,TikTok-only,El Tiempo (current staff confirmed),Spanish,B,El Tiempo experience but produces own political video columns for younger audiences — hybrid institutional/independent status.,"Journalist with El Tiempo experience who shares political video columns and civic education content to expand access to public-interest information.",El Tiempo is one of Colombia's largest newspapers — if current staff it's TIER C; if now independent with digital content it's TIER B. Defaulting to B.,C,El Tiempo author page confirmed active with articles published through 2025 — current institutional staff employment confirmed; first-pass 'past experience' classification was incorrect.,,
24,Latin America,Gabriel Méndez,Venezuela,https://www.tiktok.com/@gabrielmendezvzla,UNVERIFIED,https://www.youtube.com/channel/UC95NgHtJF_jJJMlLDLdOnVA,YouTube,Independent,Spanish,B,Has YouTube channel with 191K+ Instagram followers and entrepreneurship course platform — independent but focused on business education rather than news journalism.,"Venezuelan journalist recognized for informative and educational videos covering economic trends, entrepreneurship, and social issues while promoting free educational initiatives.",Independent content creator. Primary content is entrepreneurship education rather than journalism. TIER B.,B-final,YouTube channel confirmed; 191K+ Instagram followers confirmed; but content is entrepreneurship education/economic trends — not news journalism-primary.,,Does Gabriel Méndez produce any journalism content (news/reporting/investigation) beyond entrepreneurship education?
25,Latin America,Karol Gomes,Brazil,https://www.tiktok.com/@enfimkarol,UNVERIFIED,,TikTok-only,Obvious,Portuguese,B,Pop culture journalist at Obvious — a Brazilian digital media platform. Digital native outlet but Obvious is her employer not her own platform.,"Brazilian pop culture journalist at Obvious media platform who shares videos that analyse pop culture phenomena, film, and television blending humour with critical analysis.",Obvious is an employer not her own outlet. Digital native but institutional. TIER B.,B-final,Confirmed employed at Obvious (Brazilian digital media); the outlet is her employer not her own platform; no own newsletter/YouTube found.,,Is Karol Gomes currently staff at Obvious or freelance? Does she have her own platform beyond that affiliation?
28,Latin America,Francisco (Pancho) de Piérola,Peru,https://www.tiktok.com/@panch.pe,UNVERIFIED,,TikTok-only,Unknown,Spanish,B,Transitioned from TV to digital platforms — current employer unknown; mixes factual reporting with personal opinions on TikTok.,"Peruvian journalist beginning career in television, later transitioning to digital platforms, currently engaging audience through TikTok blending factual reporting with personal opinions.",Former TV journalist now primarily digital. No independent publishing home confirmed. TIER B.,B-final,Former TV journalist; TikTok-primary with no confirmed newsletter/YouTube/website as independent home.,,Does Pancho de Piérola have a personal website/YouTube/newsletter beyond TikTok?
30,Latin America,Glória Maria,Brazil,https://www.tiktok.com/@gloriamaria.ms,UNVERIFIED,,TikTok-only,Unknown,Portuguese,B,Journalist blending local culture and social commentary — Campo Grande-based but employer unclear.,"Journalist based in Campo Grande blending professional insights with personal anecdotes, highlighting local culture, food, and social commentary for authentic regional perspectives.",Insufficient info. TIER B.,B-final,No employer or independent platform found after research.,,Is Glória Maria freelance or employed? Does she have any publishing home beyond TikTok?
32,Latin America,Mari Broggi,Brazil,https://www.tiktok.com/@amaribroggi,UNVERIFIED,,TikTok-only,Unknown,Portuguese,B,Journalist contributing to publications on water sports and outdoor culture — freelance contributor but no own platform.,"Journalist blending storytelling, nature, and community life, contributing to publications on water sports and outdoor culture while sharing insights on sustainable living and coastal traditions.",Freelance contributor status. TIER B.,B-final,Freelance contributor status only; no own newsletter/website/YouTube found.,,Does Mari Broggi have her own newsletter or platform for water sports/outdoor journalism?
33,Latin America,Yamid López,Colombia,https://www.tiktok.com/@yamidlopez88,UNVERIFIED,,TikTok-only,Unknown,Spanish,B,Political storyteller and author from Medellín — award-winning journalist but no confirmed employer or independent outlet currently.,"Journalist from Medellín recognized for historical and political storytelling, author of book about the city and CIPA Award winner for journalistic excellence.",Author + journalist but no current independent publishing home confirmed. TIER B.,B-final,CIPA Award winner and book author confirm journalism credentials; but no current active independent platform found.,,Does Yamid López have an active journalism platform or newsletter currently?
34,Latin America,Bruna Tavares,Brazil,https://www.tiktok.com/@brunatavares.bt,UNVERIFIED,,TikTok-only,Unknown,Portuguese,B,Journalist turned beauty entrepreneur — has own brand but content has shifted from journalism to beauty/entrepreneurship.,"Journalist and beauty entrepreneur who started career in fashion and beauty journalism, collaborating with major outlets like UOL, GLOSS, and CARAS before entrepreneurship.",Content pivot away from journalism. TIER B — edge case. Not journalism-primary.,C,Content confirmed pivoted to beauty entrepreneurship; previous journalism credits (UOL/GLOSS/CARAS) are past; no current journalism output found; meets downgrade criterion for content pivot away from journalism.,,
39,Latin America,Antonio Nieves,Argentina,https://www.tiktok.com/@antonionvs_,UNVERIFIED,,TikTok-only,Unknown,Spanish,B,Sports journalist known as Antonio NBA creating own TikTok content — employer unknown.,"Argentine sports journalist known as Antonio NBA creating dynamic TikTok content featuring game analysis, player commentary, and easy-to-follow breakdowns.",Own brand but no independent platform confirmed. TIER B.,B-final,Own brand (Antonio NBA) confirmed; TikTok-primary with no confirmed newsletter/website/YouTube.,,Does Antonio NBA have a website/podcast/YouTube beyond TikTok?
41,Latin America,Luis Gonzalo Pérez,Colombia,https://www.tiktok.com/@luisgonzaloprz,UNVERIFIED,,TikTok-only,Independent (exiled),Spanish,B,Venezuelan journalist in exile in Colombia operating independently but no confirmed newsletter/podcast/website as primary publishing home.,"Venezuelan journalist based in Colombia and international correspondent known for political reporting, currently in exile sharing political insights and personal reflections.",Fled Venezuela after Maduro threats (Sept 2024). Operates independently but TikTok/social as primary channel. TIER B — could upgrade if independent outlet confirmed.,A,"RSF has individual victim profile for Luis Gonzalo Pérez; LatAm Journalism Review (Knight Center) documented his forced exile in September 2024 after threats from Maduro regime following coverage of opposition campaign; also documented by VOA and Orato World; previously detained while reporting for NTN24 (CPJ 2021 case). Press freedom organization documentation of independent journalist under threat/exile triggers Atlas override rule.",https://latamjournalismreview.org/news/journalist-luis-gonzalo-perez-flees-venezuela-due-to-threats-from-maduro-regime/,
42,Latin America,Olenka Correa,Chile,https://www.tiktok.com/@olenkapcorrea,UNVERIFIED,,TikTok-only,Unknown,Spanish,B,Peruvian journalist in Chile documenting Latin America — no confirmed employer or independent platform.,"Peruvian journalist based in Chile with Communication Sciences background documenting explorations across Latin America, highlighting traditions, history, and natural wonders.",TikTok-primary travel journalism. TIER B.,B-final,TikTok-primary with no confirmed newsletter/YouTube/website found.,,Does Olenka Correa have any publishing platform beyond TikTok?
43,Latin America,Sara Sofía,Colombia,https://www.tiktok.com/@demosofia,UNVERIFIED,,TikTok-only,Unknown,Spanish,B,Cultural storyteller under personas Demosofía and Nena Magdalena — no confirmed employer or independent publishing home.,"Journalist with personas Demosofía and Nena Magdalena creating content exploring salsa music, Colombian traditions, and cultural storytelling tied to national identity.",Cultural content creator. No platform beyond social. TIER B.,B-final,Cultural/music storytelling (salsa/Colombian traditions) is entertainment-adjacent; TikTok-primary with no independent journalism platform found.,,Is Demosofía's content journalism-primary or primarily cultural entertainment?
44,Latin America,Diego Deheza,Bolivia,https://www.tiktok.com/@diego_futbolclub,UNVERIFIED,,TikTok-only,Unknown,Spanish,B,Sports journalist under own Diego FC brand — no confirmed employer or independent publishing home.,"Sports journalist known as Diego FC offering dynamic football coverage including match highlights, commentary, and insights on Bolivian and international football.",Own brand. TikTok-primary. TIER B.,B-final,Own Diego FC brand confirmed but TikTok-primary with no website/newsletter/YouTube found.,,Does Diego FC have a website/podcast/YouTube beyond TikTok?
45,Latin America,Rodrigo López,Argentina,https://www.tiktok.com/@rodrigolopezv247,UNVERIFIED,,TikTok-only,Unknown,Spanish,B,Music journalist specializing in rap/rock/trap — no confirmed employer or independent platform.,"Music journalist specializing in rap, trap, and rock, sharing music reviews, artist interviews, and cultural commentary on Instagram and TikTok.",No publishing home confirmed. TIER B.,B-final,Music criticism/journalism is niche; TikTok-primary with no independent platform found.,,Does Rodrigo López have a music journalism platform beyond social media?
50,Latin America,Irama Gil,Ecuador,https://www.tiktok.com/@iramagilperiodista,UNVERIFIED,,TikTok-only,Unknown,Spanish,B,Digital content creator and marketing specialist — shares news and commentary but no employer or independent platform confirmed.,"Digital content creator and marketing specialist sharing news, opinion pieces, and commentary on current events in Ecuador and Latin America.",Marketing/creator identity. TIER B.,B-final,Marketing specialist identity alongside journalism complicates independence; no employer or platform confirmed.,,Is Irama Gil primarily a journalist or digital marketing professional? Does she have any independent journalism platform?
53,Latin America,Eleazar Álvarez,Chile,https://www.tiktok.com/@eleazar_noticias,UNVERIFIED,,TikTok-only,Unknown,Spanish,B,Venezuelan journalist based in Chile — no confirmed employer or independent publishing home.,"Venezuelan journalist based in Chile covering current events through engaging news coverage, focusing on social issues and political developments in Chile and Latin America.",No platform data. TIER B.,B-final,Venezuelan exile journalist in Chile; TikTok-primary with no confirmed platform beyond social.,,Does Eleazar Álvarez have a newsletter/YouTube/website beyond TikTok? Is he documented by any press freedom organization as a journalist under pressure?
56,Latin America,Agustina Vidal,Argentina,https://www.tiktok.com/@agusvidal__,UNVERIFIED,https://futfemgol.com,Website,Fox Sports Argentina (primary) + FutFemGol (co-director),Spanish,B,Co-director of FutFemGol (South America's top women's football digital outlet) but also Fox Sports Argentina presenter — dual affiliation. FutFemGol is fan-supported and independently run but she holds institutional role alongside it.,"Argentine sports journalist and radio host who contributed to ESPN, Telefe, and Fox Sports Argentina, covering FIFA Women's World Cup and Copa América, co-director of women's football platform Futfemgol.",Fox Sports Argentina role is institutional. FutFemGol is genuinely independent but she's dual-affiliated. TIER B.,B-final,LinkedIn and Fox Sports Argentina website confirm current staff role as primary employer; FutFemGol co-directorship is secondary to institutional role.,,Has Agustina Vidal left Fox Sports Argentina to focus full-time on FutFemGol? If yes this would be a strong upgrade candidate.
61,Latin America,Iona Bitler,Argentina,https://www.tiktok.com/@io.bitler,UNVERIFIED,,TikTok-only,Pasión Monumental,Spanish,B,Sports journalist covering River Plate for Pasión Monumental — independent fan/sports media outlet rather than major institutional broadcaster.,"Argentine sports journalist covering River Plate for Pasión Monumental, also a radio host and content producer.",Pasión Monumental appears to be independent River Plate fan media. Radio host role unclear. TIER B — could be TIER A if Pasión Monumental is independently run; needs verification.,B-final,LinkedIn confirms journalist at Pasión Monumental; the outlet is independent digital fan media (not institutional broadcaster) but it is her employer/platform not her own operation; radio host outlet unconfirmed.,,Is Pasión Monumental fan-supported and editorially independent? What radio station does Iona Bitler host for?
73,Latin America,Regina Volpato,Brazil,https://www.tiktok.com/@regina_volpato,UNVERIFIED,,TikTok-only,Unknown (former SBT),Portuguese,B,Former institutional TV presenter (hosted Casos de Família on SBT) now independent on social media focusing on mental health and personal content.,"Brazilian journalist and TV presenter who began career in 1990s, hosted Casos de Família on SBT, now focuses on mental health, women's empowerment, and personal reflections on social media.",Former institutional; now appears to operate independently as lifestyle/mental health content creator. Not journalism-primary. TIER B.,B-final,Former institutional (SBT); now focuses on mental health/women's empowerment content — not journalism-primary; no journalism publishing platform found.,,Has Regina Volpato returned to journalism? Is any current content journalism vs. personal lifestyle?
74,Latin America,Carolay Morales,Colombia,https://www.tiktok.com/@carolaymoralesp,UNVERIFIED,,TikTok-only,"RCN Radio, elTOQUE",Spanish,B,King of Spain Award winner for radio reporting; works at RCN Radio (institutional) AND elTOQUE (independent digital news outlet) — dual affiliation. Strong credentials but not fully independent.,"Colombian storyteller with 15+ years in radio and digital media, won 2019 King of Spain International Journalism Award for Milagro del destino, focuses on migration, human rights, and cross-cultural storytelling.",Dual affiliation: institutional (RCN Radio) + independent digital (elTOQUE). TIER B. If she shifted fully to elTOQUE she'd be strong A.,B-final,LinkedIn and RCN Radio author page confirm current staff role; elTOQUE contributor confirmed but secondary to RCN Radio primary.,,Has Carolay Morales left RCN Radio to work primarily at elTOQUE? If so she would be a strong upgrade candidate with King of Spain Award credentials.
76,Latin America,Wilo Prado,Ecuador,https://www.tiktok.com/@wilopradoec,UNVERIFIED,https://wilopradostudio.com,Website/Podcast,UnsionTV (primary anchor) + Wilo Prado Studio,Spanish,B,Main news anchor at UnsionTV (institutional) but also runs independent Wilo Prado Studio with website and podcast. Dual affiliation — institutional primary + own operation alongside.,"Versatile journalist and media entrepreneur based in Cuenca; anchors news on UnsionTV; correspondent for TC Televisión; leads Wilo Prado Studio for digital content production.",1.5M+ social media followers. Dual role: institutional anchor + own studio. TIER B.,B-final,UnsionTV primary anchor role confirmed via Facebook posts from UnsionTV; Wilo Prado Studio is secondary to institutional anchor primary role.,,Has Wilo Prado left UnsionTV to operate Wilo Prado Studio as his primary role? That would make him a strong upgrade candidate.
80,Latin America,Angel Peña,Venezuela,https://www.tiktok.com/@elangeldelapena,UNVERIFIED,,TikTok-only,Unknown,Spanish,B,Journalist/theatre practitioner using satire and comedy for Venezuelan commentary — no confirmed employer or independent platform.,"Journalist combining journalism, theatre, and digital creativity; uses satire and personal anecdotes shedding light on Venezuelan realities through comedy and social awareness.",Creative digital presence. No publishing home confirmed. TIER B.,B-final,Satire/theatre format alongside journalism; no independent platform found; Venezuela context is important but no press freedom org documentation found.,,Does Angel Peña have any journalism platform beyond TikTok? Is he documented by CPJ/RSF as a journalist under pressure in Venezuela?
81,Latin America,Meche Pesantes,Ecuador,https://www.tiktok.com/@mechepesantes,UNVERIFIED,,TikTok-only,Unknown (Teleamazonas — status unclear),Spanish,B,Left Teleamazonas in 2023 for academic/professional projects — current status transitional. May now be independent.,"Journalist and television presenter; hosted En Corto entertainment segment on Teleamazonas; left in 2023 for academic and professional projects; connects audiences through storytelling.",Transitional. Former institutional. Current platform unclear. TIER B.,B-final,Research found December 2024 article placing her in Teleamazonas' '24 horas en la comunidad' reporter group — suggests she returned to or never fully left Teleamazonas; current status conflicting.,,Is Meche Pesantes currently employed at Teleamazonas as of 2025 or operating independently?
82,Latin America,Marco Parra,Chile,https://www.tiktok.com/@m11rcoparra,UNVERIFIED,,TikTok-only,Unknown,Spanish,B,Journalist and digital content creator covering football — no confirmed employer or independent platform.,"Journalist and digital content creator known for blending sports analysis with humor; content focuses on football news, player transfers, and FIFA discussions.",No publishing home found. TIER B.,B-final,No employer or independent platform found.,,Does Marco Parra have a website/podcast/YouTube beyond TikTok?
84,Latin America,Sarah Sanabria,Bolivia,https://www.tiktok.com/@sarahandreasanabria,UNVERIFIED,,TikTok-only,Unknown (radio),Spanish,B,Journalist/digital creator/radio host — radio host role suggests institutional but outlet unnamed.,"Journalist, digital creator, and radio host from Cochabamba; known for sharp political satire; openly intersex and trans woman advocating for LGBTQ+ rights and mental health.",Radio host suggests institutional. Advocacy focus is notable. TIER B.,B-final,Radio host role suggests institutional employer; no outlet named; advocacy journalist identity does not confirm independence.,,What radio station does Sarah Sanabria host for and is it independently operated?
85,Latin America,Sol Lawer,Argentina,https://www.tiktok.com/@lawsol_,UNVERIFIED,,TikTok-only,Unknown,Spanish,B,Sports journalist and digital content creator from Córdoba — no confirmed employer or independent platform.,"Sports journalist and digital content creator from Córdoba; covers Argentine football with passion for San Lorenzo; shares live commentary and match analyses on TikTok.",No publisher found. TIER B.,B-final,No employer or independent platform found.,,Is Sol Lawer freelance or employed? Does she have a website/podcast/YouTube?
88,Latin America,Soy Alan,Ecuador,https://www.tiktok.com/@soyalan_ec,UNVERIFIED,,TikTok-only,Unknown,Spanish,B,Journalist known for travel storytelling under own brand Soy Alan — no confirmed employer or independent publishing home.,"Journalist known for engaging storytelling and travel experiences showcasing Ecuador's diversity; nominated for 2025 Influencer Awards Travel category on TikTok.",Own brand. TikTok-primary. TIER B.,B-final,TikTok Influencer Award nomination confirms platform presence; but no website/newsletter/YouTube found beyond TikTok.,,Does Soy Alan have a website/YouTube/newsletter beyond TikTok?
92,Latin America,Suyen Cortez Rojas,Nicaragua,https://www.tiktok.com/@suyencortezrojas,UNVERIFIED,,TikTok-only,Unknown (former Canal 13),Spanish,B,Pivoted from journalism to entrepreneurship/lifestyle/coaching — no confirmed current employer or journalism platform.,"Well-known journalist from Canal 13; shifted toward entrepreneurship; shares lifestyle, coaching, and personal growth content on digital platforms.",Former Canal 13 (institutional). Content pivot away from journalism. TIER B.,C,Confirmed content pivot from journalism to entrepreneurship/lifestyle/personal coaching; former Canal 13 journalist whose current output is not journalism; meets downgrade criterion for content pivot away from journalism.,,
98,Latin America,Hervin Yeomans,Chile,https://www.tiktok.com/@hervinyeomans,UNVERIFIED,,TikTok-only,Unknown,Spanish,B,Journalist merging journalism with book reviews and cultural discussions on social media — no confirmed employer or independent publishing home.,"Journalist and avid reader merging journalism with literature through social media book reviews, recommendations, and cultural discussions.",Literary content creator with journalism background. TIER B.,B-final,Book reviews/literary commentary is not journalism-primary; TikTok-primary with no independent publishing platform found.,,Does Hervin Yeomans produce journalism (news/reporting) content beyond book reviews and literary commentary?
99,Latin America,Melissa Martínez,Colombia,https://www.tiktok.com/@melissamartinezoficial,UNVERIFIED,,TikTok-only,"Fox Sports, ESPN Colombia (past)",Spanish,B,Former Fox Sports and ESPN Colombia sports journalist — unclear current employer; founded own fashion brand MM Store alongside journalism.,"Sports journalist and TV presenter with passion for football; worked at Fox Sports and ESPN Colombia; founded MM Store fashion boutique; awarded Mujer Orgullo de Colombia 2023.",Former institutional. Current employer unclear. Fashion brand isn't journalism. TIER B.,C,Confirmed current staff at ESPN Colombia (post-Fox Sports/ESPN merger) as of 2025; institutional employer confirmed; 'past' classification in first pass was incorrect.,,
1,Southeast Asia,Seavmin Kalip,Cambodia,https://www.tiktok.com/@seavmin999,UNVERIFIED,,TikTok-only,Unknown,Khmer,B,Journalist and content creator doing reporting-style videos and local coverage — no confirmed employer or independent platform.,"Cambodian journalist and content creator active on TikTok and Facebook, work focuses on reporting-style videos and local coverage, often presented in a casual, on-the-ground format.",No employer or platform data. TIER B.,B-final,No employer or independent platform found after research.,,Can you confirm Seavmin Kalip's employer or any independent publishing platform?
8,Southeast Asia,Emcee Kishen,Malaysia,https://www.tiktok.com/@emceekishen,UNVERIFIED,,TikTok-only,Unknown,Malay/English,B,Event host/bilingual speaker/news presenter hybrid — no confirmed employer or independent publishing home.,"Malaysian event host, bilingual speaker, and news presenter who creates digital content on TikTok and Instagram, work spans hosting live events, delivering news-style segments, and producing entertainment content.",Host/emcee identity. Insufficient info. TIER B.,B-final,Emcee/event host identity is entertainment-primary; news presenter role suggests possible institutional affiliation; no independent journalism platform confirmed.,,Is Emcee Kishen employed by a broadcaster as a news presenter or is he an independent host? Any journalism platform beyond TikTok?
10,Southeast Asia,Rizky Melia,Indonesia,https://www.tiktok.com/@rizkymeliaa,UNVERIFIED,,TikTok-only,Unknown,Indonesian,B,Sports journalism content creator focusing on football — no confirmed employer or independent publishing home.,"Indonesian content creator who blends sports journalism with digital storytelling, focusing primarily on football, delivering match analysis, commentary, and fan reactions.",TikTok-primary sports content. No platform confirmed. TIER B.,B-final,TikTok-primary sports content; no employer or independent platform found.,,Is Rizky Melia freelance or employed? Does she have a YouTube/podcast/website?
12,Southeast Asia,Seng Moliny,Cambodia,https://www.tiktok.com/@sengmolinyjournalist,UNVERIFIED,,TikTok-only,Unknown,Khmer,B,Sports journalist specializing in traditional Cambodian martial arts (kbach kun) — no confirmed employer or platform.,"Journalist specializing in sports and traditional Cambodian martial arts (kbach kun), promoting cultural heritage.",Niche sports/cultural focus. Insufficient info. TIER B.,B-final,Niche sports/cultural content; no employer or independent platform found.,,Is Seng Moliny freelance or employed? Does he have any publishing platform beyond TikTok?
13,Southeast Asia,Kriss Fowler,Malaysia,https://www.tiktok.com/@k.r.i.s.s.s_f.o.w.l.e.r,UNVERIFIED,,TikTok-only,Unknown,Malay/English,B,Multilingual host/emcee with community-focused journalism — no confirmed employer or independent publishing home.,"Multilingual host and emcee engaged in community-focused journalism, using digital platforms to inform.",Host/emcee identity. TIER B.,B-final,Host/emcee identity is entertainment-adjacent; no confirmed journalism employer or independent platform.,,Is Kriss Fowler a journalist with an independent platform or primarily an event host/emcee?
14,Southeast Asia,Vũ Phương Thảo,Vietnam,https://www.tiktok.com/@thaovuu,UNVERIFIED,,TikTok-only,Unknown (esports broadcaster),Vietnamese,B,Esports host and analyst — no confirmed employer or independent platform. Esports broadcasting may be contracted.,"Esports host and analyst for SEA Games 31 and Arena of Valor Premier League, demonstrating deep insight into gaming culture.",Esports broadcaster. Employer unclear. TIER B.,B-final,Esports broadcasting for SEA Games and professional leagues is contracted/institutional; no independent journalism platform found.,,Is Vũ Phương Thảo contracted to a specific esports organization or operating independently? Any journalism platform beyond esports broadcasting?
15,Southeast Asia,Esra Freswita Ambarita,Indonesia,https://www.tiktok.com/@eca_ambarita,UNVERIFIED,,TikTok-only,Unknown,Indonesian,B,Field reporter known for human-interest storytelling — no confirmed employer or independent platform.,"Field reporter known for human-interest storytelling, covering breaking news, community events, and cultural stories.",Insufficient info. TIER B.,B-final,Field reporter descriptor suggests employer; no outlet or independent platform found.,,Who employs Esra Freswita Ambarita? Is the outlet independently operated?
16,Southeast Asia,Nguyễn Việt Nga,Vietnam,https://www.tiktok.com/@ngamazing,UNVERIFIED,,TikTok-only,Unknown (VBA),Vietnamese,B,Sports reporter covering Vietnam Basketball Association — no confirmed employer or independent platform.,"Sports reporter covering Vietnam Basketball Association events, sharing insights and tips on becoming a sports presenter.",Institutional likely (VBA coverage suggests contracted role). TIER B.,B-final,VBA coverage suggests contracted/institutional sports broadcaster role; no independent platform found.,,Is Nguyễn Việt Nga contracted to the VBA or operating independently? Any journalism platform beyond basketball coverage?
24,Southeast Asia,Yuni Galuh Dirgantara,Indonesia,https://www.tiktok.com/@yunigaluhdirgantara10,UNVERIFIED,,TikTok-only,Unknown,Indonesian,B,Journalist sharing news-style content with direct delivery — no confirmed employer or independent platform.,"Journalist sharing news-style content with direct and engaging delivery, combining field footage and voiceovers.",No employer or platform data. TIER B.,B-final,No employer or independent platform found.,,Is Yuni Galuh Dirgantara freelance or employed? Any independent publishing platform?
25,Southeast Asia,Busra Alvero,Indonesia,https://www.tiktok.com/@busraalvero1,UNVERIFIED,,TikTok-only,Unknown,Indonesian,B,Travel journalist — no confirmed employer or independent publishing home.,"Travel journalist creating content that blends personal exploration with informative reporting across Indonesian destinations.",TikTok-primary travel journalism. TIER B.,B-final,Travel journalism content; TikTok-primary with no independent platform found.,,Does Busra Alvero have a website/newsletter/YouTube for travel journalism beyond TikTok?
27,Southeast Asia,Heru Hermawan,Indonesia,https://www.tiktok.com/@heruhermawan_10,UNVERIFIED,,TikTok-only,Independent (self-described),Indonesian,B,Described as digital storyteller and independent journalist — no specific outlet or employer confirmed beyond this self-description.,"Digital storyteller and independent journalist producing on-the-ground reporting, interviews, and commentary on social issues.",Self-described independent but no independent publishing platform confirmed. TIER B.,B-final,Multiple Heru Hermawans found in Indonesia in different industries; specific journalism platform not found.,,Can you confirm Heru Hermawan's specific journalism platform or employer? What outlet does he produce on-the-ground reporting for?
34,Southeast Asia,Randy Gragaz,Indonesia,https://www.tiktok.com/@randy.gragaz,UNVERIFIED,,TikTok-only,Unknown (former Jogja TV and JTV),Indonesian,B,Former presenter for Jogja TV and JTV — current employer/status unclear. May now be independent.,"Indonesian media professional and content creator with broadcast journalism background, former presenter for Jogja TV and JTV.",Former institutional; current status unclear. TIER B — could upgrade if now independent.,B-final,Former institutional (Jogja TV/JTV); current status could not be confirmed; no independent platform found.,,Is Randy Gragaz currently freelance or re-employed? Does he have any independent journalism platform?
37,Southeast Asia,Jovi Lloza,Philippines,https://www.tiktok.com/@joviplloza,UNVERIFIED,,TikTok-only,Unknown,Filipino/English,B,Showbiz journalist under own Veejo Files brand — no confirmed institutional employer or independent publishing home beyond social.,"Filipino showbiz journalist and digital storyteller who goes by on-screen name Veejo Files, sharing mini entertainment reports and celebrity updates.",Own brand but TikTok/social primary. TIER B.,B-final,Veejo Files brand confirmed but TikTok/social-primary with no website/newsletter/podcast found; showbiz/entertainment content is also not news journalism.,,Does Veejo Files/Jovi Lloza have a website or podcast beyond TikTok? Is the content journalism or entertainment reporting?
38,Southeast Asia,Trung Nghĩa Võ,Vietnam,https://www.tiktok.com/@binological,UNVERIFIED,,TikTok-only,Unknown,Vietnamese,B,Travel journalist and content creator sharing immersive travel stories — no confirmed employer or independent platform.,"Vietnamese travel journalist and content creator known for sharing immersive travel stories highlighting Vietnam's natural beauty and cultural sites.",TikTok-primary travel content. TIER B.,B-final,Travel content creator; TikTok-primary with no independent platform found.,,Does Trung Nghĩa Võ have a website/newsletter/YouTube for travel journalism beyond TikTok?
40,Southeast Asia,Norng Narin,Cambodia,https://www.tiktok.com/@norngnarinofficial,UNVERIFIED,,YouTube,Unknown,Khmer,B,Journalist with YouTube channel exploring storytelling across genres — has secondary platform but employer unclear.,"Cambodian journalist who covers sports and international news, exploring storytelling across genres on his YouTube channel including suspenseful narratives.",YouTube is a positive signal. No employer confirmed. TIER B.,B-final,YouTube channel confirmed but subscriber count not found; no employer or editorial independence confirmed.,,How many YouTube subscribers does Norng Narin have and is his content journalism-primary?
45,Southeast Asia,Claire Jedrek,Singapore,https://www.tiktok.com/@cljedrek,UNVERIFIED,,TikTok-only,Unknown (former TV presenter),English,B,Former race car driver turned TV presenter — current employer unclear. May now operate independently as broadcaster/host.,"British-born, Singapore-based former race car driver turned TV presenter and broadcaster with over 18 years in lifestyle, tech, esports, and fitness media.",Former institutional TV presenter. Current status unclear. TIER B.,B-final,Former institutional TV presenter; no current employer confirmed; operates primarily in lifestyle/tech/esports media not journalism-primary.,,Is Claire Jedrek currently employed or freelance? Does she have an independent journalism platform?
46,Southeast Asia,Karthik Kandthey,Singapore,https://www.tiktok.com/@emceekarthikk,UNVERIFIED,,TikTok-only,Unknown,English/Tamil,B,Seasoned TV presenter and emcee — no confirmed current employer or independent platform.,"Seasoned TV presenter and emcee based in Singapore with over 14 years in entertainment industry.",Entertainment industry host. Insufficient info. TIER B.,B-final,Entertainment/hosting identity; no journalism employer or independent platform confirmed.,,Is Karthik Kandthey employed by a broadcaster or operating independently? Any journalism platform?
47,Southeast Asia,Jade Seah,Singapore,https://www.tiktok.com/@jadeseah,UNVERIFIED,,TikTok-only,Unknown (former TV host),English,B,Former TV host on The 5 Show and Hello! Singapore — current employer/status unclear. May now operate independently.,"Singaporean media personality and former TV host known for her work on shows like The 5 Show and Hello! Singapore.",Former institutional TV host. Current status unknown. TIER B.,B-final,Former institutional TV host; current status unclear; no independent journalism platform found.,,Is Jade Seah currently employed or operating independently? Any journalism platform beyond social media?
50,Southeast Asia,Hans Hamid,Singapore,https://www.tiktok.com/@hans.hamid,UNVERIFIED,,TikTok-only,Unknown,English/Malay,B,Content creator and media commentator — no journalism employer or independent platform confirmed.,"Singapore based content creator and media commentator who shares lifestyle, motivational content, and social insights on TikTok, Instagram and X.",Content creator identity. No journalism institutional or independent platform. TIER B.,B-final,Lifestyle/motivational content is not journalism-primary; no independent journalism platform found.,,Is Hans Hamid producing journalism content or primarily lifestyle/motivational content? Any journalism platform?
