file	line	old	new	role	property	source
about-this-project.html	38	#efeff2	#efeff4	var-def	--light-gray	--light-gray: #efeff2;
about-this-project.html	39	#313131	#303036	var-def	--dark-gray	--dark-gray: #313131;
about-this-project.html	65	#313131	#303036	text	color	.about-subnav-link:hover { color: #313131; }
about-this-project.html	67	#313131	#303036	text	color	color: #313131;
about-this-project.html	73	#efeff2	#efeff4	bg/fill	background	.about-section--gray { background: #efeff2; }
about-this-project.html	119	#efeff2	#efeff4	bg/fill	background	background: #efeff2;
about-this-project.html	125	#313131	#303036	text	color	color: #313131;
about-this-project.html	171	#efeff2	#efeff4	bg/fill	background	background: #efeff2;
about-this-project.html	225	#313131	#303036	text	color	color: #313131;
about-this-project.html	283	#313131	#303036	text	color	color: #313131;
about-this-project.html	334	#efeff2	#efeff4	bg/fill	background	background: #efeff2;
about-this-project.html	339	#313131	#303036	text	color	color: #313131;
about-this-project.html	408	#efeff2	#efeff4	bg/fill	background	background: #efeff2;
advisory.html	39	#efeff2	#efeff4	var-def	--light-gray	--light-gray: #efeff2;
advisory.html	41	#313131	#303036	var-def	--dark-gray	--dark-gray: #313131;
advisory.html	248	#313131	#303036	text	color	.about-subnav-link:hover { color: #313131; }
advisory.html	250	#313131	#303036	text	color	color: #313131;
assets/css/header.css	120	#313131	#303036	text	color	color: #313131;
assets/css/header.css	161	rgba(49,49,49,0.4)	rgba(48,48,54,0.4)	text	color	color: rgba(49,49,49,0.4);
assets/css/header.css	162	rgba(49,49,49,0.18)	rgba(48,48,54,0.18)	border	border	border: 1px solid rgba(49,49,49,0.18);
assets/css/variables.css	24	#313131	var(--gray-cool-6)	var-def	--color-dark-gray	--color-dark-gray:   #313131;
assets/css/variables.css	25	#efeff2	var(--gray-cool-2)	var-def	--color-light-gray	--color-light-gray:  #efeff2;
assets/css/variables.css	32	#efeff2	var(--gray-cool-2)	var-def	--light-gray	--light-gray:  #efeff2;
assets/css/variables.css	33	#313131	var(--gray-cool-6)	var-def	--dark-gray	--dark-gray:   #313131;
assets/css/variables.css	80	#efeff2	var(--gray-cool-2)	var-def	--color-bg	--color-bg:             #efeff2;   /* Primary page background */
assets/css/variables.css	82	#313131	var(--gray-cool-6)	var-def	--color-text	--color-text:           #313131;   /* Primary body text */
assets/css/variables.css	86	#6b6b6b	var(--gray-cool-5)	var-def	--color-text-secondary	--color-text-secondary: #6b6b6b;   /* Secondary text on light surfaces */
assets/css/variables.css	97	#313131	var(--gray-cool-6)	var-def	--color-bg-dark	--color-bg-dark:            #313131;
assets/css/variables.css	99	#efeff2	var(--gray-cool-2)	var-def	--color-text-dark	--color-text-dark:          #efeff2;
atlas-portal/index.html	27	#efeff2	#efeff4	var-def	--light-gray	--light-gray: #efeff2;
atlas-portal/index.html	28	#313131	#303036	var-def	--dark-gray	--dark-gray: #313131;
atlas-portal/index.html	440	#ff9600	#ffaa00	comment	-	/* DESIGN-TOKEN FIX: Viz orange (#ff9600) replaced with proper warning status color — viz colors mus
atlas-portal/index.html	768	#313131	#303036	other/JS		<div class="color-option" data-color="#313131" style="background-color: #313131;" title="Dark Gray">
atlas-portal/index.html	768	#313131	#303036	bg/fill	background-color	<div class="color-option" data-color="#313131" style="background-color: #313131;" title="Dark Gray">
atlas-portal/index.html	772	#313131	#303036	other/JS		<div class="color-option" data-color="#313131" style="background-color: #313131;" title="Dark Gray">
atlas-portal/index.html	772	#313131	#303036	bg/fill	background-color	<div class="color-option" data-color="#313131" style="background-color: #313131;" title="Dark Gray">
atlas-signal-brief.html	71	#313131	#303036	bg/fill	background	/* DESIGN-TOKEN FIX: Dark olive bar fill replaced with dark gray — olive retired from palette */ .ba
atlas-signal-brief.html	82	#313131	#303036	bg/fill	background	/* DESIGN-TOKEN FIX: Lime green category chip (resting state) replaced with dark gray — lime green i
atlas-signal-brief.html	110	#313131	#303036	border	border-left-color	/* DESIGN-TOKEN FIX: Lime green resting border replaced with dark gray — lime green is hover-only */
atlas-signal-brief.html	171	#313131	#303036	text	color	/* DESIGN-TOKEN FIX: Dark olive label color replaced with dark gray — olive retired from palette */ 
atlas-signal-brief.html	175	#313131	#303036	bg/fill	background	.footer { background: #313131; color: #aaa; padding: 24px 48px; font-size: 12px; text-align: center;
atlas_pulse_intelligence.html	27	#efeff2	#efeff4	var-def	--text	--text:#efeff2;--muted:#777;--muted2:#444;
atlas_wire_intelligence.html	15	#efeff2	#efeff4	var-def	--text	--text:#efeff2;--muted:#777;--muted2:#444;
atlas_wire_review.html	19	#efeff2	#efeff4	var-def	--text	--text: #efeff2;
beat-climate.html	43	#efeff2	#efeff4	bg/fill	background	background: #efeff2; padding: 20px 48px;
beat-climate.html	102	#313131	#303036	text	color	.gap-list { font-size: 14px; font-weight: 600; color: #313131; line-height: 1.8; }
beat-climate.html	119	#313131	#303036	text	color	/* DESIGN-TOKEN FIX: Lime green resting state replaced with dark gray — lime green is hover-only */ 
beat-climate.html	195	#efeff2	#efeff4	bg/fill	background	<span class="legend-item"><span class="legend-dot" style="background:#efeff2"></span>Smaller presenc
beat-climate.html	200	#efeff2	#efeff4	bg/fill	background	<span class="pill" style="background:#efeff2;color:#313131" title="3 creators">San Francisco, CA <sp
beat-climate.html	200	#313131	#303036	text	color	<span class="pill" style="background:#efeff2;color:#313131" title="3 creators">San Francisco, CA <sp
beat-climate.html	201	#efeff2	#efeff4	bg/fill	background	<span class="pill" style="background:#efeff2;color:#313131" title="3 creators">National - US <span c
beat-climate.html	201	#313131	#303036	text	color	<span class="pill" style="background:#efeff2;color:#313131" title="3 creators">National - US <span c
beat-climate.html	202	#efeff2	#efeff4	bg/fill	background	<span class="pill" style="background:#efeff2;color:#313131" title="3 creators">Texas - US <span clas
beat-climate.html	202	#313131	#303036	text	color	<span class="pill" style="background:#efeff2;color:#313131" title="3 creators">Texas - US <span clas
beat-climate.html	203	#efeff2	#efeff4	bg/fill	background	<span class="pill" style="background:#efeff2;color:#313131" title="3 creators">Washington, D.C. <spa
beat-climate.html	203	#313131	#303036	text	color	<span class="pill" style="background:#efeff2;color:#313131" title="3 creators">Washington, D.C. <spa
beat-climate.html	204	#efeff2	#efeff4	bg/fill	background	<span class="pill" style="background:#efeff2;color:#313131" title="3 creators">United Kingdom <span 
beat-climate.html	204	#313131	#303036	text	color	<span class="pill" style="background:#efeff2;color:#313131" title="3 creators">United Kingdom <span 
beat-climate.html	205	#efeff2	#efeff4	bg/fill	background	<span class="pill" style="background:#efeff2;color:#313131" title="2 creators">International <span c
beat-climate.html	205	#313131	#303036	text	color	<span class="pill" style="background:#efeff2;color:#313131" title="2 creators">International <span c
beat-climate.html	206	#efeff2	#efeff4	bg/fill	background	<span class="pill" style="background:#efeff2;color:#313131" title="2 creators">Maine - US <span clas
beat-climate.html	206	#313131	#303036	text	color	<span class="pill" style="background:#efeff2;color:#313131" title="2 creators">Maine - US <span clas
beat-climate.html	207	#efeff2	#efeff4	bg/fill	background	<span class="pill" style="background:#efeff2;color:#313131" title="2 creators">Montana, U.S. <span c
beat-climate.html	207	#313131	#303036	text	color	<span class="pill" style="background:#efeff2;color:#313131" title="2 creators">Montana, U.S. <span c
beat-climate.html	208	#efeff2	#efeff4	bg/fill	background	<span class="pill" style="background:#efeff2;color:#313131" title="2 creators">Colorado - US <span c
beat-climate.html	208	#313131	#303036	text	color	<span class="pill" style="background:#efeff2;color:#313131" title="2 creators">Colorado - US <span c
beat-climate.html	209	#efeff2	#efeff4	bg/fill	background	<span class="pill" style="background:#efeff2;color:#313131" title="2 creators">Alabama - US <span cl
beat-climate.html	209	#313131	#303036	text	color	<span class="pill" style="background:#efeff2;color:#313131" title="2 creators">Alabama - US <span cl
beat-climate.html	210	#efeff2	#efeff4	bg/fill	background	<span class="pill" style="background:#efeff2;color:#313131" title="1 creator">New York - US <span cl
beat-climate.html	210	#313131	#303036	text	color	<span class="pill" style="background:#efeff2;color:#313131" title="1 creator">New York - US <span cl
beat-climate.html	211	#efeff2	#efeff4	bg/fill	background	<span class="pill" style="background:#efeff2;color:#313131" title="1 creator">Costa Rica <span class
beat-climate.html	211	#313131	#303036	text	color	<span class="pill" style="background:#efeff2;color:#313131" title="1 creator">Costa Rica <span class
beat-climate.html	212	#efeff2	#efeff4	bg/fill	background	<span class="pill" style="background:#efeff2;color:#313131" title="1 creator">Vermont, U.S. <span cl
beat-climate.html	212	#313131	#303036	text	color	<span class="pill" style="background:#efeff2;color:#313131" title="1 creator">Vermont, U.S. <span cl
beat-climate.html	213	#efeff2	#efeff4	bg/fill	background	<span class="pill" style="background:#efeff2;color:#313131" title="1 creator">Charlottesville, VA <s
beat-climate.html	213	#313131	#303036	text	color	<span class="pill" style="background:#efeff2;color:#313131" title="1 creator">Charlottesville, VA <s
beat-climate.html	214	#efeff2	#efeff4	bg/fill	background	<span class="pill" style="background:#efeff2;color:#313131" title="1 creator">Boston, MA <span class
beat-climate.html	214	#313131	#303036	text	color	<span class="pill" style="background:#efeff2;color:#313131" title="1 creator">Boston, MA <span class
beat-climate.html	215	#efeff2	#efeff4	bg/fill	background	<span class="pill" style="background:#efeff2;color:#313131" title="1 creator">Australia <span class=
beat-climate.html	215	#313131	#303036	text	color	<span class="pill" style="background:#efeff2;color:#313131" title="1 creator">Australia <span class=
beat-climate.html	216	#efeff2	#efeff4	bg/fill	background	<span class="pill" style="background:#efeff2;color:#313131" title="1 creator">Washington - US <span 
beat-climate.html	216	#313131	#303036	text	color	<span class="pill" style="background:#efeff2;color:#313131" title="1 creator">Washington - US <span 
beat-climate.html	217	#efeff2	#efeff4	bg/fill	background	<span class="pill" style="background:#efeff2;color:#313131" title="1 creator">Austin, TX <span class
beat-climate.html	217	#313131	#303036	text	color	<span class="pill" style="background:#efeff2;color:#313131" title="1 creator">Austin, TX <span class
beat-climate.html	218	#efeff2	#efeff4	bg/fill	background	<span class="pill" style="background:#efeff2;color:#313131" title="1 creator">Atlanta, GA <span clas
beat-climate.html	218	#313131	#303036	text	color	<span class="pill" style="background:#efeff2;color:#313131" title="1 creator">Atlanta, GA <span clas
beat-climate.html	219	#efeff2	#efeff4	bg/fill	background	<span class="pill" style="background:#efeff2;color:#313131" title="1 creator">New Mexico, U.S. <span
beat-climate.html	219	#313131	#303036	text	color	<span class="pill" style="background:#efeff2;color:#313131" title="1 creator">New Mexico, U.S. <span
beat-climate.html	220	#efeff2	#efeff4	bg/fill	background	<span class="pill" style="background:#efeff2;color:#313131" title="1 creator">Alaska - US <span clas
beat-climate.html	220	#313131	#303036	text	color	<span class="pill" style="background:#efeff2;color:#313131" title="1 creator">Alaska - US <span clas
beat-climate.html	221	#efeff2	#efeff4	bg/fill	background	<span class="pill" style="background:#efeff2;color:#313131" title="1 creator">India <span class="pil
beat-climate.html	221	#313131	#303036	text	color	<span class="pill" style="background:#efeff2;color:#313131" title="1 creator">India <span class="pil
beat-climate.html	222	#efeff2	#efeff4	bg/fill	background	<span class="pill" style="background:#efeff2;color:#313131" title="1 creator">South Asia <span class
beat-climate.html	222	#313131	#303036	text	color	<span class="pill" style="background:#efeff2;color:#313131" title="1 creator">South Asia <span class
beat-climate.html	223	#efeff2	#efeff4	bg/fill	background	<span class="pill" style="background:#efeff2;color:#313131" title="1 creator">North Carolina - US <s
beat-climate.html	223	#313131	#303036	text	color	<span class="pill" style="background:#efeff2;color:#313131" title="1 creator">North Carolina - US <s
beat-climate.html	224	#efeff2	#efeff4	bg/fill	background	<span class="pill" style="background:#efeff2;color:#313131" title="1 creator">Canada <span class="pi
beat-climate.html	224	#313131	#303036	text	color	<span class="pill" style="background:#efeff2;color:#313131" title="1 creator">Canada <span class="pi
beat-finance.html	43	#efeff2	#efeff4	bg/fill	background	background: #efeff2; padding: 20px 48px;
beat-finance.html	102	#313131	#303036	text	color	.gap-list { font-size: 14px; font-weight: 600; color: #313131; line-height: 1.8; }
beat-finance.html	119	#313131	#303036	text	color	/* DESIGN-TOKEN FIX: Lime green resting state replaced with dark gray — lime green is hover-only */ 
beat-finance.html	195	#efeff2	#efeff4	bg/fill	background	<span class="legend-item"><span class="legend-dot" style="background:#efeff2"></span>Smaller presenc
beat-finance.html	200	#efeff2	#efeff4	bg/fill	background	<span class="pill" style="background:#efeff2;color:#313131" title="4 creators">Los Angeles, CA <span
beat-finance.html	200	#313131	#303036	text	color	<span class="pill" style="background:#efeff2;color:#313131" title="4 creators">Los Angeles, CA <span
beat-finance.html	201	#efeff2	#efeff4	bg/fill	background	<span class="pill" style="background:#efeff2;color:#313131" title="4 creators">United Kingdom <span 
beat-finance.html	201	#313131	#303036	text	color	<span class="pill" style="background:#efeff2;color:#313131" title="4 creators">United Kingdom <span 
beat-finance.html	202	#efeff2	#efeff4	bg/fill	background	<span class="pill" style="background:#efeff2;color:#313131" title="2 creators">California - US <span
beat-finance.html	202	#313131	#303036	text	color	<span class="pill" style="background:#efeff2;color:#313131" title="2 creators">California - US <span
beat-finance.html	203	#efeff2	#efeff4	bg/fill	background	<span class="pill" style="background:#efeff2;color:#313131" title="2 creators">Oregon - US <span cla
beat-finance.html	203	#313131	#303036	text	color	<span class="pill" style="background:#efeff2;color:#313131" title="2 creators">Oregon - US <span cla
beat-finance.html	204	#efeff2	#efeff4	bg/fill	background	<span class="pill" style="background:#efeff2;color:#313131" title="2 creators">Austin, TX <span clas
beat-finance.html	204	#313131	#303036	text	color	<span class="pill" style="background:#efeff2;color:#313131" title="2 creators">Austin, TX <span clas
beat-finance.html	205	#efeff2	#efeff4	bg/fill	background	<span class="pill" style="background:#efeff2;color:#313131" title="2 creators">San Francisco, CA <sp
beat-finance.html	205	#313131	#303036	text	color	<span class="pill" style="background:#efeff2;color:#313131" title="2 creators">San Francisco, CA <sp
beat-finance.html	206	#efeff2	#efeff4	bg/fill	background	<span class="pill" style="background:#efeff2;color:#313131" title="1 creator">Portland, OR <span cla
beat-finance.html	206	#313131	#303036	text	color	<span class="pill" style="background:#efeff2;color:#313131" title="1 creator">Portland, OR <span cla
beat-finance.html	207	#efeff2	#efeff4	bg/fill	background	<span class="pill" style="background:#efeff2;color:#313131" title="1 creator">Newport Beach, CA <spa
beat-finance.html	207	#313131	#303036	text	color	<span class="pill" style="background:#efeff2;color:#313131" title="1 creator">Newport Beach, CA <spa
beat-finance.html	208	#efeff2	#efeff4	bg/fill	background	<span class="pill" style="background:#efeff2;color:#313131" title="1 creator">Massachusetts - US <sp
beat-finance.html	208	#313131	#303036	text	color	<span class="pill" style="background:#efeff2;color:#313131" title="1 creator">Massachusetts - US <sp
beat-finance.html	209	#efeff2	#efeff4	bg/fill	background	<span class="pill" style="background:#efeff2;color:#313131" title="1 creator">Boston, MA <span class
beat-finance.html	209	#313131	#303036	text	color	<span class="pill" style="background:#efeff2;color:#313131" title="1 creator">Boston, MA <span class
beat-finance.html	210	#efeff2	#efeff4	bg/fill	background	<span class="pill" style="background:#efeff2;color:#313131" title="1 creator">Miami, FL <span class=
beat-finance.html	210	#313131	#303036	text	color	<span class="pill" style="background:#efeff2;color:#313131" title="1 creator">Miami, FL <span class=
beat-finance.html	211	#efeff2	#efeff4	bg/fill	background	<span class="pill" style="background:#efeff2;color:#313131" title="1 creator">San Diego, CA <span cl
beat-finance.html	211	#313131	#303036	text	color	<span class="pill" style="background:#efeff2;color:#313131" title="1 creator">San Diego, CA <span cl
beat-finance.html	212	#efeff2	#efeff4	bg/fill	background	<span class="pill" style="background:#efeff2;color:#313131" title="1 creator">Netherlands <span clas
beat-finance.html	212	#313131	#303036	text	color	<span class="pill" style="background:#efeff2;color:#313131" title="1 creator">Netherlands <span clas
beat-finance.html	213	#efeff2	#efeff4	bg/fill	background	<span class="pill" style="background:#efeff2;color:#313131" title="1 creator">Scotland <span class="
beat-finance.html	213	#313131	#303036	text	color	<span class="pill" style="background:#efeff2;color:#313131" title="1 creator">Scotland <span class="
beat-finance.html	214	#efeff2	#efeff4	bg/fill	background	<span class="pill" style="background:#efeff2;color:#313131" title="1 creator">Mississippi - US <span
beat-finance.html	214	#313131	#303036	text	color	<span class="pill" style="background:#efeff2;color:#313131" title="1 creator">Mississippi - US <span
beat-finance.html	215	#efeff2	#efeff4	bg/fill	background	<span class="pill" style="background:#efeff2;color:#313131" title="1 creator">Dubai <span class="pil
beat-finance.html	215	#313131	#303036	text	color	<span class="pill" style="background:#efeff2;color:#313131" title="1 creator">Dubai <span class="pil
beat-finance.html	216	#efeff2	#efeff4	bg/fill	background	<span class="pill" style="background:#efeff2;color:#313131" title="1 creator">Berkeley, CA <span cla
beat-finance.html	216	#313131	#303036	text	color	<span class="pill" style="background:#efeff2;color:#313131" title="1 creator">Berkeley, CA <span cla
beat-finance.html	217	#efeff2	#efeff4	bg/fill	background	<span class="pill" style="background:#efeff2;color:#313131" title="1 creator">Canada <span class="pi
beat-finance.html	217	#313131	#303036	text	color	<span class="pill" style="background:#efeff2;color:#313131" title="1 creator">Canada <span class="pi
beat-finance.html	218	#efeff2	#efeff4	bg/fill	background	<span class="pill" style="background:#efeff2;color:#313131" title="1 creator">Minneapolis, MN <span 
beat-finance.html	218	#313131	#303036	text	color	<span class="pill" style="background:#efeff2;color:#313131" title="1 creator">Minneapolis, MN <span 
beat-tech.html	43	#efeff2	#efeff4	bg/fill	background	background: #efeff2; padding: 20px 48px;
beat-tech.html	102	#313131	#303036	text	color	.gap-list { font-size: 14px; font-weight: 600; color: #313131; line-height: 1.8; }
beat-tech.html	119	#313131	#303036	text	color	/* DESIGN-TOKEN FIX: Lime green resting state replaced with dark gray — lime green is hover-only */ 
beat-tech.html	195	#efeff2	#efeff4	bg/fill	background	<span class="legend-item"><span class="legend-dot" style="background:#efeff2"></span>Smaller presenc
beat-tech.html	201	#efeff2	#efeff4	bg/fill	background	<span class="pill" style="background:#efeff2;color:#313131" title="8 creators">San Francisco, CA <sp
beat-tech.html	201	#313131	#303036	text	color	<span class="pill" style="background:#efeff2;color:#313131" title="8 creators">San Francisco, CA <sp
beat-tech.html	202	#efeff2	#efeff4	bg/fill	background	<span class="pill" style="background:#efeff2;color:#313131" title="7 creators">Canada <span class="p
beat-tech.html	202	#313131	#303036	text	color	<span class="pill" style="background:#efeff2;color:#313131" title="7 creators">Canada <span class="p
beat-tech.html	203	#efeff2	#efeff4	bg/fill	background	<span class="pill" style="background:#efeff2;color:#313131" title="7 creators">Washington, D.C. <spa
beat-tech.html	203	#313131	#303036	text	color	<span class="pill" style="background:#efeff2;color:#313131" title="7 creators">Washington, D.C. <spa
beat-tech.html	204	#efeff2	#efeff4	bg/fill	background	<span class="pill" style="background:#efeff2;color:#313131" title="5 creators">Boston, MA <span clas
beat-tech.html	204	#313131	#303036	text	color	<span class="pill" style="background:#efeff2;color:#313131" title="5 creators">Boston, MA <span clas
beat-tech.html	205	#efeff2	#efeff4	bg/fill	background	<span class="pill" style="background:#efeff2;color:#313131" title="4 creators">New Jersey - US <span
beat-tech.html	205	#313131	#303036	text	color	<span class="pill" style="background:#efeff2;color:#313131" title="4 creators">New Jersey - US <span
beat-tech.html	206	#efeff2	#efeff4	bg/fill	background	<span class="pill" style="background:#efeff2;color:#313131" title="3 creators">California - US <span
beat-tech.html	206	#313131	#303036	text	color	<span class="pill" style="background:#efeff2;color:#313131" title="3 creators">California - US <span
beat-tech.html	207	#efeff2	#efeff4	bg/fill	background	<span class="pill" style="background:#efeff2;color:#313131" title="3 creators">Australia <span class
beat-tech.html	207	#313131	#303036	text	color	<span class="pill" style="background:#efeff2;color:#313131" title="3 creators">Australia <span class
beat-tech.html	208	#efeff2	#efeff4	bg/fill	background	<span class="pill" style="background:#efeff2;color:#313131" title="3 creators">Chicago, IL <span cla
beat-tech.html	208	#313131	#303036	text	color	<span class="pill" style="background:#efeff2;color:#313131" title="3 creators">Chicago, IL <span cla
beat-tech.html	209	#efeff2	#efeff4	bg/fill	background	<span class="pill" style="background:#efeff2;color:#313131" title="2 creators">Austin, TX <span clas
beat-tech.html	209	#313131	#303036	text	color	<span class="pill" style="background:#efeff2;color:#313131" title="2 creators">Austin, TX <span clas
beat-tech.html	210	#efeff2	#efeff4	bg/fill	background	<span class="pill" style="background:#efeff2;color:#313131" title="2 creators">Dallas, TX <span clas
beat-tech.html	210	#313131	#303036	text	color	<span class="pill" style="background:#efeff2;color:#313131" title="2 creators">Dallas, TX <span clas
beat-tech.html	211	#efeff2	#efeff4	bg/fill	background	<span class="pill" style="background:#efeff2;color:#313131" title="2 creators">Washington - US <span
beat-tech.html	211	#313131	#303036	text	color	<span class="pill" style="background:#efeff2;color:#313131" title="2 creators">Washington - US <span
beat-tech.html	212	#efeff2	#efeff4	bg/fill	background	<span class="pill" style="background:#efeff2;color:#313131" title="2 creators">Philadelphia, PA <spa
beat-tech.html	212	#313131	#303036	text	color	<span class="pill" style="background:#efeff2;color:#313131" title="2 creators">Philadelphia, PA <spa
beat-tech.html	213	#efeff2	#efeff4	bg/fill	background	<span class="pill" style="background:#efeff2;color:#313131" title="2 creators">India <span class="pi
beat-tech.html	213	#313131	#303036	text	color	<span class="pill" style="background:#efeff2;color:#313131" title="2 creators">India <span class="pi
beat-tech.html	214	#efeff2	#efeff4	bg/fill	background	<span class="pill" style="background:#efeff2;color:#313131" title="2 creators">Germany <span class="
beat-tech.html	214	#313131	#303036	text	color	<span class="pill" style="background:#efeff2;color:#313131" title="2 creators">Germany <span class="
beat-tech.html	215	#efeff2	#efeff4	bg/fill	background	<span class="pill" style="background:#efeff2;color:#313131" title="2 creators">International <span c
beat-tech.html	215	#313131	#303036	text	color	<span class="pill" style="background:#efeff2;color:#313131" title="2 creators">International <span c
beat-tech.html	216	#efeff2	#efeff4	bg/fill	background	<span class="pill" style="background:#efeff2;color:#313131" title="1 creator">Florida - US <span cla
beat-tech.html	216	#313131	#303036	text	color	<span class="pill" style="background:#efeff2;color:#313131" title="1 creator">Florida - US <span cla
beat-tech.html	217	#efeff2	#efeff4	bg/fill	background	<span class="pill" style="background:#efeff2;color:#313131" title="1 creator">Taiwan <span class="pi
beat-tech.html	217	#313131	#303036	text	color	<span class="pill" style="background:#efeff2;color:#313131" title="1 creator">Taiwan <span class="pi
beat-tech.html	218	#efeff2	#efeff4	bg/fill	background	<span class="pill" style="background:#efeff2;color:#313131" title="1 creator">Texas - US <span class
beat-tech.html	218	#313131	#303036	text	color	<span class="pill" style="background:#efeff2;color:#313131" title="1 creator">Texas - US <span class
beat-tech.html	219	#efeff2	#efeff4	bg/fill	background	<span class="pill" style="background:#efeff2;color:#313131" title="1 creator">Utah - US <span class=
beat-tech.html	219	#313131	#303036	text	color	<span class="pill" style="background:#efeff2;color:#313131" title="1 creator">Utah - US <span class=
beat-tech.html	220	#efeff2	#efeff4	bg/fill	background	<span class="pill" style="background:#efeff2;color:#313131" title="1 creator">Las Vegas, NV <span cl
beat-tech.html	220	#313131	#303036	text	color	<span class="pill" style="background:#efeff2;color:#313131" title="1 creator">Las Vegas, NV <span cl
beat-tech.html	221	#efeff2	#efeff4	bg/fill	background	<span class="pill" style="background:#efeff2;color:#313131" title="1 creator">Italy <span class="pil
beat-tech.html	221	#313131	#303036	text	color	<span class="pill" style="background:#efeff2;color:#313131" title="1 creator">Italy <span class="pil
beat-tech.html	222	#efeff2	#efeff4	bg/fill	background	<span class="pill" style="background:#efeff2;color:#313131" title="1 creator">New Orleans, LA <span 
beat-tech.html	222	#313131	#303036	text	color	<span class="pill" style="background:#efeff2;color:#313131" title="1 creator">New Orleans, LA <span 
beat-tech.html	223	#efeff2	#efeff4	bg/fill	background	<span class="pill" style="background:#efeff2;color:#313131" title="1 creator">Rhode Island - US <spa
beat-tech.html	223	#313131	#303036	text	color	<span class="pill" style="background:#efeff2;color:#313131" title="1 creator">Rhode Island - US <spa
beat-tech.html	224	#efeff2	#efeff4	bg/fill	background	<span class="pill" style="background:#efeff2;color:#313131" title="1 creator">Vermont - US <span cla
beat-tech.html	224	#313131	#303036	text	color	<span class="pill" style="background:#efeff2;color:#313131" title="1 creator">Vermont - US <span cla
beat-tech.html	225	#efeff2	#efeff4	bg/fill	background	<span class="pill" style="background:#efeff2;color:#313131" title="1 creator">San Diego, CA <span cl
beat-tech.html	225	#313131	#303036	text	color	<span class="pill" style="background:#efeff2;color:#313131" title="1 creator">San Diego, CA <span cl
beat-tech.html	226	#efeff2	#efeff4	bg/fill	background	<span class="pill" style="background:#efeff2;color:#313131" title="1 creator">Arizona - US <span cla
beat-tech.html	226	#313131	#303036	text	color	<span class="pill" style="background:#efeff2;color:#313131" title="1 creator">Arizona - US <span cla
beat-tech.html	227	#efeff2	#efeff4	bg/fill	background	<span class="pill" style="background:#efeff2;color:#313131" title="1 creator">St. Louis, MO <span cl
beat-tech.html	227	#313131	#303036	text	color	<span class="pill" style="background:#efeff2;color:#313131" title="1 creator">St. Louis, MO <span cl
beat-tech.html	228	#efeff2	#efeff4	bg/fill	background	<span class="pill" style="background:#efeff2;color:#313131" title="1 creator">Seatlle, WA <span clas
beat-tech.html	228	#313131	#303036	text	color	<span class="pill" style="background:#efeff2;color:#313131" title="1 creator">Seatlle, WA <span clas
beat-tech.html	229	#efeff2	#efeff4	bg/fill	background	<span class="pill" style="background:#efeff2;color:#313131" title="1 creator">Dubai <span class="pil
beat-tech.html	229	#313131	#303036	text	color	<span class="pill" style="background:#efeff2;color:#313131" title="1 creator">Dubai <span class="pil
beat-tech.html	230	#efeff2	#efeff4	bg/fill	background	<span class="pill" style="background:#efeff2;color:#313131" title="1 creator">Massachussetts - US <s
beat-tech.html	230	#313131	#303036	text	color	<span class="pill" style="background:#efeff2;color:#313131" title="1 creator">Massachussetts - US <s
beat-tech.html	231	#efeff2	#efeff4	bg/fill	background	<span class="pill" style="background:#efeff2;color:#313131" title="1 creator">San Mateo, CA <span cl
beat-tech.html	231	#313131	#303036	text	color	<span class="pill" style="background:#efeff2;color:#313131" title="1 creator">San Mateo, CA <span cl
beat-tech.html	232	#efeff2	#efeff4	bg/fill	background	<span class="pill" style="background:#efeff2;color:#313131" title="1 creator">Scottsdale, AZ <span c
beat-tech.html	232	#313131	#303036	text	color	<span class="pill" style="background:#efeff2;color:#313131" title="1 creator">Scottsdale, AZ <span c
beat-tech.html	233	#efeff2	#efeff4	bg/fill	background	<span class="pill" style="background:#efeff2;color:#313131" title="1 creator">Portland, OR <span cla
beat-tech.html	233	#313131	#303036	text	color	<span class="pill" style="background:#efeff2;color:#313131" title="1 creator">Portland, OR <span cla
beat-tech.html	234	#efeff2	#efeff4	bg/fill	background	<span class="pill" style="background:#efeff2;color:#313131" title="1 creator">San Jose, CA <span cla
beat-tech.html	234	#313131	#303036	text	color	<span class="pill" style="background:#efeff2;color:#313131" title="1 creator">San Jose, CA <span cla
beat-tech.html	235	#efeff2	#efeff4	bg/fill	background	<span class="pill" style="background:#efeff2;color:#313131" title="1 creator">Oakland. CA <span clas
beat-tech.html	235	#313131	#303036	text	color	<span class="pill" style="background:#efeff2;color:#313131" title="1 creator">Oakland. CA <span clas
beat-tech.html	236	#efeff2	#efeff4	bg/fill	background	<span class="pill" style="background:#efeff2;color:#313131" title="1 creator">New York - US <span cl
beat-tech.html	236	#313131	#303036	text	color	<span class="pill" style="background:#efeff2;color:#313131" title="1 creator">New York - US <span cl
beat-tech.html	237	#efeff2	#efeff4	bg/fill	background	<span class="pill" style="background:#efeff2;color:#313131" title="1 creator">North Carolina - US <s
beat-tech.html	237	#313131	#303036	text	color	<span class="pill" style="background:#efeff2;color:#313131" title="1 creator">North Carolina - US <s
beat-tech.html	238	#efeff2	#efeff4	bg/fill	background	<span class="pill" style="background:#efeff2;color:#313131" title="1 creator">Kentucky - US <span cl
beat-tech.html	238	#313131	#303036	text	color	<span class="pill" style="background:#efeff2;color:#313131" title="1 creator">Kentucky - US <span cl
beat-tech.html	239	#efeff2	#efeff4	bg/fill	background	<span class="pill" style="background:#efeff2;color:#313131" title="1 creator">Houston, TX <span clas
beat-tech.html	239	#313131	#303036	text	color	<span class="pill" style="background:#efeff2;color:#313131" title="1 creator">Houston, TX <span clas
bluesky-creator-intelligence.html	35	#efeff2	#efeff4	var-def	--page-bg	--page-bg: #efeff2;
bluesky-creator-intelligence.html	38	#313131	#303036	var-def	--text-primary	--text-primary: #313131;
bluesky-creator-intelligence.html	56	#313131	#303036	text	color	.header-cta { display: inline-block; background: var(--lime); color: #313131; font-family: 'DM Mono'
bluesky-creator-intelligence.html	197	#efeff2	#efeff4	bg/fill	background-color	.ci-beat { font-family: 'DM Mono', monospace; font-size: 9px; font-weight: 600; text-transform: uppe
bluesky-creator-intelligence.html	197	#313131	#303036	text	color	.ci-beat { font-family: 'DM Mono', monospace; font-size: 9px; font-weight: 600; text-transform: uppe
chicago-analysis.html	20	#efeff2	#efeff4	var-def	--text	--text: #efeff2;
chicago-survey.html	13	#313131	#303036	var-def	--dark	--dark: #313131;
chicago-survey.html	17	#efeff2	#efeff4	var-def	--light	--light: #efeff2;
city-lab-chicago.html	26	#313131	#303036	var-def	--tab-active-text	--tab-active-text:   #313131;
city-lab-chicago.html	45	#efeff2	#efeff4	text	color	.hero-stat-num-child { font-size: 28px; font-weight: 700; color: #efeff2; line-height: 1; transition
city-lab-chicago.html	141	#efeff2	#efeff4	bg/fill	background	.layer-stat-btn:hover { background: #efeff2; }
city-lab-chicago.html	149	#efeff2	#efeff4	bg/fill	background	.view-btn.active { background: #efeff2; color: #313131; border-color: #b0b0b8; }
city-lab-chicago.html	149	#313131	#303036	text	color	.view-btn.active { background: #efeff2; color: #313131; border-color: #b0b0b8; }
city-lab-chicago.html	155	#313131	#303036	text	color	.beat-chip, .plat-chip { display: inline-block; padding: 5px 12px; border-radius: 100px; font-size: 
city-lab-chicago.html	162	#efeff2	#efeff4	bg/fill	background	.creator-row-beat { font-size: 11px; font-weight: 500; text-transform: uppercase; letter-spacing: 0.
city-lab-chicago.html	162	#313131	#303036	text	color	.creator-row-beat { font-size: 11px; font-weight: 500; text-transform: uppercase; letter-spacing: 0.
city-lab-chicago.html	170	#313131	#303036	text	color	.row-descriptor { font-size: 14px; color: #313131; line-height: 22px; margin-bottom: 8px; }
city-lab-chicago.html	181	#efeff2	#efeff4	bg/fill	background	.creator-card:hover { background: #efeff2; border-color: #b0b0b8; }
city-lab-chicago.html	183	#efeff2	#efeff4	bg/fill	background	.card-beat-tag, .card-plat-badge { font-size: 11px; font-weight: 500; text-transform: uppercase; let
city-lab-chicago.html	183	#313131	#303036	text	color	.card-beat-tag, .card-plat-badge { font-size: 11px; font-weight: 500; text-transform: uppercase; let
city-lab-chicago.html	194	#313131	#303036	bg/fill	background	.feco-btn.active { background:#313131; color:#fff; border-color:#313131; }
city-lab-chicago.html	194	#313131	#303036	border	border-color	.feco-btn.active { background:#313131; color:#fff; border-color:#313131; }
city-lab-chicago.html	195	#313131	#303036	text	color	.feco-btn:hover:not(.active) { border-color:#b0b0b8; color:#313131; }
city-lab-chicago.html	201	#313131	#303036	text	color	.feco-name-plain { font-size:13px; font-weight:500; color:#313131; }
city-lab-chicago.html	205	#313131	#303036	text	color	.cov-layer-btn.active { background: #fff; color: #313131; box-shadow: 0 1px 3px rgba(0,0,0,0.1); }
city-lab-chicago.html	206	#313131	#303036	text	color	.cov-layer-btn:hover:not(.active) { color: #313131; }
city-lab-chicago.html	210	#313131	#303036	bg/fill	background	.cov-sort-btn.active { background: #313131; color: #fff; border-color: #313131; }
city-lab-chicago.html	210	#313131	#303036	border	border-color	.cov-sort-btn.active { background: #313131; color: #fff; border-color: #313131; }
city-lab-chicago.html	213	#313131	#303036	text	color	.coverage-beat-heading { display: flex; align-items: center; gap: 8px; font-size: 11px; font-weight:
city-lab-chicago.html	417	#313131	#303036	text	color	<div style="font-size:13px;font-weight:700;color:#313131;margin-bottom:4px;text-transform:uppercase;
city-lab-chicago.html	944	#313131	#303036	text	color	function renderScatter(){const svgEl=document.getElementById('scatter-svg');const legEl=document.get
city-lab-dc-v3.html	28	#313131	#303036	var-def	--dark	--dark: #313131;
city-lab-dc-v3.html	29	#efeff2	#efeff4	var-def	--light	--light: #efeff2;
city-lab-dc-v3.html	31	#313131	#303036	var-def	--olive	--olive: #313131; /* DESIGN-TOKEN FIX: Dark olive replaced with dark gray — olive retired from palet
for-brands.html	184	#efeff2	#efeff4	bg/fill	background	.good-news-section { background: #efeff2; padding: 80px 40px; border-top: 1px solid #d4d4d8; }
for-brands.html	195	#313131	#303036	text	color	.good-news-label { font-size: 18px; color: #313131; margin-top: 16px; line-height: 1.5; max-width: 3
for-brands.html	424	#efeff2	#efeff4	bg/fill	background	.trust-bar-section { background: #efeff2; padding: 40px 40px; border-bottom: 1px solid #d4d4d8; }
for-brands.html	428	#313131	#303036	bg/fill	background	.trust-avatar { width: 36px; height: 36px; border-radius: 100px; background: #313131; color: #fff; f
for-brands.html	432	#313131	#303036	text	color	.trust-cite-pill { font-size: 12px; color: #313131; background: #fff; border: 1px solid #d4d4d8; bor
how-we-did-this.html	39	#efeff2	#efeff4	var-def	--light-gray	--light-gray: #efeff2;
how-we-did-this.html	40	#313131	#303036	var-def	--dark-gray	--dark-gray: #313131;
how-we-did-this.html	181	#313131	#303036	text	color	.about-subnav-link:hover { color: #313131; }
how-we-did-this.html	183	#313131	#303036	text	color	color: #313131;
index.html	37	#efeff2	#efeff4	bg/fill	background	body { margin: 0; background: #efeff2; color: #efeff2; font-family: var(--font-primary, 'Inter', san
index.html	37	#efeff2	#efeff4	text	color	body { margin: 0; background: #efeff2; color: #efeff2; font-family: var(--font-primary, 'Inter', san
index.html	144	#313131	#303036	text	color	background: #97d600; color: #313131;
index.html	151	#313131	#303036	text	color	background: #97d600; color: #313131; font-weight: 700; font-size: 14px;
index.html	241	#efeff2	#efeff4	bg/fill	background	.pulse-section { background: #efeff2; padding: 64px 40px; position: relative; }
index.html	263	#313131	#303036	text	color	.pulse-item-headline { display: block; font-size: 13px; color: #313131; line-height: 1.45; margin-bo
index.html	277	#efeff2	#efeff4	bg/fill	background	.intel-section { background: #efeff2; padding: 40px 40px 56px; position: relative; }
index.html	312	#efeff2	#efeff4	bg/fill	background	.research-partner-chip { font-family: 'JetBrains Mono', monospace; font-size: 9px; color: #555; back
index.html	337	#313131	#303036	text	color	.partner-logo-text:hover { color: #313131; }
index.html	340	#efeff2	#efeff4	bg/fill	background	.db-section { background: #efeff2; padding: 64px 40px 80px; position: relative; }
latin-america-lab.html	33	#313131	#303036	other/JS		--page-bg: var(--color-bg-dark);              /* #313131 */
latin-america-lab.html	36	#efeff2	#efeff4	other/JS		--page-text: var(--color-text-dark);          /* #efeff2 */
latin-america-lab.html	41	#efeff2	#efeff4	other/JS		--section-light-bg: var(--color-bg);          /* #efeff2 */
latin-america-lab.html	42	#313131	#303036	other/JS		--section-light-text: var(--color-text);      /* #313131 */
lists.html	30	#313131	#303036	var-def	--dark-gray	--dark-gray: #313131;
mobile.html	37	#efeff2	#efeff4	var-def	--light-gray	--light-gray: #efeff2;
mobile.html	38	#313131	#303036	var-def	--dark-gray	--dark-gray: #313131;
partners/_reviewjames copy.html	10	#efeff2	#efeff4	var-def	--page-bg	:root{--acid:#ceff00;--lime:#97d600;--olive:#5d7400;--page-bg:#efeff2;--border:#d4d4d8;}
partners/_reviewjames copy.html	13	#313131	#303036	text	color	body{font-family:'Inter',-apple-system,sans-serif;background:var(--page-bg);color:#313131;line-heigh
partners/_reviewjames.html	10	#efeff2	#efeff4	var-def	--page-bg	:root{--acid:#ceff00;--lime:#97d600;--olive:#5d7400;--page-bg:#efeff2;--border:#d4d4d8;}
partners/_reviewjames.html	13	#313131	#303036	text	color	body{font-family:'Inter',-apple-system,sans-serif;background:var(--page-bg);color:#313131;line-heigh
partners/_shell.html	41	#efeff2	#efeff4	var-def	--page-bg	--page-bg: #efeff2;
partners/_shell.html	47	#313131	#303036	text	color	body { font-family: 'Inter', sans-serif; background: var(--page-bg); color: #313131; line-height: 1.
partners/_shell.html	57	#313131	#303036	text	color	.site-nav-link { font-size: 13px; font-weight: 500; color: #313131; letter-spacing: 0.04em; transiti
partners/_shell.html	121	#efeff2	#efeff4	bg/fill	background	background: #efeff2; border: 0.5px solid var(--border); color: #313131;
partners/_shell.html	121	#313131	#303036	text	color	background: #efeff2; border: 0.5px solid var(--border); color: #313131;
partners/_shell.html	126	#313131	#303036	text	color	color: #313131;
partners/_shell.html	135	#313131	#303036	text	color	color: #313131;
partners/_shell.html	150	#313131	#303036	text	color	.card-link:hover { color: #313131; background: var(--lime); }
partners/_shell.html	159	#313131	#303036	text	color	font-size: 15px; font-weight: 500; color: #313131;
partners/_shell.html	172	#313131	#303036	text	color	.creator-count-pill { font-size: 12px; font-weight: 500; color: #313131; border: 1px solid var(--bor
partners/_shell.html	195	#313131	#303036	bg/fill	background	.atlas-footer { background: #313131; padding: 80px 0; }
partners/_shell.html	212	#313131	#303036	text	color	.curatorial-text { max-width: 680px; font-size: 16px; font-weight: 400; color: #313131; line-height:
partners/ahp.html	21	#efeff2	#efeff4	var-def	--page-bg	--page-bg:    #efeff2;
partners/ahp.html	31	#313131	#303036	text	color	color: #313131;
partners/ahp.html	88	#313131	#303036	text	color	.curatorial-text { max-width: 680px; font-size: 16px; font-weight: 400; color: #313131; line-height:
partners/ahp.html	110	#313131	#303036	text	color	background: var(--page-bg); border: 0.5px solid var(--border); color: #313131;
partners/ahp.html	115	#313131	#303036	text	color	.chip.active { background: var(--lime); border-color: var(--olive); color: #313131; }
partners/ahp.html	138	#313131	#303036	text	color	background: #fff; border: 0.5px solid var(--border); color: #313131;
partners/ahp.html	156	#efeff2	#efeff4	bg/fill	background	.creator-card:hover { background: #efeff2; border-color: #b0b0b8; }
partners/ahp.html	165	#efeff2	#efeff4	bg/fill	background	background: #efeff2; border: 0.5px solid var(--border); color: #313131;
partners/ahp.html	165	#313131	#303036	text	color	background: #efeff2; border: 0.5px solid var(--border); color: #313131;
partners/ahp.html	170	#313131	#303036	text	color	color: #313131;
partners/ahp.html	175	#313131	#303036	text	color	color: #313131;
partners/ahp.html	190	#313131	#303036	text	color	.card-link:hover { color: #313131; background: var(--lime); }
partners/ahp.html	233	#313131	#303036	bg/fill	background	.atlas-footer { background: #313131; padding: 80px 0; }
partners/cillizza.html	21	#efeff2	#efeff4	var-def	--page-bg	--page-bg:    #efeff2;
partners/cillizza.html	31	#313131	#303036	text	color	color: #313131;
partners/cillizza.html	106	#313131	#303036	text	color	background: var(--page-bg); border: 0.5px solid var(--border); color: #313131;
partners/cillizza.html	111	#313131	#303036	text	color	.chip.active { background: var(--lime); border-color: var(--olive); color: #313131; }
partners/cillizza.html	134	#313131	#303036	text	color	background: #fff; border: 0.5px solid var(--border); color: #313131;
partners/cillizza.html	152	#efeff2	#efeff4	bg/fill	background	.creator-card:hover { background: #efeff2; border-color: #b0b0b8; }
partners/cillizza.html	161	#efeff2	#efeff4	bg/fill	background	background: #efeff2; border: 0.5px solid var(--border); color: #313131;
partners/cillizza.html	161	#313131	#303036	text	color	background: #efeff2; border: 0.5px solid var(--border); color: #313131;
partners/cillizza.html	163	#313131	#303036	text	color	.pill.platform { background: transparent; border: 1px solid #d4d4d8; color: #313131; }
partners/cillizza.html	164	#313131	#303036	text	color	.pill.platform:hover { background: #97d600; border-color: #97d600; color: #313131; }
partners/cillizza.html	178	#313131	#303036	text	color	.card-link:hover { color: #313131; background: var(--lime); }
partners/cillizza.html	183	#313131	#303036	text	color	.curatorial-text { max-width: 680px; font-size: 16px; font-weight: 400; color: #313131; line-height:
partners/cillizza.html	225	#313131	#303036	bg/fill	background	.atlas-footer { background: #313131; padding: 80px 0; }
partners/emily-atkin.html	21	#efeff2	#efeff4	var-def	--page-bg	--page-bg:    #efeff2;
partners/emily-atkin.html	31	#313131	#303036	text	color	color: #313131;
partners/emily-atkin.html	92	#313131	#303036	text	color	background: var(--page-bg); border: 0.5px solid var(--border); color: #313131;
partners/emily-atkin.html	97	#313131	#303036	text	color	.chip.active { background: var(--lime); border-color: var(--olive); color: #313131; }
partners/emily-atkin.html	108	#313131	#303036	text	color	background: #fff; border: 0.5px solid var(--border); color: #313131;
partners/emily-atkin.html	120	#efeff2	#efeff4	bg/fill	background	.creator-card:hover { background: #efeff2; border-color: #b0b0b8; }
partners/emily-atkin.html	129	#efeff2	#efeff4	bg/fill	background	background: #efeff2; border: 0.5px solid var(--border); color: #313131;
partners/emily-atkin.html	129	#313131	#303036	text	color	background: #efeff2; border: 0.5px solid var(--border); color: #313131;
partners/emily-atkin.html	131	#313131	#303036	text	color	.pill.platform { background: transparent; border: 1px solid #d4d4d8; color: #313131; }
partners/emily-atkin.html	132	#313131	#303036	text	color	.pill.platform:hover { background: #97d600; border-color: #97d600; color: #313131; }
partners/emily-atkin.html	142	#313131	#303036	text	color	.card-link:hover { color: #313131; background: var(--lime); }
partners/emily-atkin.html	174	#313131	#303036	text	color	.curatorial-text { max-width: 680px; font-size: 16px; font-weight: 400; color: #313131; line-height:
partners/emily-atkin.html	176	#313131	#303036	bg/fill	background	.atlas-footer { background: #313131; padding: 80px 0; }
partners/icfj.html	21	#efeff2	#efeff4	var-def	--page-bg	--page-bg:    #efeff2;
partners/icfj.html	31	#313131	#303036	text	color	color: #313131;
partners/icfj.html	67	#313131	#303036	text	color	.chip { display: inline-flex; align-items: center; padding: 5px 14px; border-radius: 100px; font-siz
partners/icfj.html	69	#313131	#303036	text	color	.chip.active { background: var(--lime); border-color: var(--olive); color: #313131; }
partners/icfj.html	76	#313131	#303036	text	color	.act-count-pill { display: inline-flex; align-items: center; padding: 4px 12px; border-radius: 100px
partners/icfj.html	82	#efeff2	#efeff4	bg/fill	background	.creator-card:hover { background: #efeff2; border-color: #b0b0b8; }
partners/icfj.html	87	#efeff2	#efeff4	bg/fill	background	.pill { display: inline-flex; align-items: center; gap: 4px; padding: 4px 12px; border-radius: 100px
partners/icfj.html	87	#313131	#303036	text	color	.pill { display: inline-flex; align-items: center; gap: 4px; padding: 4px 12px; border-radius: 100px
partners/icfj.html	88	#313131	#303036	text	color	.pill.platform { background: transparent; border: 1px solid #d4d4d8; color: #313131; }
partners/icfj.html	89	#313131	#303036	text	color	.pill.platform:hover { background: #97d600; border-color: #97d600; color: #313131; }
partners/icfj.html	93	#313131	#303036	text	color	.card-link:hover { color: #313131; background: var(--lime); }
partners/icfj.html	105	#313131	#303036	text	color	.curatorial-text { max-width: 680px; font-size: 16px; font-weight: 400; color: #313131; line-height:
partners/icfj.html	118	#313131	#303036	bg/fill	background	.atlas-footer { background: #313131; padding: 80px 0; }
partners/iij.html	21	#efeff2	#efeff4	var-def	--page-bg	--page-bg:    #efeff2;
partners/iij.html	31	#313131	#303036	text	color	color: #313131;
partners/iij.html	62	#313131	#303036	text	color	.chip { display: inline-flex; align-items: center; padding: 5px 14px; border-radius: 100px; font-siz
partners/iij.html	64	#313131	#303036	text	color	.chip.active { background: var(--lime); border-color: var(--olive); color: #313131; }
partners/iij.html	71	#313131	#303036	text	color	.act-count-pill { display: inline-flex; align-items: center; padding: 4px 12px; border-radius: 100px
partners/iij.html	77	#efeff2	#efeff4	bg/fill	background	.creator-card:hover { background: #efeff2; border-color: #b0b0b8; }
partners/iij.html	81	#efeff2	#efeff4	bg/fill	background	.pill { display: inline-flex; align-items: center; gap: 4px; padding: 4px 12px; border-radius: 100px
partners/iij.html	81	#313131	#303036	text	color	.pill { display: inline-flex; align-items: center; gap: 4px; padding: 4px 12px; border-radius: 100px
partners/iij.html	84	#313131	#303036	text	color	.card-link:hover { color: #313131; background: var(--lime); }
partners/iij.html	98	#313131	#303036	text	color	.curatorial-text { max-width: 680px; font-size: 16px; font-weight: 400; color: #313131; line-height:
partners/iij.html	109	#313131	#303036	bg/fill	background	.atlas-footer { background: #313131; padding: 80px 0; }
partners/jessica-stahl.html	21	#efeff2	#efeff4	var-def	--page-bg	--page-bg:    #efeff2;
partners/jessica-stahl.html	28	#313131	#303036	text	color	body { font-family: 'Inter', sans-serif; background: var(--page-bg); color: #313131; line-height: 1.
partners/jessica-stahl.html	56	#313131	#303036	text	color	.chip { display: inline-flex; align-items: center; padding: 5px 14px; border-radius: 100px; font-siz
partners/jessica-stahl.html	58	#313131	#303036	text	color	.chip.active { background: var(--lime); border-color: var(--olive); color: #313131; }
partners/jessica-stahl.html	65	#313131	#303036	text	color	.act-count-pill { display: inline-flex; align-items: center; padding: 4px 12px; border-radius: 100px
partners/jessica-stahl.html	70	#efeff2	#efeff4	bg/fill	background	.creator-card:hover { background: #efeff2; border-color: #b0b0b8; }
partners/jessica-stahl.html	75	#efeff2	#efeff4	bg/fill	background	.pill { display: inline-flex; align-items: center; gap: 4px; padding: 4px 12px; border-radius: 100px
partners/jessica-stahl.html	75	#313131	#303036	text	color	.pill { display: inline-flex; align-items: center; gap: 4px; padding: 4px 12px; border-radius: 100px
partners/jessica-stahl.html	76	#313131	#303036	text	color	.pill.platform { background: transparent; border: 1px solid #d4d4d8; color: #313131; }
partners/jessica-stahl.html	77	#313131	#303036	text	color	.pill.platform:hover { background: #97d600; border-color: #97d600; color: #313131; }
partners/jessica-stahl.html	81	#313131	#303036	text	color	.card-link:hover { color: #313131; background: var(--lime); }
partners/jessica-stahl.html	92	#313131	#303036	text	color	.curatorial-text { max-width: 680px; font-size: 16px; font-weight: 400; color: #313131; line-height:
partners/jessica-stahl.html	103	#313131	#303036	bg/fill	background	.atlas-footer { background: #313131; padding: 80px 0; }
partners/joon-lee.html	16	#efeff2	#efeff4	var-def	--page-bg	:root { --acid:#ceff00; --lime:#97d600; --olive:#5d7400; --page-bg:#efeff2; --border:#d4d4d8; --nav-
partners/joon-lee.html	19	#313131	#303036	text	color	body{font-family:'Inter',sans-serif;background:var(--page-bg);color:#313131;line-height:1.5;overflow
partners/joon-lee.html	40	#313131	#303036	text	color	.act-count-pill{display:inline-flex;align-items:center;padding:4px 12px;border-radius:100px;font-siz
partners/joon-lee.html	44	#efeff2	#efeff4	bg/fill	background	.creator-card:hover{background:#efeff2;border-color:#b0b0b8;}
partners/joon-lee.html	49	#efeff2	#efeff4	bg/fill	background	.pill{display:inline-flex;align-items:center;gap:4px;padding:4px 12px;border-radius:100px;font-size:
partners/joon-lee.html	49	#313131	#303036	text	color	.pill{display:inline-flex;align-items:center;gap:4px;padding:4px 12px;border-radius:100px;font-size:
partners/joon-lee.html	50	#313131	#303036	text	color	.pill.platform{background:transparent;border:1px solid #d4d4d8;color:#313131;}
partners/joon-lee.html	51	#313131	#303036	text	color	.pill.platform:hover{background:#97d600;border-color:#97d600;color:#313131;}
partners/joon-lee.html	55	#313131	#303036	text	color	.card-link:hover{color:#313131;background:var(--lime);}
partners/joon-lee.html	70	#313131	#303036	text	color	.curatorial-text{max-width:680px;font-size:16px;font-weight:400;color:#313131;line-height:1.6;}
partners/joon-lee.html	71	#313131	#303036	bg/fill	background	.atlas-footer{background:#313131;padding:80px 0;}
partners/karen-attiah.html	16	#efeff2	#efeff4	var-def	--page-bg	:root{--acid:#ceff00;--lime:#97d600;--olive:#5d7400;--page-bg:#efeff2;--border:#d4d4d8;--nav-height:
partners/karen-attiah.html	19	#313131	#303036	text	color	body{font-family:'Inter',sans-serif;background:var(--page-bg);color:#313131;line-height:1.5;overflow
partners/karen-attiah.html	39	#313131	#303036	text	color	.act-count-pill{display:inline-flex;align-items:center;padding:4px 12px;border-radius:100px;font-siz
partners/karen-attiah.html	43	#efeff2	#efeff4	bg/fill	background	.creator-card:hover{background:#efeff2;border-color:#b0b0b8;}
partners/karen-attiah.html	48	#efeff2	#efeff4	bg/fill	background	.pill{display:inline-flex;align-items:center;gap:4px;padding:4px 12px;border-radius:100px;font-size:
partners/karen-attiah.html	48	#313131	#303036	text	color	.pill{display:inline-flex;align-items:center;gap:4px;padding:4px 12px;border-radius:100px;font-size:
partners/karen-attiah.html	49	#313131	#303036	text	color	.pill.platform{background:transparent;border:1px solid #d4d4d8;color:#313131;}
partners/karen-attiah.html	50	#313131	#303036	text	color	.pill.platform:hover{background:#97d600;border-color:#97d600;color:#313131;}
partners/karen-attiah.html	54	#313131	#303036	text	color	.card-link:hover{color:#313131;background:var(--lime);}
partners/karen-attiah.html	67	#313131	#303036	bg/fill	background	.atlas-footer{background:#313131;padding:80px 0;}
partners/karen-attiah.html	74	#313131	#303036	text	color	.curatorial-text{max-width:680px;font-size:16px;font-weight:400;color:#313131;line-height:1.6;}
partners/knowledge-creators.html	16	#efeff2	#efeff4	var-def	--page-bg	:root{--acid:#ceff00;--lime:#97d600;--olive:#5d7400;--page-bg:#efeff2;--border:#d4d4d8;--nav-height:
partners/knowledge-creators.html	19	#313131	#303036	text	color	body{font-family:'Inter',sans-serif;background:var(--page-bg);color:#313131;line-height:1.5;overflow
partners/knowledge-creators.html	40	#313131	#303036	text	color	.chip{display:inline-flex;align-items:center;padding:5px 14px;border-radius:100px;font-size:12px;fon
partners/knowledge-creators.html	42	#313131	#303036	text	color	.chip.active{background:var(--lime);border-color:var(--olive);color:#313131;}
partners/knowledge-creators.html	48	#313131	#303036	text	color	.act-count-pill{display:inline-flex;align-items:center;padding:4px 12px;border-radius:100px;font-siz
partners/knowledge-creators.html	52	#efeff2	#efeff4	bg/fill	background	.creator-card:hover{background:#efeff2;border-color:#b0b0b8;}
partners/knowledge-creators.html	57	#efeff2	#efeff4	bg/fill	background	.pill{display:inline-flex;align-items:center;gap:4px;padding:4px 12px;border-radius:100px;font-size:
partners/knowledge-creators.html	57	#313131	#303036	text	color	.pill{display:inline-flex;align-items:center;gap:4px;padding:4px 12px;border-radius:100px;font-size:
partners/knowledge-creators.html	58	#313131	#303036	text	color	.pill.platform{background:transparent;border:1px solid #d4d4d8;color:#313131;}
partners/knowledge-creators.html	59	#313131	#303036	text	color	.pill.platform:hover{background:#97d600;border-color:#97d600;color:#313131;}
partners/knowledge-creators.html	64	#313131	#303036	text	color	.curatorial-text{max-width:680px;font-size:16px;font-weight:400;color:#313131;line-height:1.6;}
partners/knowledge-creators.html	65	#313131	#303036	text	color	.card-link:hover{color:#313131;background:var(--lime);}
partners/knowledge-creators.html	79	#313131	#303036	bg/fill	background	.atlas-footer{background:#313131;padding:80px 0;}
partners/natgeo.html	16	#efeff2	#efeff4	var-def	--page-bg	:root{--acid:#ceff00;--lime:#97d600;--olive:#5d7400;--page-bg:#efeff2;--border:#d4d4d8;--nav-height:
partners/natgeo.html	19	#313131	#303036	text	color	body{font-family:'Inter',sans-serif;background:var(--page-bg);color:#313131;line-height:1.5;overflow
partners/natgeo.html	39	#313131	#303036	text	color	.act-count-pill{display:inline-flex;align-items:center;padding:4px 12px;border-radius:100px;font-siz
partners/natgeo.html	43	#efeff2	#efeff4	bg/fill	background	.creator-card:hover{background:#efeff2;border-color:#b0b0b8;}
partners/natgeo.html	48	#efeff2	#efeff4	bg/fill	background	.pill{display:inline-flex;align-items:center;gap:4px;padding:4px 12px;border-radius:100px;font-size:
partners/natgeo.html	48	#313131	#303036	text	color	.pill{display:inline-flex;align-items:center;gap:4px;padding:4px 12px;border-radius:100px;font-size:
partners/natgeo.html	49	#313131	#303036	text	color	.pill.platform{background:transparent;border:1px solid #d4d4d8;color:#313131;}
partners/natgeo.html	50	#313131	#303036	text	color	.pill.platform:hover{background:#97d600;border-color:#97d600;color:#313131;}
partners/natgeo.html	54	#313131	#303036	text	color	.card-link:hover{color:#313131;background:var(--lime);}
partners/natgeo.html	68	#313131	#303036	text	color	.curatorial-text{max-width:680px;font-size:16px;font-weight:400;color:#313131;line-height:1.6;}
partners/natgeo.html	69	#313131	#303036	bg/fill	background	.atlas-footer{background:#313131;padding:80px 0;}
partners/news-creator-corps.html	21	#efeff2	#efeff4	var-def	--page-bg	--page-bg:    #efeff2;
partners/news-creator-corps.html	28	#313131	#303036	text	color	body { font-family: 'Inter', sans-serif; background: var(--page-bg); color: #313131; line-height: 1.
partners/news-creator-corps.html	55	#313131	#303036	text	color	.curatorial-text { max-width: 680px; font-size: 16px; font-weight: 400; color: #313131; line-height:
partners/news-creator-corps.html	63	#313131	#303036	text	color	.chip { display: inline-flex; align-items: center; padding: 5px 14px; border-radius: 100px; font-siz
partners/news-creator-corps.html	65	#313131	#303036	text	color	.chip.active { background: var(--lime); border-color: var(--olive); color: #313131; }
partners/news-creator-corps.html	73	#313131	#303036	text	color	.act-count-pill { display: inline-flex; align-items: center; padding: 4px 12px; border-radius: 100px
partners/news-creator-corps.html	81	#efeff2	#efeff4	bg/fill	background	.creator-card:hover { background: #efeff2; border-color: #b0b0b8; }
partners/news-creator-corps.html	86	#efeff2	#efeff4	bg/fill	background	.pill { display: inline-flex; align-items: center; gap: 4px; padding: 4px 12px; border-radius: 100px
partners/news-creator-corps.html	86	#313131	#303036	text	color	.pill { display: inline-flex; align-items: center; gap: 4px; padding: 4px 12px; border-radius: 100px
partners/news-creator-corps.html	87	#313131	#303036	text	color	.pill.platform { background: transparent; border: 1px solid #d4d4d8; color: #313131; }
partners/news-creator-corps.html	88	#313131	#303036	text	color	.pill.platform:hover { background: #97d600; border-color: #97d600; color: #313131; }
partners/news-creator-corps.html	92	#313131	#303036	text	color	.card-link:hover { color: #313131; background: var(--lime); }
partners/news-creator-corps.html	118	#313131	#303036	bg/fill	background	.atlas-footer { background: #313131; padding: 80px 0; }
partners/nj-lab.html	25	#313131	#303036	other/JS		* Dark surfaces (#313131): acid green (#ceff00) accents only
partners/nj-lab.html	26	#efeff2	#efeff4	other/JS		* Light surfaces (#efeff2/#ffffff): lime green (#97d600) accents only
partners/nj-lab.html	34	#efeff2	#efeff4	bg/fill	background	background: #efeff2;
partners/nj-lab.html	35	#313131	#303036	text	color	color: #313131;
partners/nj-lab.html	42	#313131	#303036	bg/fill	background	.section-dark  { background: #313131; color: #efeff2; }
partners/nj-lab.html	42	#efeff2	#efeff4	text	color	.section-dark  { background: #313131; color: #efeff2; }
partners/nj-lab.html	43	#efeff2	#efeff4	bg/fill	background	.section-light { background: #efeff2; color: #313131; }
partners/nj-lab.html	43	#313131	#303036	text	color	.section-light { background: #efeff2; color: #313131; }
partners/nj-lab.html	52	#313131	#303036	bg/fill	background	.hero { background: #313131; padding: 80px 48px 72px; }
partners/nj-lab.html	62	#efeff2	#efeff4	text	color	letter-spacing: -0.02em; color: #efeff2; max-width: 720px;
partners/nj-lab.html	66	rgba(239,239,242,0.65)	rgba(239,239,244,0.65)	text	color	font-size: 16px; line-height: 1.6; color: rgba(239,239,242,0.65);
partners/nj-lab.html	79	rgba(239,239,242,0.5)	rgba(239,239,244,0.5)	text	color	font-size: 12px; font-weight: 500; color: rgba(239,239,242,0.5);
partners/nj-lab.html	84	#efeff2	#efeff4	bg/fill	background	.research-context { background: #efeff2; }
partners/nj-lab.html	93	#313131	#303036	text	color	letter-spacing: -0.01em; color: #313131; margin-bottom: 20px;
partners/nj-lab.html	96	#313131	#303036	text	color	font-size: 16px; line-height: 1.7; color: #313131; margin-bottom: 24px;
partners/nj-lab.html	104	#313131	#303036	text	color	.rc-attribution a:hover { color: #313131; }
partners/nj-lab.html	115	#313131	#303036	text	color	color: #313131; margin-bottom: 8px;
partners/nj-lab.html	122	#efeff2	#efeff4	bg/fill	background	.ecosystem { background: #efeff2; border-top: 1px solid #d4d4d8; }
partners/nj-lab.html	127	#313131	#303036	text	color	font-size: 24px; font-weight: 700; color: #313131;
partners/nj-lab.html	141	#313131	#303036	text	color	color: #313131; cursor: pointer;
partners/nj-lab.html	146	#efeff2	#efeff4	bg/fill	background	background: #efeff2; border-color: #b0b0b8;
partners/nj-lab.html	149	#313131	#303036	text	color	background: #97d600; border-color: #5d7400; color: #313131;
partners/nj-lab.html	167	#efeff2	#efeff4	bg/fill	background	background: #efeff2; border-color: #b0b0b8;
partners/nj-lab.html	170	#313131	#303036	text	color	font-size: 15px; font-weight: 700; color: #313131;
partners/nj-lab.html	185	#313131	#303036	text	color	.plat-tiktok    { background: #f0f0f0; color: #313131; }
partners/nj-lab.html	198	#313131	#303036	text	color	background: #97d600; color: #313131;
partners/nj-lab.html	201	#efeff2	#efeff4	bg/fill	background	background: #efeff2; color: #606068; border: 1px solid #d4d4d8;
partners/nj-lab.html	213	#313131	#303036	bg/fill	background	.findings { background: #313131; }
partners/nj-lab.html	215	#efeff2	#efeff4	text	color	font-size: 24px; font-weight: 700; color: #efeff2;
partners/nj-lab.html	219	rgba(239,239,242,0.55)	rgba(239,239,244,0.55)	text	color	font-size: 14px; color: rgba(239,239,242,0.55);
partners/nj-lab.html	228	rgba(239,239,242,0.45)	rgba(239,239,244,0.45)	text	color	text-transform: uppercase; color: rgba(239,239,242,0.45);
partners/nj-lab.html	241	rgba(239,239,242,0.75)	rgba(239,239,244,0.75)	text	color	font-size: 13px; color: rgba(239,239,242,0.75);
partners/nj-lab.html	270	#313131	#303036	text	color	color: #313131; white-space: nowrap; overflow: hidden;
partners/nj-lab.html	273	#313131	#303036	text	color	.stacked-seg.joy          { background: #ceff00; color: #313131; }
partners/nj-lab.html	274	#313131	#303036	text	color	.stacked-seg.anticipation { background: #ffaa00; color: #313131; }
partners/nj-lab.html	276	#313131	#303036	text	color	.stacked-seg.trust        { background: #00e5ff; color: #313131; }
partners/nj-lab.html	283	rgba(239,239,242,0.65)	rgba(239,239,244,0.65)	text	color	font-size: 12px; color: rgba(239,239,242,0.65);
partners/nj-lab.html	293	#efeff2	#efeff4	text	color	.legend-pct { font-weight: 700; color: #efeff2; }
partners/nj-lab.html	296	rgba(239,239,242,0.55)	rgba(239,239,244,0.55)	text	color	font-size: 14px; line-height: 1.6; color: rgba(239,239,242,0.55);
partners/nj-lab.html	302	rgba(239,239,242,0.35)	rgba(239,239,244,0.35)	text	color	font-size: 12px; color: rgba(239,239,242,0.35);
partners/nj-lab.html	306	#efeff2	#efeff4	bg/fill	background	.partnership { background: #efeff2; }
partners/nj-lab.html	312	#313131	#303036	text	color	font-size: 18px; font-weight: 700; color: #313131; margin-bottom: 10px;
partners/nj-lab.html	315	#313131	#303036	text	color	font-size: 16px; line-height: 1.7; color: #313131; margin-bottom: 16px;
partners/nj-lab.html	321	#313131	#303036	text	color	.partner-col-link:hover { color: #313131; text-decoration: underline; }
partners/nj-lab.html	327	#313131	#303036	bg/fill	background	background: #313131; text-align: center;
partners/nj-lab.html	335	rgba(239,239,242,0.5)	rgba(239,239,244,0.5)	text	color	font-size: 14px; color: rgba(239,239,242,0.5);
partners/nj-lab.html	339	#313131	#303036	bg/fill	background	.cta-section { background: #313131; border-top: 1px solid rgba(255,255,255,0.08); }
partners/nj-lab.html	353	#313131	#303036	text	color	background: #ceff00; color: #313131; border: 1.5px solid #ceff00;
partners/nj-lab.html	409	#313131	#303036	other/JS		SECTION 1: HERO — Dark (#313131)
partners/nj-lab.html	440	#efeff2	#efeff4	other/JS		SECTION 2: RESEARCH CONTEXT — Light (#efeff2)
partners/nj-lab.html	473	#efeff2	#efeff4	other/JS		SECTION 3: CREATOR ECOSYSTEM — Light (#efeff2)
partners/nj-lab.html	500	#313131	#303036	other/JS		SECTION 4: RESEARCH FINDINGS — Dark (#313131)
partners/nj-lab.html	602	#efeff2	#efeff4	other/JS		SECTION 5: ABOUT THE PARTNERSHIP — Light (#efeff2)
partners/nj-lab.html	627	#313131	#303036	other/JS		SECTION 6: CTA FOOTER — Dark (#313131)
partners/njlab copy.html	25	#313131	#303036	other/JS		* Dark surfaces (#313131): acid green (#ceff00) accents only
partners/njlab copy.html	26	#efeff2	#efeff4	other/JS		* Light surfaces (#efeff2/#ffffff): lime green (#97d600) accents only
partners/njlab copy.html	34	#efeff2	#efeff4	bg/fill	background	background: #efeff2;
partners/njlab copy.html	35	#313131	#303036	text	color	color: #313131;
partners/njlab copy.html	42	#313131	#303036	bg/fill	background	.section-dark  { background: #313131; color: #efeff2; }
partners/njlab copy.html	42	#efeff2	#efeff4	text	color	.section-dark  { background: #313131; color: #efeff2; }
partners/njlab copy.html	43	#efeff2	#efeff4	bg/fill	background	.section-light { background: #efeff2; color: #313131; }
partners/njlab copy.html	43	#313131	#303036	text	color	.section-light { background: #efeff2; color: #313131; }
partners/njlab copy.html	52	#313131	#303036	bg/fill	background	.hero { background: #313131; padding: 80px 48px 72px; }
partners/njlab copy.html	62	#efeff2	#efeff4	text	color	letter-spacing: -0.02em; color: #efeff2; max-width: 720px;
partners/njlab copy.html	66	rgba(239,239,242,0.65)	rgba(239,239,244,0.65)	text	color	font-size: 16px; line-height: 1.6; color: rgba(239,239,242,0.65);
partners/njlab copy.html	79	rgba(239,239,242,0.5)	rgba(239,239,244,0.5)	text	color	font-size: 12px; font-weight: 500; color: rgba(239,239,242,0.5);
partners/njlab copy.html	84	#efeff2	#efeff4	bg/fill	background	.research-context { background: #efeff2; }
partners/njlab copy.html	93	#313131	#303036	text	color	letter-spacing: -0.01em; color: #313131; margin-bottom: 20px;
partners/njlab copy.html	96	#313131	#303036	text	color	font-size: 16px; line-height: 1.7; color: #313131; margin-bottom: 24px;
partners/njlab copy.html	104	#313131	#303036	text	color	.rc-attribution a:hover { color: #313131; }
partners/njlab copy.html	115	#313131	#303036	text	color	color: #313131; margin-bottom: 8px;
partners/njlab copy.html	122	#efeff2	#efeff4	bg/fill	background	.ecosystem { background: #efeff2; border-top: 1px solid #d4d4d8; }
partners/njlab copy.html	127	#313131	#303036	text	color	font-size: 24px; font-weight: 700; color: #313131;
partners/njlab copy.html	141	#313131	#303036	text	color	color: #313131; cursor: pointer;
partners/njlab copy.html	146	#efeff2	#efeff4	bg/fill	background	background: #efeff2; border-color: #b0b0b8;
partners/njlab copy.html	149	#313131	#303036	text	color	background: #97d600; border-color: #5d7400; color: #313131;
partners/njlab copy.html	167	#efeff2	#efeff4	bg/fill	background	background: #efeff2; border-color: #b0b0b8;
partners/njlab copy.html	170	#313131	#303036	text	color	font-size: 15px; font-weight: 700; color: #313131;
partners/njlab copy.html	185	#313131	#303036	text	color	.plat-tiktok    { background: #f0f0f0; color: #313131; }
partners/njlab copy.html	198	#313131	#303036	text	color	background: #97d600; color: #313131;
partners/njlab copy.html	201	#efeff2	#efeff4	bg/fill	background	background: #efeff2; color: #606068; border: 1px solid #d4d4d8;
partners/njlab copy.html	213	#313131	#303036	bg/fill	background	.findings { background: #313131; }
partners/njlab copy.html	215	#efeff2	#efeff4	text	color	font-size: 24px; font-weight: 700; color: #efeff2;
partners/njlab copy.html	219	rgba(239,239,242,0.55)	rgba(239,239,244,0.55)	text	color	font-size: 14px; color: rgba(239,239,242,0.55);
partners/njlab copy.html	228	rgba(239,239,242,0.45)	rgba(239,239,244,0.45)	text	color	text-transform: uppercase; color: rgba(239,239,242,0.45);
partners/njlab copy.html	241	rgba(239,239,242,0.75)	rgba(239,239,244,0.75)	text	color	font-size: 13px; color: rgba(239,239,242,0.75);
partners/njlab copy.html	270	#313131	#303036	text	color	color: #313131; white-space: nowrap; overflow: hidden;
partners/njlab copy.html	273	#313131	#303036	text	color	.stacked-seg.joy          { background: #ceff00; color: #313131; }
partners/njlab copy.html	274	#313131	#303036	text	color	.stacked-seg.anticipation { background: #ffaa00; color: #313131; }
partners/njlab copy.html	276	#313131	#303036	text	color	.stacked-seg.trust        { background: #00e5ff; color: #313131; }
partners/njlab copy.html	283	rgba(239,239,242,0.65)	rgba(239,239,244,0.65)	text	color	font-size: 12px; color: rgba(239,239,242,0.65);
partners/njlab copy.html	293	#efeff2	#efeff4	text	color	.legend-pct { font-weight: 700; color: #efeff2; }
partners/njlab copy.html	296	rgba(239,239,242,0.55)	rgba(239,239,244,0.55)	text	color	font-size: 14px; line-height: 1.6; color: rgba(239,239,242,0.55);
partners/njlab copy.html	302	rgba(239,239,242,0.35)	rgba(239,239,244,0.35)	text	color	font-size: 12px; color: rgba(239,239,242,0.35);
partners/njlab copy.html	306	#efeff2	#efeff4	bg/fill	background	.partnership { background: #efeff2; }
partners/njlab copy.html	312	#313131	#303036	text	color	font-size: 18px; font-weight: 700; color: #313131; margin-bottom: 10px;
partners/njlab copy.html	315	#313131	#303036	text	color	font-size: 16px; line-height: 1.7; color: #313131; margin-bottom: 16px;
partners/njlab copy.html	321	#313131	#303036	text	color	.partner-col-link:hover { color: #313131; text-decoration: underline; }
partners/njlab copy.html	327	#313131	#303036	bg/fill	background	background: #313131; text-align: center;
partners/njlab copy.html	335	rgba(239,239,242,0.5)	rgba(239,239,244,0.5)	text	color	font-size: 14px; color: rgba(239,239,242,0.5);
partners/njlab copy.html	339	#313131	#303036	bg/fill	background	.cta-section { background: #313131; border-top: 1px solid rgba(255,255,255,0.08); }
partners/njlab copy.html	353	#313131	#303036	text	color	background: #ceff00; color: #313131; border: 1.5px solid #ceff00;
partners/njlab copy.html	409	#313131	#303036	other/JS		SECTION 1: HERO — Dark (#313131)
partners/njlab copy.html	440	#efeff2	#efeff4	other/JS		SECTION 2: RESEARCH CONTEXT — Light (#efeff2)
partners/njlab copy.html	473	#efeff2	#efeff4	other/JS		SECTION 3: CREATOR ECOSYSTEM — Light (#efeff2)
partners/njlab copy.html	500	#313131	#303036	other/JS		SECTION 4: RESEARCH FINDINGS — Dark (#313131)
partners/njlab copy.html	602	#efeff2	#efeff4	other/JS		SECTION 5: ABOUT THE PARTNERSHIP — Light (#efeff2)
partners/njlab copy.html	627	#313131	#303036	other/JS		SECTION 6: CTA FOOTER — Dark (#313131)
partners/njlab.html	25	#313131	#303036	other/JS		* Dark surfaces (#313131): acid green (#ceff00) accents only
partners/njlab.html	26	#efeff2	#efeff4	other/JS		* Light surfaces (#efeff2/#ffffff): lime green (#97d600) accents only
partners/njlab.html	34	#efeff2	#efeff4	bg/fill	background	background: #efeff2;
partners/njlab.html	35	#313131	#303036	text	color	color: #313131;
partners/njlab.html	42	#313131	#303036	bg/fill	background	.section-dark  { background: #313131; color: #efeff2; }
partners/njlab.html	42	#efeff2	#efeff4	text	color	.section-dark  { background: #313131; color: #efeff2; }
partners/njlab.html	43	#efeff2	#efeff4	bg/fill	background	.section-light { background: #efeff2; color: #313131; }
partners/njlab.html	43	#313131	#303036	text	color	.section-light { background: #efeff2; color: #313131; }
partners/njlab.html	52	#313131	#303036	bg/fill	background	.hero { background: #313131; padding: 80px 48px 72px; }
partners/njlab.html	62	#efeff2	#efeff4	text	color	letter-spacing: -0.02em; color: #efeff2; max-width: 720px;
partners/njlab.html	66	rgba(239,239,242,0.65)	rgba(239,239,244,0.65)	text	color	font-size: 16px; line-height: 1.6; color: rgba(239,239,242,0.65);
partners/njlab.html	79	rgba(239,239,242,0.5)	rgba(239,239,244,0.5)	text	color	font-size: 12px; font-weight: 500; color: rgba(239,239,242,0.5);
partners/njlab.html	84	#efeff2	#efeff4	bg/fill	background	.research-context { background: #efeff2; }
partners/njlab.html	93	#313131	#303036	text	color	letter-spacing: -0.01em; color: #313131; margin-bottom: 20px;
partners/njlab.html	96	#313131	#303036	text	color	font-size: 16px; line-height: 1.7; color: #313131; margin-bottom: 24px;
partners/njlab.html	104	#313131	#303036	text	color	.rc-attribution a:hover { color: #313131; }
partners/njlab.html	115	#313131	#303036	text	color	color: #313131; margin-bottom: 8px;
partners/njlab.html	122	#efeff2	#efeff4	bg/fill	background	.ecosystem { background: #efeff2; border-top: 1px solid #d4d4d8; }
partners/njlab.html	127	#313131	#303036	text	color	font-size: 24px; font-weight: 700; color: #313131;
partners/njlab.html	141	#313131	#303036	text	color	color: #313131; cursor: pointer;
partners/njlab.html	146	#efeff2	#efeff4	bg/fill	background	background: #efeff2; border-color: #b0b0b8;
partners/njlab.html	149	#313131	#303036	text	color	background: #97d600; border-color: #5d7400; color: #313131;
partners/njlab.html	167	#efeff2	#efeff4	bg/fill	background	background: #efeff2; border-color: #b0b0b8;
partners/njlab.html	170	#313131	#303036	text	color	font-size: 15px; font-weight: 700; color: #313131;
partners/njlab.html	185	#313131	#303036	text	color	.plat-tiktok    { background: #f0f0f0; color: #313131; }
partners/njlab.html	198	#313131	#303036	text	color	background: #97d600; color: #313131;
partners/njlab.html	201	#efeff2	#efeff4	bg/fill	background	background: #efeff2; color: #606068; border: 1px solid #d4d4d8;
partners/njlab.html	213	#313131	#303036	bg/fill	background	.findings { background: #313131; }
partners/njlab.html	215	#efeff2	#efeff4	text	color	font-size: 24px; font-weight: 700; color: #efeff2;
partners/njlab.html	219	rgba(239,239,242,0.55)	rgba(239,239,244,0.55)	text	color	font-size: 14px; color: rgba(239,239,242,0.55);
partners/njlab.html	228	rgba(239,239,242,0.45)	rgba(239,239,244,0.45)	text	color	text-transform: uppercase; color: rgba(239,239,242,0.45);
partners/njlab.html	241	rgba(239,239,242,0.75)	rgba(239,239,244,0.75)	text	color	font-size: 13px; color: rgba(239,239,242,0.75);
partners/njlab.html	270	#313131	#303036	text	color	color: #313131; white-space: nowrap; overflow: hidden;
partners/njlab.html	273	#313131	#303036	text	color	.stacked-seg.joy          { background: #ceff00; color: #313131; }
partners/njlab.html	274	#313131	#303036	text	color	.stacked-seg.anticipation { background: #ffaa00; color: #313131; }
partners/njlab.html	276	#313131	#303036	text	color	.stacked-seg.trust        { background: #00e5ff; color: #313131; }
partners/njlab.html	283	rgba(239,239,242,0.65)	rgba(239,239,244,0.65)	text	color	font-size: 12px; color: rgba(239,239,242,0.65);
partners/njlab.html	293	#efeff2	#efeff4	text	color	.legend-pct { font-weight: 700; color: #efeff2; }
partners/njlab.html	296	rgba(239,239,242,0.55)	rgba(239,239,244,0.55)	text	color	font-size: 14px; line-height: 1.6; color: rgba(239,239,242,0.55);
partners/njlab.html	302	rgba(239,239,242,0.35)	rgba(239,239,244,0.35)	text	color	font-size: 12px; color: rgba(239,239,242,0.35);
partners/njlab.html	306	#efeff2	#efeff4	bg/fill	background	.partnership { background: #efeff2; }
partners/njlab.html	312	#313131	#303036	text	color	font-size: 18px; font-weight: 700; color: #313131; margin-bottom: 10px;
partners/njlab.html	315	#313131	#303036	text	color	font-size: 16px; line-height: 1.7; color: #313131; margin-bottom: 16px;
partners/njlab.html	321	#313131	#303036	text	color	.partner-col-link:hover { color: #313131; text-decoration: underline; }
partners/njlab.html	327	#313131	#303036	bg/fill	background	background: #313131; text-align: center;
partners/njlab.html	335	rgba(239,239,242,0.5)	rgba(239,239,244,0.5)	text	color	font-size: 14px; color: rgba(239,239,242,0.5);
partners/njlab.html	339	#313131	#303036	bg/fill	background	.cta-section { background: #313131; border-top: 1px solid rgba(255,255,255,0.08); }
partners/njlab.html	353	#313131	#303036	text	color	background: #ceff00; color: #313131; border: 1.5px solid #ceff00;
partners/njlab.html	409	#313131	#303036	other/JS		SECTION 1: HERO — Dark (#313131)
partners/njlab.html	440	#efeff2	#efeff4	other/JS		SECTION 2: RESEARCH CONTEXT — Light (#efeff2)
partners/njlab.html	473	#efeff2	#efeff4	other/JS		SECTION 3: CREATOR ECOSYSTEM — Light (#efeff2)
partners/njlab.html	500	#313131	#303036	other/JS		SECTION 4: RESEARCH FINDINGS — Dark (#313131)
partners/njlab.html	602	#efeff2	#efeff4	other/JS		SECTION 5: ABOUT THE PARTNERSHIP — Light (#efeff2)
partners/njlab.html	627	#313131	#303036	other/JS		SECTION 6: CTA FOOTER — Dark (#313131)
partners/noah-smith.html	21	#efeff2	#efeff4	var-def	--page-bg	--page-bg:    #efeff2;
partners/noah-smith.html	28	#313131	#303036	text	color	body { font-family: 'Inter', sans-serif; background: var(--page-bg); color: #313131; line-height: 1.
partners/noah-smith.html	56	#313131	#303036	text	color	.act-count-pill { display: inline-flex; align-items: center; padding: 4px 12px; border-radius: 100px
partners/noah-smith.html	64	#efeff2	#efeff4	bg/fill	background	.creator-card:hover { background: #efeff2; border-color: #b0b0b8; }
partners/noah-smith.html	69	#efeff2	#efeff4	bg/fill	background	.pill { display: inline-flex; align-items: center; gap: 4px; padding: 4px 12px; border-radius: 100px
partners/noah-smith.html	69	#313131	#303036	text	color	.pill { display: inline-flex; align-items: center; gap: 4px; padding: 4px 12px; border-radius: 100px
partners/noah-smith.html	70	#313131	#303036	text	color	.pill.platform { background: transparent; border: 1px solid #d4d4d8; color: #313131; }
partners/noah-smith.html	71	#313131	#303036	text	color	.pill.platform:hover { background: #97d600; border-color: #97d600; color: #313131; }
partners/noah-smith.html	75	#313131	#303036	text	color	.card-link:hover { color: #313131; background: var(--lime); }
partners/noah-smith.html	88	#313131	#303036	text	color	.curatorial-text { max-width: 680px; font-size: 16px; font-weight: 400; color: #313131; line-height:
partners/noah-smith.html	101	#313131	#303036	bg/fill	background	.atlas-footer { background: #313131; padding: 80px 0; }
partners/rahim-jessani.html	21	#efeff2	#efeff4	var-def	--page-bg	--page-bg:    #efeff2;
partners/rahim-jessani.html	28	#313131	#303036	text	color	body { font-family: 'Inter', sans-serif; background: var(--page-bg); color: #313131; line-height: 1.
partners/rahim-jessani.html	56	#313131	#303036	text	color	.act-count-pill { display: inline-flex; align-items: center; padding: 4px 12px; border-radius: 100px
partners/rahim-jessani.html	64	#efeff2	#efeff4	bg/fill	background	.creator-card:hover { background: #efeff2; border-color: #b0b0b8; }
partners/rahim-jessani.html	69	#efeff2	#efeff4	bg/fill	background	.pill { display: inline-flex; align-items: center; gap: 4px; padding: 4px 12px; border-radius: 100px
partners/rahim-jessani.html	69	#313131	#303036	text	color	.pill { display: inline-flex; align-items: center; gap: 4px; padding: 4px 12px; border-radius: 100px
partners/rahim-jessani.html	70	#313131	#303036	text	color	.pill.platform { background: transparent; border: 1px solid #d4d4d8; color: #313131; }
partners/rahim-jessani.html	71	#313131	#303036	text	color	.pill.platform:hover { background: #97d600; border-color: #97d600; color: #313131; }
partners/rahim-jessani.html	75	#313131	#303036	text	color	.card-link:hover { color: #313131; background: var(--lime); }
partners/rahim-jessani.html	97	#313131	#303036	text	color	.curatorial-text { max-width: 680px; font-size: 16px; font-weight: 400; color: #313131; line-height:
partners/rahim-jessani.html	100	#313131	#303036	bg/fill	background	.atlas-footer { background: #313131; padding: 80px 0; }
pulse.html	25	#efeff2	#efeff4	bg/fill	background	background: #efeff2;
pulse.html	26	#313131	#303036	text	color	color: #313131;
pulse.html	106	#efeff2	#efeff4	bg/fill	background	background: #efeff2;
pulse.html	120	#313131	#303036	text	color	color: #313131;
pulse.html	138	#313131	#303036	text	color	.field-summary-text { font-family: 'Inter', sans-serif; font-size: 16px; font-weight: 400; color: #3
pulse.html	145	#313131	#303036	text	color	.audience-bridge-sub { font-family: 'Inter', sans-serif; font-size: 16px; color: #313131; line-heigh
pulse.html	246	#313131	#303036	text	color	.archive-eyebrow { font-family: 'DM Mono', monospace; font-size: 11px; letter-spacing: 0.14em; text-
pulse.html	317	#313131	#303036	text	color	color: #313131;
pulse.html	352	#efeff2	#efeff4	bg/fill	background	background: #efeff2;
pulse.html	637	#efeff2	#efeff4	bg/fill	background	.co-corner { width: 140px; position: sticky; left: 0; z-index: 2; background: #efeff2; }
pulse.html	639	#efeff2	#efeff4	bg/fill	background	.co-row-label { font-family: 'DM Mono', monospace; font-size: 9px; color: #666; padding: 4px 12px 4p
pulse.html	651	#efeff2	#efeff4	bg/fill	background	.plat-bar-track { flex: 1; height: 6px; background: #efeff2; border-radius: 3px; overflow: hidden; }
pulse.html	712	#313131	#303036	text	color	.analysis-tab:hover { color: #313131; }
pulse.html	779	#313131	#303036	text	color	color: #313131;
pulse.html	942	#313131	#303036	text	color	color: #313131;
pulse.html	948	#6b6b6b	#5e5e64	text	color	color: #6b6b6b;
pulse.html	956	#313131	#303036	text	color	color: #313131;
pulse.html	973	#6b6b6b	#5e5e64	text	color	color: #6b6b6b;
pulse.html	1003	rgba(239,239,242,0.7)	rgba(239,239,244,0.7)	text	color	color: rgba(239,239,242,0.7);
pulse.html	2619	#313131	#303036	text	color	if (count === 0) return { bg: '#f0f0f2', color: '#313131' };
pulse.html	2622	#313131	#303036	other/JS		return { bg: `rgb(${l},${l},${l})`, color: t > 0.35 ? '#fff' : '#313131' };
research.html	34	#efeff2	#efeff4	bg/fill	background	background: #efeff2;
research.html	35	#313131	#303036	text	color	color: #313131;
research.html	113	#efeff2	#efeff4	bg/fill	background	background: #efeff2;
research.html	130	#313131	#303036	text	color	color: #313131;
research.html	155	#efeff2	#efeff4	bg/fill	background	background: linear-gradient(to right, #efeff2, transparent);
research.html	160	#efeff2	#efeff4	bg/fill	background	background: linear-gradient(to left, #efeff2, transparent);
research.html	210	#313131	#303036	text	color	color: #313131;
research.html	238	#313131	#303036	text	color	color: #313131;
research.html	374	#efeff2	#efeff4	bg/fill	background	background: #efeff2;
research.html	398	#313131	#303036	text	color	color: #313131;
research.html	436	#313131	#303036	text	color	color: #313131;
research.html	437	#efeff2	#efeff4	bg/fill	background	background: #efeff2;
research.html	480	#313131	#303036	text	color	color: #313131;
research.html	487	#efeff2	#efeff4	bg/fill	background	background: #efeff2;
research.html	504	#313131	#303036	text	color	color: #313131;
research.html	522	#313131	#303036	text	color	color: #313131;
search.html	932	#efeff2	#efeff4	other/JS		// TODO-JAMES: light-surface palette needed — canvas renders on #efeff2, these colors need redesign 
search.html	939	#efeff2	#efeff4	other/JS	fix	"_default":                      "#909098"    // legibility fix: was #606068, near-invisible on #efe
who-we-are.html	37	#efeff2	#efeff4	var-def	--light-gray	--light-gray: #efeff2;
who-we-are.html	38	#313131	#303036	var-def	--dark-gray	--dark-gray: #313131;
who-we-are.html	198	#313131	#303036	text	color	.about-subnav-link:hover { color: #313131; }
who-we-are.html	200	#313131	#303036	text	color	color: #313131;
wire.html	34	#efeff2	#efeff4	bg/fill	background	background: var(--color-bg, #efeff2);
wire.html	35	#313131	#303036	text	color	color: var(--color-text, #313131);
wire.html	89	#efeff2	#efeff4	bg/fill	background	background: var(--color-bg, #efeff2);
wire.html	103	#6b6b6b	#5e5e64	text	color	background: transparent; color: var(--color-text-secondary, #6b6b6b);
wire.html	171	#6b6b6b	#5e5e64	text	color	color: var(--color-text-secondary, #6b6b6b);
wire.html	172	#efeff2	#efeff4	bg/fill	background	background: var(--color-bg, #efeff2);
wire.html	181	#313131	#303036	text	color	font-size: 16px; line-height: 1.6; color: var(--color-text, #313131);
wire.html	208	#6b6b6b	#5e5e64	text	color	color: var(--color-text-secondary, #6b6b6b);
wire.html	223	#313131	#303036	text	color	background: transparent; color: var(--color-text, #313131);
wire.html	233	#313131	#303036	text	color	.feed-empty h3 { font-size: 18px; color: var(--color-text, #313131); margin-bottom: 8px; }
wire.html	241	#efeff2	#efeff4	bg/fill	background	background: var(--color-bg, #efeff2);
