file	line	element	old	new	role	surface
about-this-project.html	84	.about-eyebrow	#5d7400	var(--color-accent-on-light)	text	light
about-this-project.html	109	.about-read-more	#5d7400	var(--color-accent-on-light)	text	light
about-this-project.html	146	.pillar-number	#5d7400	var(--color-accent-on-light)	text	light
about-this-project.html	209	.team-title	#5d7400	var(--color-accent-on-light)	text	light
about-this-project.html	230	.team-link:hover	#5d7400	var(--color-accent-on-light)	stroke	light
about-this-project.html	230	.team-link:hover	#5d7400	var(--color-accent-on-light)	text	light
about-this-project.html	305	.criteria-num	#ceff00	var(--color-acid)	text	dark
about-this-project.html	346	.looking-item::before	#5d7400	var(--color-accent-on-light)	text	light
about-this-project.html	404	.governance-box strong	#ceff00	var(--color-acid)	text	dark
about-this-project.html	430	.btn-lime-about	#97d600	var(--color-accent)	fill	light
advisory.html	120	.coming-soon-badge	var(--acid-green)	var(--color-acid)	fill	unobserved
advisory.html	179	.governance-box h3	var(--acid-green)	var(--color-acid)	text	dark
assets/css/main.css	214	.read-more-btn:hover	var(--acid-green)	var(--color-acid)	fill	unknown(gradient)
assets/css/main.css	426	.clear-filters-top	var(--lime-green)	var(--color-accent)	fill	light
assets/css/main.css	428	.clear-filters-top	var(--color-dark-olive)	var(--color-accent-on-light)	stroke	light
assets/css/main.css	443	.clear-filters-top:hover	var(--color-dark-olive)	var(--color-accent-on-light)	stroke	light
assets/css/main.css	531	.view-btn:hover:not(.active)	var(--lime-green)	var(--color-hover)	fill	light
assets/css/main.css	532	.view-btn:hover:not(.active)	var(--color-dark-olive)	var(--color-accent-on-light)	stroke	light
assets/css/main.css	625	.creator-meta-item.clickable-tag:hover	var(--lime-green)	var(--color-hover)	fill	light
assets/css/main.css	649	.creator-tag.clickable-tag:hover	var(--lime-green)	var(--color-hover)	fill	unobserved
assets/css/main.css	880	.bubble-tooltip	var(--acid-green)	var(--color-acid)	stroke	dark
assets/css/main.css	1008	.breadcrumb-item.active	var(--lime-green)	var(--color-accent)	fill	light
assets/css/main.css	1060	.sunburst-creator-avatar	var(--lime-green)	var(--color-accent)	fill	unobserved
assets/css/main.css	1467	.mobile-filter-toggle .filter-count-badge	var(--lime-green)	var(--color-accent)	fill	light
assets/css/main.css	1862	.share-view-btn	var(--acid-green)	var(--color-acid)	text	dark
assets/css/main.css	2056	.pack-btn-primary	var(--acid-green)	var(--color-acid)	text	dark
assets/css/main.css	2120	.atlas-drawer-pack-cta	var(--acid-green)	var(--color-acid)	text	dark
assets/css/main.css	2399	.site-footer .footer-column a:hover	var(--color-acid-green)	var(--color-acid)	text	dark
bluesky-creator-intelligence.html	52	.badge-atlas	var(--olive)	var(--color-accent-on-light)	text	light
bluesky-creator-intelligence.html	56	.header-cta	var(--lime)	var(--color-accent)	fill	light
bluesky-creator-intelligence.html	56	.header-cta	var(--olive)	var(--color-accent-on-light)	stroke	light
bluesky-creator-intelligence.html	124	.dist-bar-fill	var(--lime)	var(--color-accent)	fill	light
bluesky-creator-intelligence.html	172	.sort-btn.active	var(--olive)	var(--color-accent-on-light)	text	light
bluesky-creator-intelligence.html	180	.filter-pill.active	var(--lime)	var(--color-accent)	fill	light
bluesky-creator-intelligence.html	199	.ci-platform.cross	var(--olive)	var(--color-accent-on-light)	text	light
bluesky-creator-intelligence.html	240	.partner-headline	var(--acid)	var(--color-acid)	text	dark
bluesky-creator-intelligence.html	485	<a> (inline)	var(--lime)	var(--color-accent)	fill	light
city-lab-chicago.html	34	.hero-eyebrow	#ceff00	var(--color-acid)	text	dark
city-lab-chicago.html	38	.hero-cta-link	#ceff00	var(--color-acid)	text	dark
city-lab-chicago.html	41	.hero-stat-num-large	#ceff00	var(--color-acid)	text	dark
city-lab-chicago.html	50	.hero-stat-child[data-layer]:hover .hero-stat-num-child	#ceff00	var(--color-acid)	text	dark
city-lab-chicago.html	54	.two-layer-pill	#5d7400	var(--color-accent-on-light)	text	light
city-lab-chicago.html	55	.hero-stat-245-link	#ceff00	var(--color-acid)	text	dark
city-lab-chicago.html	66	.tab-btn .tab-badge	#97d600	var(--color-accent)	fill	light
city-lab-chicago.html	80	.eco-panel-j .eco-panel-eyebrow	#ceff00	var(--color-acid)	text	dark
city-lab-chicago.html	89	.eco-panel-j .eco-ps-num	#ceff00	var(--color-acid)	text	dark
city-lab-chicago.html	103	.eco-pill-j-strong	#ceff00	var(--color-acid)	fill	dark
city-lab-chicago.html	117	.context-toggle	#5d7400	var(--color-accent-on-light)	text	light
city-lab-chicago.html	143	.layer-stat-btn.active .layer-stat-label	#5d7400	var(--color-accent-on-light)	text	light
city-lab-chicago.html	156	.beat-chip.active, .plat-chip.active	#97d600	var(--color-accent)	fill	light
city-lab-chicago.html	156	.beat-chip.active, .plat-chip.active	#5d7400	var(--color-accent-on-light)	stroke	light
city-lab-chicago.html	173	.row-link	#5d7400	var(--color-accent-on-light)	text	light
city-lab-chicago.html	200	.feco-name:hover	#5d7400	var(--color-accent-on-light)	text	light
city-lab-chicago.html	220	.pulse-badge-text	#5d7400	var(--color-accent-on-light)	text	light
city-lab-dc-v3.html	96	.hero::before	var(--acid)	var(--color-acid)	fill	dark
city-lab-dc-v3.html	107	.hero-eyebrow	var(--acid)	var(--color-acid)	text	dark
city-lab-dc-v3.html	118	.hero-title span	var(--acid)	var(--color-acid)	text	dark
city-lab-dc-v3.html	130	.hero-stat-block	var(--acid)	var(--color-acid)	stroke	dark
city-lab-dc-v3.html	142	.hero-stat-label	var(--acid)	var(--color-acid)	text	dark
city-lab-dc-v3.html	154	.hero-stat-row em	var(--acid)	var(--color-acid)	text	dark
city-lab-dc-v3.html	172	.section-nav	var(--acid)	var(--color-acid)	stroke	dark
city-lab-dc-v3.html	197	.section-nav a:hover, .section-nav a.active	var(--acid)	var(--color-acid)	text	dark
city-lab-dc-v3.html	198	.section-nav a:hover, .section-nav a.active	var(--acid)	var(--color-acid)	stroke	dark
city-lab-dc-v3.html	205	.collapse-bg .section-label	var(--acid)	var(--color-acid)	text	dark
city-lab-dc-v3.html	227	.timeline-item::before	var(--acid)	var(--color-acid)	fill	dark
city-lab-dc-v3.html	236	.timeline-date	var(--acid)	var(--color-acid)	text	dark
city-lab-dc-v3.html	271	.stat-card .num	var(--acid)	var(--color-acid)	text	dark
city-lab-dc-v3.html	309	.pill.active	var(--acid)	var(--color-acid)	text	dark
city-lab-dc-v3.html	602	.show-more-btn	var(--acid)	var(--color-acid)	text	dark
city-lab-dc-v3.html	706	.opp-card	var(--acid)	var(--color-acid)	stroke	dark
city-lab-dc-v3.html	714	.opp-num	var(--acid)	var(--color-acid)	text	dark
city-lab-dc-v3.html	735	.atlas-callout	var(--acid)	var(--color-acid)	fill	dark
city-lab-dc-v3.html	777	.footer-brand	var(--acid)	var(--color-acid)	text	dark
city-lab-dc-v3.html	782	.footer-links a:hover	var(--acid)	var(--color-acid)	text	dark
city-lab-dc-v3.html	923	<em> (inline)	var(--acid)	var(--color-acid)	text	dark
contact.html	71	.contact-sub a	#ceff00	var(--color-acid)	text	dark
contact.html	77	.contact-email-btn	#ceff00	var(--color-acid)	fill	dark
contact.html	116	.contribute-intro a	#5d7400	var(--color-accent-on-light)	text	light
for-brands.html	60	.btn-primary	#ceff00	var(--color-acid)	fill	dark
for-brands.html	65	.btn-primary:hover	var(--color-lime-green)	var(--color-hover)	fill	dark
for-brands.html	81	.hero-eyebrow-pill	#ceff00	var(--color-acid)	text	dark
for-brands.html	132	.compare-th--right	#97d600	var(--color-accent)	fill	light
for-brands.html	132	.compare-th--right	#5d7400	var(--color-accent-on-light)	stroke	light
for-brands.html	166	.way-card-icon	#ceff00	var(--color-acid)	text	dark
for-brands.html	192	.good-news-headline::after	#97d600	var(--color-accent)	fill	light
for-brands.html	206	.intel-cta-link	#ceff00	var(--color-acid)	text	dark
for-brands.html	232	.gallery-card-link	#ceff00	var(--color-acid)	text	dark
for-brands.html	240	.gmp-bar	#ceff00	var(--color-acid)	fill	dark
for-brands.html	250	.gms-avatar	#ceff00	var(--color-acid)	text	dark
for-brands.html	282	.form-submit	#97d600	var(--color-accent)	fill	light
for-brands.html	323	.bf-select:focus, .bf-input:focus	#ceff00	var(--color-acid)	stroke	dark
for-brands.html	338	.bf-submit	#ceff00	var(--color-acid)	fill	dark
for-brands.html	343	.bf-submit:hover	var(--color-lime-green)	var(--color-hover)	fill	dark
for-brands.html	351	.brief-confirm-headline	#ceff00	var(--color-acid)	text	dark
for-brands.html	354	.brief-section .eyebrow::before	#ceff00	var(--color-acid)	fill	dark
for-brands.html	373	.pulse-intel-cta	#ceff00	var(--color-acid)	text	dark
for-brands.html	380	.pi-beat-name	#ceff00	var(--color-acid)	text	dark
for-brands.html	384	.pi-beat-bar-fill	#ceff00	var(--color-acid)	fill	dark
for-brands.html	390	.pulse-dot-acid	#ceff00	var(--color-acid)	fill	dark
for-brands.html	404	.pi-post-title:hover	#ceff00	var(--color-acid)	text	dark
for-brands.html	407	.pi-beat-more:hover	#ceff00	var(--color-acid)	text	dark
for-brands.html	410	.pulse-intel-footer a:hover	#ceff00	var(--color-acid)	text	dark
for-brands.html	445	.bx-chip--active	#ceff00	var(--color-acid)	fill	mixed
for-brands.html	450	.bx-creator-avatar	#ceff00	var(--color-acid)	text	dark
for-brands.html	456	.bx-search-cta	#ceff00	var(--color-acid)	text	dark
for-brands.html	466	.pricing-col-list .material-symbols-outlined	#ceff00	var(--color-acid)	text	dark
for-brands.html	986	<span.material-symbols-outlined> (inline)	#ceff00	var(--color-acid)	text	dark
index.html	42	.btn-acid	#ceff00	var(--color-acid)	fill	dark
index.html	47	.btn-acid:hover	var(--color-lime-green)	var(--color-hover)	fill	dark
index.html	69	.hero-eyebrow-pill	#ceff00	var(--color-acid)	text	dark
index.html	75	.hero-headline em	#ceff00	var(--color-acid)	text	dark
index.html	139	.hero-stat-badge-num	#ceff00	var(--color-acid)	text	dark
index.html	144	.btn-lime	#97d600	var(--color-accent)	fill	light
index.html	146	.btn-lime	#5d7400	var(--color-accent-on-light)	stroke	light
index.html	151	.btn-lime-lg	#97d600	var(--color-accent)	fill	light
index.html	152	.btn-lime-lg	#5d7400	var(--color-accent-on-light)	stroke	light
index.html	164	.stat-num .stat-plus	#5d7400	var(--color-accent-on-light)	text	light
index.html	165	.stat-num.green	#5d7400	var(--color-accent-on-light)	text	light
index.html	168	.stat-sub	#5d7400	var(--color-accent-on-light)	text	light
index.html	173	.stat-cell--linked .stat-sub	#5d7400	var(--color-accent-on-light)	text	light
index.html	182	.featured-view-all	#ceff00	var(--color-acid)	text	dark
index.html	192	.featured-progress-dot.active	#ceff00	var(--color-acid)	fill	dark
index.html	199	.featured-beat	#ceff00	var(--color-acid)	text	dark
index.html	203	.featured-link:hover	#ceff00	var(--color-acid)	text	dark
index.html	233	.credentials-link	#ceff00	var(--color-acid)	text	dark
index.html	243	.pulse-live-badge	#5d7400	var(--color-accent-on-light)	text	light
index.html	249	.pulse-open-btn	#5d7400	var(--color-accent-on-light)	text	light
index.html	257	.pulse-beat-name	#5d7400	var(--color-accent-on-light)	text	light
index.html	264	.pulse-item-headline:hover	#5d7400	var(--color-accent-on-light)	text	light
index.html	265	.pulse-col-more	#5d7400	var(--color-accent-on-light)	text	light
index.html	287	.cluster-count-n	#5d7400	var(--color-accent-on-light)	text	light
index.html	296	.cluster-explore-link	#5d7400	var(--color-accent-on-light)	text	light
index.html	299	.intel-footer a	#5d7400	var(--color-accent-on-light)	text	light
index.html	308	.research-badge	#5d7400	var(--color-accent-on-light)	text	light
index.html	322	.research-card-link	#5d7400	var(--color-accent-on-light)	text	light
index.html	327	.research-card-source-pill	#ceff00	var(--color-acid)	fill	light
index.html	431	#cluster-drawer-atlas-link	#ceff00	var(--color-acid)	text	dark
index.html	496	#cluster-drawer-full-link	#ceff00	var(--color-acid)	text	dark
latin-america-lab.html	88	.nav-breadcrumb a:hover	var(--page-accent)	var(--color-acid)	text	dark
latin-america-lab.html	97	.hero	var(--page-accent)	var(--color-acid)	stroke	dark
latin-america-lab.html	110	.hero-label	var(--page-accent)	var(--color-acid)	text	dark
latin-america-lab.html	147	.hero-stat-num	var(--page-accent)	var(--color-acid)	text	dark
latin-america-lab.html	226	.lab-eyebrow	var(--page-accent)	var(--color-acid)	text	dark
latin-america-lab.html	265	.filter-pill.active	var(--page-accent)	var(--color-acid)	fill	mixed
latin-america-lab.html	278	.count-bar span	var(--page-accent)	var(--color-acid)	text	dark
latin-america-lab.html	348	.featured-dot	var(--page-accent)	var(--color-acid)	fill	dark
latin-america-lab.html	362	.icfj-badge	var(--page-accent)	var(--color-acid)	text	dark
latin-america-lab.html	368	.card-country	var(--page-accent)	var(--color-acid)	text	dark
latin-america-lab.html	383	.card-channel	var(--page-accent)	var(--color-acid)	text	dark
latin-america-lab.html	428	.card-link:hover	var(--page-accent)	var(--color-acid)	text	dark
latin-america-lab.html	443	.spotlight-eyebrow	var(--page-accent)	var(--color-acid)	text	dark
latin-america-lab.html	508	.spotlight-cta	var(--page-accent)	var(--color-acid)	text	dark
latin-america-lab.html	614	.btn-primary	var(--page-accent)	var(--color-acid)	fill	dark
latin-america-lab.html	620	.btn-primary:hover	var(--color-accent-dark-hover)	var(--color-hover)	fill	dark
latin-america-lab.html	636	.btn-ghost:hover	var(--page-accent)	var(--color-acid)	text	dark
latin-america-lab.html	650	-visible, .btn-ghost:focus-visible, .card-link:focus-visible, .spotlig	#ceff00	var(--color-acid)	stroke	dark
partners/_reviewjames.html	15	.flag	var(--acid)	var(--color-acid)	text	dark
partners/_reviewjames.html	28	a.pagelink	var(--olive)	var(--color-accent-on-light)	text	light
partners/_reviewjames.html	30	.pill-confirmed	var(--olive)	var(--color-accent-on-light)	text	light
partners/_reviewjames.html	32	.pill-new	var(--acid)	var(--color-acid)	text	dark
partners/_shell.html	65	.hero-eyebrow	var(--acid)	var(--color-acid)	text	dark
partners/_shell.html	79	.hero-stat-num	var(--acid)	var(--color-acid)	text	dark
partners/_shell.html	90	.partner-url	var(--olive)	var(--color-accent-on-light)	text	light
partners/_shell.html	114	.creator-channel	var(--olive)	var(--color-accent-on-light)	text	light
partners/_shell.html	133	.pill.platform:hover	#97d600	var(--color-hover)	fill	light
partners/_shell.html	143	.card-link	var(--olive)	var(--color-accent-on-light)	text	light
partners/_shell.html	150	.card-link:hover	var(--lime)	var(--color-hover)	fill	light
partners/_shell.html	191	.about-link	var(--olive)	var(--color-accent-on-light)	text	light
partners/_shell.html	202	.atlas-footer-btn	var(--acid)	var(--color-acid)	fill	dark
partners/ahp.html	43	.hero-eyebrow	var(--acid)	var(--color-acid)	text	dark
partners/ahp.html	83	.curator-strip-url:hover	var(--acid)	var(--color-acid)	text	dark
partners/ahp.html	115	.chip.active	var(--lime)	var(--color-accent)	fill	light
partners/ahp.html	115	.chip.active	var(--olive)	var(--color-accent-on-light)	stroke	light
partners/ahp.html	158	.creator-channel	var(--olive)	var(--color-accent-on-light)	text	light
partners/ahp.html	173	.pill.platform:hover	#97d600	var(--color-hover)	fill	light
partners/ahp.html	183	.card-link	var(--olive)	var(--color-accent-on-light)	text	light
partners/ahp.html	190	.card-link:hover	var(--lime)	var(--color-hover)	fill	light
partners/ahp.html	210	.atlas-attribution-badge	var(--acid)	var(--color-acid)	text	dark
partners/ahp.html	217	.atlas-attribution-body a	var(--olive)	var(--color-accent-on-light)	text	light
partners/ahp.html	229	.about-link	var(--olive)	var(--color-accent-on-light)	text	light
partners/ahp.html	240	.atlas-footer-btn	var(--acid)	var(--color-acid)	fill	dark
partners/cillizza.html	43	.hero-eyebrow	var(--acid)	var(--color-acid)	text	dark
partners/cillizza.html	83	.curator-strip-url:hover	var(--acid)	var(--color-acid)	text	dark
partners/cillizza.html	111	.chip.active	var(--lime)	var(--color-accent)	fill	light
partners/cillizza.html	111	.chip.active	var(--olive)	var(--color-accent-on-light)	stroke	light
partners/cillizza.html	154	.creator-channel	var(--olive)	var(--color-accent-on-light)	text	light
partners/cillizza.html	164	.pill.platform:hover	#97d600	var(--color-hover)	fill	light
partners/cillizza.html	171	.card-link	var(--olive)	var(--color-accent-on-light)	text	light
partners/cillizza.html	178	.card-link:hover	var(--lime)	var(--color-hover)	fill	light
partners/cillizza.html	202	.atlas-attribution-badge	var(--acid)	var(--color-acid)	text	dark
partners/cillizza.html	209	.atlas-attribution-body a	var(--olive)	var(--color-accent-on-light)	text	light
partners/cillizza.html	221	.about-link	var(--olive)	var(--color-accent-on-light)	text	light
partners/cillizza.html	232	.atlas-footer-btn	var(--acid)	var(--color-acid)	fill	dark
partners/emily-atkin.html	43	.hero-eyebrow	var(--acid)	var(--color-acid)	text	dark
partners/emily-atkin.html	77	.curator-strip-url:hover	var(--acid)	var(--color-acid)	text	dark
partners/emily-atkin.html	97	.chip.active	var(--lime)	var(--color-accent)	fill	unobserved
partners/emily-atkin.html	122	.creator-channel	var(--olive)	var(--color-accent-on-light)	text	light
partners/emily-atkin.html	132	.pill.platform:hover	#97d600	var(--color-hover)	fill	light
partners/emily-atkin.html	136	.card-link	var(--olive)	var(--color-accent-on-light)	text	light
partners/emily-atkin.html	142	.card-link:hover	var(--lime)	var(--color-hover)	fill	light
partners/emily-atkin.html	154	.atlas-attribution-badge	var(--acid)	var(--color-acid)	text	dark
partners/emily-atkin.html	159	.atlas-attribution-body a	var(--olive)	var(--color-accent-on-light)	text	light
partners/emily-atkin.html	170	.about-link	var(--olive)	var(--color-accent-on-light)	text	light
partners/emily-atkin.html	182	.atlas-footer-btn	var(--acid)	var(--color-acid)	fill	dark
partners/icfj.html	42	.hero-eyebrow	var(--acid)	var(--color-acid)	text	dark
partners/icfj.html	59	.curator-strip-url:hover	var(--acid)	var(--color-acid)	text	dark
partners/icfj.html	69	.chip.active	var(--lime)	var(--color-accent)	fill	light
partners/icfj.html	69	.chip.active	var(--olive)	var(--color-accent-on-light)	stroke	light
partners/icfj.html	84	.creator-channel	var(--olive)	var(--color-accent-on-light)	text	light
partners/icfj.html	89	.pill.platform:hover	#97d600	var(--color-hover)	fill	light
partners/icfj.html	92	.card-link	var(--olive)	var(--color-accent-on-light)	text	light
partners/icfj.html	93	.card-link:hover	var(--lime)	var(--color-hover)	fill	light
partners/icfj.html	99	.atlas-attribution-badge	var(--acid)	var(--color-acid)	text	dark
partners/icfj.html	101	.atlas-attribution-body a	var(--olive)	var(--color-accent-on-light)	text	light
partners/icfj.html	115	.about-link	var(--olive)	var(--color-accent-on-light)	text	light
partners/icfj.html	122	.atlas-footer-btn	var(--acid)	var(--color-acid)	fill	dark
partners/iij.html	42	.hero-eyebrow	var(--acid)	var(--color-acid)	text	dark
partners/iij.html	64	.chip.active	var(--lime)	var(--color-accent)	fill	light
partners/iij.html	64	.chip.active	var(--olive)	var(--color-accent-on-light)	stroke	light
partners/iij.html	79	.creator-channel	var(--olive)	var(--color-accent-on-light)	text	light
partners/iij.html	83	.card-link	var(--olive)	var(--color-accent-on-light)	text	light
partners/iij.html	84	.card-link:hover	var(--lime)	var(--color-hover)	fill	light
partners/iij.html	92	.atlas-attribution-badge	var(--acid)	var(--color-acid)	text	dark
partners/iij.html	94	.atlas-attribution-body a	var(--olive)	var(--color-accent-on-light)	text	light
partners/iij.html	113	.atlas-footer-btn	var(--acid)	var(--color-acid)	fill	dark
partners/index.html	77	.partners-cta	#ceff00	var(--color-acid)	text	dark
partners/jessica-stahl.html	34	.hero-eyebrow	var(--acid)	var(--color-acid)	text	dark
partners/jessica-stahl.html	48	.curator-strip-url:hover	var(--acid)	var(--color-acid)	text	dark
partners/jessica-stahl.html	58	.chip.active	var(--lime)	var(--color-accent)	fill	light
partners/jessica-stahl.html	58	.chip.active	var(--olive)	var(--color-accent-on-light)	stroke	light
partners/jessica-stahl.html	72	.creator-channel	var(--olive)	var(--color-accent-on-light)	text	light
partners/jessica-stahl.html	77	.pill.platform:hover	#97d600	var(--color-hover)	fill	light
partners/jessica-stahl.html	80	.card-link	var(--olive)	var(--color-accent-on-light)	text	light
partners/jessica-stahl.html	81	.card-link:hover	var(--lime)	var(--color-hover)	fill	light
partners/jessica-stahl.html	86	.atlas-attribution-badge	var(--acid)	var(--color-acid)	text	dark
partners/jessica-stahl.html	88	.atlas-attribution-body a	var(--olive)	var(--color-accent-on-light)	text	light
partners/jessica-stahl.html	100	.about-link	var(--olive)	var(--color-accent-on-light)	text	light
partners/jessica-stahl.html	107	.atlas-footer-btn	var(--acid)	var(--color-acid)	fill	dark
partners/joon-lee.html	24	.hero-eyebrow	var(--acid)	var(--color-acid)	text	dark
partners/joon-lee.html	34	.curator-strip-url:hover	var(--acid)	var(--color-acid)	text	dark
partners/joon-lee.html	46	.creator-channel	var(--olive)	var(--color-accent-on-light)	text	light
partners/joon-lee.html	51	.pill.platform:hover	#97d600	var(--color-hover)	fill	light
partners/joon-lee.html	54	.card-link	var(--olive)	var(--color-accent-on-light)	text	light
partners/joon-lee.html	55	.card-link:hover	var(--lime)	var(--color-hover)	fill	light
partners/joon-lee.html	57	.atlas-attribution-badge	var(--acid)	var(--color-acid)	text	dark
partners/joon-lee.html	59	.atlas-attribution-body a	var(--olive)	var(--color-accent-on-light)	text	light
partners/joon-lee.html	67	.about-link	var(--olive)	var(--color-accent-on-light)	text	light
partners/joon-lee.html	75	.atlas-footer-btn	var(--acid)	var(--color-acid)	fill	dark
partners/karen-attiah.html	23	.hero-eyebrow	var(--acid)	var(--color-acid)	text	dark
partners/karen-attiah.html	33	.curator-strip-url:hover	var(--acid)	var(--color-acid)	text	dark
partners/karen-attiah.html	45	.creator-channel	var(--olive)	var(--color-accent-on-light)	text	light
partners/karen-attiah.html	50	.pill.platform:hover	#97d600	var(--color-hover)	fill	light
partners/karen-attiah.html	53	.card-link	var(--olive)	var(--color-accent-on-light)	text	light
partners/karen-attiah.html	54	.card-link:hover	var(--lime)	var(--color-hover)	fill	light
partners/karen-attiah.html	56	.atlas-attribution-badge	var(--acid)	var(--color-acid)	text	dark
partners/karen-attiah.html	58	.atlas-attribution-body a	var(--olive)	var(--color-accent-on-light)	text	light
partners/karen-attiah.html	65	.about-link	var(--olive)	var(--color-accent-on-light)	text	light
partners/karen-attiah.html	71	.atlas-footer-btn	var(--acid)	var(--color-acid)	fill	dark
partners/knowledge-creators.html	23	.hero-eyebrow	var(--acid)	var(--color-acid)	text	dark
partners/knowledge-creators.html	33	.curator-strip-url:hover	var(--acid)	var(--color-acid)	text	dark
partners/knowledge-creators.html	42	.chip.active	var(--lime)	var(--color-accent)	fill	light
partners/knowledge-creators.html	42	.chip.active	var(--olive)	var(--color-accent-on-light)	stroke	light
partners/knowledge-creators.html	54	.creator-channel	var(--olive)	var(--color-accent-on-light)	text	light
partners/knowledge-creators.html	59	.pill.platform:hover	#97d600	var(--color-hover)	fill	light
partners/knowledge-creators.html	62	.card-link	var(--olive)	var(--color-accent-on-light)	text	light
partners/knowledge-creators.html	65	.card-link:hover	var(--lime)	var(--color-hover)	fill	light
partners/knowledge-creators.html	68	.atlas-attribution-badge	var(--acid)	var(--color-acid)	text	dark
partners/knowledge-creators.html	70	.atlas-attribution-body a	var(--olive)	var(--color-accent-on-light)	text	light
partners/knowledge-creators.html	77	.about-link	var(--olive)	var(--color-accent-on-light)	text	light
partners/knowledge-creators.html	83	.atlas-footer-btn	var(--acid)	var(--color-acid)	fill	dark
partners/natgeo.html	23	.hero-eyebrow	var(--acid)	var(--color-acid)	text	dark
partners/natgeo.html	33	.curator-strip-url:hover	var(--acid)	var(--color-acid)	text	dark
partners/natgeo.html	45	.creator-channel	var(--olive)	var(--color-accent-on-light)	text	light
partners/natgeo.html	50	.pill.platform:hover	#97d600	var(--color-hover)	fill	light
partners/natgeo.html	53	.card-link	var(--olive)	var(--color-accent-on-light)	text	light
partners/natgeo.html	54	.card-link:hover	var(--lime)	var(--color-hover)	fill	light
partners/natgeo.html	56	.atlas-attribution-badge	var(--acid)	var(--color-acid)	text	dark
partners/natgeo.html	58	.atlas-attribution-body a	var(--olive)	var(--color-accent-on-light)	text	light
partners/natgeo.html	65	.about-link	var(--olive)	var(--color-accent-on-light)	text	light
partners/natgeo.html	73	.atlas-footer-btn	var(--acid)	var(--color-acid)	fill	dark
partners/news-creator-corps.html	36	.hero-eyebrow	var(--acid)	var(--color-acid)	text	dark
partners/news-creator-corps.html	50	.curator-strip-url:hover	var(--acid)	var(--color-acid)	text	dark
partners/news-creator-corps.html	65	.chip.active	var(--lime)	var(--color-accent)	fill	light
partners/news-creator-corps.html	65	.chip.active	var(--olive)	var(--color-accent-on-light)	stroke	light
partners/news-creator-corps.html	83	.creator-channel	var(--olive)	var(--color-accent-on-light)	text	light
partners/news-creator-corps.html	88	.pill.platform:hover	#97d600	var(--color-hover)	fill	light
partners/news-creator-corps.html	91	.card-link	var(--olive)	var(--color-accent-on-light)	text	light
partners/news-creator-corps.html	92	.card-link:hover	var(--lime)	var(--color-hover)	fill	light
partners/news-creator-corps.html	100	.atlas-attribution-badge	var(--acid)	var(--color-acid)	text	dark
partners/news-creator-corps.html	102	.atlas-attribution-body a	var(--olive)	var(--color-accent-on-light)	text	light
partners/news-creator-corps.html	114	.about-link	var(--olive)	var(--color-accent-on-light)	text	light
partners/news-creator-corps.html	122	.atlas-footer-btn	var(--acid)	var(--color-acid)	fill	dark
partners/noah-smith.html	36	.hero-eyebrow	var(--acid)	var(--color-acid)	text	dark
partners/noah-smith.html	48	.curator-strip-url:hover	var(--acid)	var(--color-acid)	text	dark
partners/noah-smith.html	66	.creator-channel	var(--olive)	var(--color-accent-on-light)	text	light
partners/noah-smith.html	71	.pill.platform:hover	#97d600	var(--color-hover)	fill	light
partners/noah-smith.html	74	.card-link	var(--olive)	var(--color-accent-on-light)	text	light
partners/noah-smith.html	75	.card-link:hover	var(--lime)	var(--color-hover)	fill	light
partners/noah-smith.html	80	.atlas-attribution-badge	var(--acid)	var(--color-acid)	text	dark
partners/noah-smith.html	82	.atlas-attribution-body a	var(--olive)	var(--color-accent-on-light)	text	light
partners/noah-smith.html	97	.about-link	var(--olive)	var(--color-accent-on-light)	text	light
partners/noah-smith.html	105	.atlas-footer-btn	var(--acid)	var(--color-acid)	fill	dark
partners/rahim-jessani.html	36	.hero-eyebrow	var(--acid)	var(--color-acid)	text	dark
partners/rahim-jessani.html	48	.curator-strip-url:hover	var(--acid)	var(--color-acid)	text	dark
partners/rahim-jessani.html	66	.creator-channel	var(--olive)	var(--color-accent-on-light)	text	light
partners/rahim-jessani.html	71	.pill.platform:hover	#97d600	var(--color-hover)	fill	light
partners/rahim-jessani.html	74	.card-link	var(--olive)	var(--color-accent-on-light)	text	light
partners/rahim-jessani.html	75	.card-link:hover	var(--lime)	var(--color-hover)	fill	light
partners/rahim-jessani.html	80	.atlas-attribution-badge	var(--acid)	var(--color-acid)	text	dark
partners/rahim-jessani.html	82	.atlas-attribution-body a	var(--olive)	var(--color-accent-on-light)	text	light
partners/rahim-jessani.html	92	.about-link	var(--olive)	var(--color-accent-on-light)	text	light
partners/rahim-jessani.html	104	.atlas-footer-btn	var(--acid)	var(--color-acid)	fill	dark
pulse.html	60	.live-dot	#ceff00	var(--color-acid)	fill	unobserved
pulse.html	85	.header-intel-eyebrow .live-dot::after	#ceff00	var(--color-acid)	fill	unobserved
pulse.html	129	.signal-beat-tag	#ceff00	var(--color-acid)	text	dark
pulse.html	132	.signal-card-title a:hover	#ceff00	var(--color-acid)	text	dark
pulse.html	146	.audience-bridge-link	#5d7400	var(--color-accent-on-light)	text	light
pulse.html	153	.trend-up	#5d7400	var(--color-accent-on-light)	text	light
pulse.html	165	.lede-creator	#ceff00	var(--color-acid)	text	dark
pulse.html	168	.lede-beat:hover	rgba(151,214,0,1)	var(--color-hover)	stroke	dark
pulse.html	179	.story-stack-beat:hover	#ceff00	var(--color-acid)	text	dark
pulse.html	190	.corpus-cluster-count	#ceff00	var(--color-acid)	text	dark
pulse.html	193	.corpus-cluster-names a:hover	#ceff00	var(--color-acid)	text	dark
pulse.html	203	.beat-map-bar-fill	#ceff00	var(--color-acid)	fill	dark
pulse.html	227	.signal-tab.active	#ceff00	var(--color-acid)	fill	mixed
pulse.html	236	.signal-beat-tag	#ceff00	var(--color-acid)	text	dark
pulse.html	239	.signal-card-title a:hover	#ceff00	var(--color-acid)	text	dark
pulse.html	240	.signal-card-creator	#ceff00	var(--color-acid)	text	dark
pulse.html	249	.archive-method a	#5d7400	var(--color-accent-on-light)	text	light
pulse.html	407	.beat-pill.active	#97d600	var(--color-accent)	fill	light
pulse.html	455	.beat-tag	#5d7400	var(--color-accent-on-light)	text	light
pulse.html	607	.creator-chip:hover	#5d7400	var(--color-accent-on-light)	stroke	light
pulse.html	619	.creator-chip-count	#5d7400	var(--color-accent-on-light)	text	light
pulse.html	713	.analysis-tab.active	#5d7400	var(--color-accent-on-light)	text	light
pulse.html	806	.beat-more-btn:hover	#5d7400	var(--color-accent-on-light)	text	light
pulse.html	870	.pulse-brands-cta-btn	#5d7400	var(--color-accent-on-light)	text	light
pulse.html	962	a.intel-post-link:hover	#5d7400	var(--color-accent-on-light)	text	light
pulse.html	1044	.city-spotlight-eyebrow	#5d7400	var(--color-accent-on-light)	text	light
pulse.html	1047	.city-spotlight-cta	#5d7400	var(--color-accent-on-light)	text	light
research.html	124	.ticker-header .eyebrow	#5d7400	var(--color-accent-on-light)	text	light
research.html	194	.ticker-card-byline	#5d7400	var(--color-accent-on-light)	text	light
research.html	219	.ticker-card-link	#5d7400	var(--color-accent-on-light)	text	light
research.html	237	.btn-lime	#97d600	var(--color-accent)	fill	light
research.html	239	.btn-lime	#5d7400	var(--color-accent-on-light)	stroke	light
research.html	312	.badge-pill	#ceff00	var(--color-acid)	text	dark
research.html	347	.stat-item .stat-num	#ceff00	var(--color-acid)	text	dark
research.html	363	.research-link	#ceff00	var(--color-acid)	text	dark
research.html	384	.publications-section .eyebrow	#5d7400	var(--color-accent-on-light)	text	light
research.html	460	.pub-arrow	#5d7400	var(--color-accent-on-light)	text	light
research.html	467	.pub-card:hover .pub-headline-text	#5d7400	var(--color-accent-on-light)	text	light
research.html	497	.press-section .eyebrow	#5d7400	var(--color-accent-on-light)	text	light
research.html	595	.appearance-role	#ceff00	var(--color-acid)	text	dark
research.html	679	.btn-acid	#ceff00	var(--color-acid)	fill	dark
research/nodes-and-networks.html	84	.section-nav-links a.active	#ceff00	var(--color-acid)	text	dark
research/nodes-and-networks.html	84	.section-nav-links a.active	#ceff00	var(--color-acid)	stroke	dark
research/nodes-and-networks.html	108	.section-nav-wrap.open .section-nav-links a.active	#ceff00	var(--color-acid)	stroke	dark
search.html	107	.sbc-chip--active	#ceff00	var(--color-acid)	fill	unobserved
search.html	159	.sfc-chip--active	#ceff00	var(--color-acid)	fill	unobserved
search.html	216	.search-orientation-action:hover	#ceff00	var(--color-acid)	text	dark
search.html	238	.pulse-dot-sm	#ceff00	var(--color-acid)	fill	dark
search.html	264	.search-pulse-link:hover	#ceff00	var(--color-acid)	text	dark
search.html	306	.pulse-dot	#ceff00	var(--color-acid)	fill	unobserved
search.html	378	.beat-action-cta	#ceff00	var(--color-acid)	text	dark
search.html	495	.field-dim-btn.active	#ceff00	var(--color-acid)	fill	light
submit-thanks.html	69	.success-icon	var(--acid-green)	var(--color-acid)	fill	light
submit.html	174	.updates-cta-btn	var(--acid-green)	var(--color-acid)	fill	dark
submit.html	186	.updates-cta-btn:hover	var(--lime-green)	var(--color-hover)	fill	dark
updates.html	184	.submit-btn	var(--acid-green)	var(--color-acid)	fill	light
updates.html	195	.submit-btn:hover	var(--lime-green)	var(--color-hover)	fill	light
updates.html	218	.success-icon	var(--acid-green)	var(--color-acid)	fill	light
wire.html	52	.wire-eyebrow	var(--color-acid-green, #ceff00)	var(--color-acid)	text	dark
wire.html	59	.wire-eyebrow .dot	var(--color-acid-green, #ceff00)	var(--color-acid)	fill	dark
wire.html	71	.wire-hero h1 em	var(--color-acid-green, #ceff00)	var(--color-acid)	text	dark
wire.html	78	.wire-bsky-link	var(--color-acid-green, #ceff00)	var(--color-acid)	text	dark
wire.html	247	.wire-footer-band a	var(--color-accent-hover, #5d7400)	var(--color-accent-on-light)	text	light
