file	line	element	property	old	new	reason	surface (basis)
about-this-project.html	68	.about-subnav-link--active	border-bottom-color	#97d600	var(--color-accent-on-light)	text/icon/stroke on light	light (rendered)
about-this-project.html	112	.about-read-more	border-bottom	#97d600	var(--color-accent-on-light)	text/icon/stroke on light	light (rendered)
about-this-project.html	140	.pillar-card	border-top	#97d600	var(--color-accent-on-light)	text/icon/stroke on light	light (rendered)
about-this-project.html	263	.funding-box	border-left	#97d600	var(--color-accent-on-light)	text/icon/stroke on light	light (rendered)
about-this-project.html	371	.board-title	border-bottom	#97d600	var(--color-accent-on-light)	text/icon/stroke on light	light (rendered)
advisory.html	161	.board-section li:before	color	var(--acid-green)	var(--color-accent-on-light)	text/icon/stroke on light	light (selector)
advisory.html	251	.about-subnav-link--active	border-bottom-color	#97d600	var(--color-accent-on-light)	text/icon/stroke on light	light (rendered)
assets/css/header.css	139	.nav-search:focus	outline	var(--focus-ring-light)	2px solid var(--color-focus-on-light)	focus ring on light	light (selector)
assets/css/main.css	94	.nav-search:focus	outline	var(--focus-ring-light)	2px solid var(--color-focus-on-light)	focus ring on light	light (selector)
assets/css/main.css	369	.filter-search:focus	outline	var(--focus-ring-light)	2px solid var(--color-focus-on-light)	focus ring on light	light (selector)
assets/css/main.css	1972	.pack-name-input:focus	outline	var(--focus-ring-light)	2px solid var(--color-focus-on-light)	focus ring on light	light (selector)
bluesky-creator-intelligence.html	52	.badge-atlas	border	rgba(151,214,0,0.5)	rgba(93,116,0,0.5)	lime/acid tint stroke on light	light (rendered)
bluesky-creator-intelligence.html	64	.hero-title .accent	color	var(--lime)	var(--color-accent-on-light)	text/icon/stroke on light	light (rendered)
bluesky-creator-intelligence.html	84	.stat-num	color	var(--lime)	var(--color-accent-on-light)	text/icon/stroke on light	light (rendered)
bluesky-creator-intelligence.html	104	.cluster-card.active	border-color	var(--lime)	var(--color-accent-on-light)	text/icon/stroke on light	light (selector)
bluesky-creator-intelligence.html	108	.cluster-count .n	color	var(--lime)	var(--color-accent-on-light)	text/icon/stroke on light	light (rendered)
bluesky-creator-intelligence.html	158	.search-input:focus	border-color	var(--lime)	var(--color-focus-on-light)	focus ring on light	light (selector)
bluesky-creator-intelligence.html	172	.sort-btn.active	border-color	var(--lime)	var(--color-accent-on-light)	text/icon/stroke on light	light (rendered)
bluesky-creator-intelligence.html	179	.filter-pill:hover	border-color	var(--lime)	var(--color-accent-on-light)	text/icon/stroke on light	light (selector)
bluesky-creator-intelligence.html	180	.filter-pill.active	border-color	var(--lime)	var(--color-accent-on-light)	text/icon/stroke on light	light (selector)
bluesky-creator-intelligence.html	199	.ci-platform.cross	border-color	rgba(151,214,0,0.4)	rgba(93,116,0,0.4)	lime/acid tint stroke on light	light (rendered)
bluesky-creator-intelligence.html	201	.ci-followers	color	var(--lime)	var(--color-accent-on-light)	text/icon/stroke on light	light (rendered)
city-lab-chicago.html	53	.two-layer-note	border-left	#97d600	var(--color-accent-on-light)	text/icon/stroke on light	light (rendered)
city-lab-chicago.html	65	.tab-btn.active	border-bottom-color	#97d600	var(--color-accent-on-light)	text/icon/stroke on light	light (rendered)
city-lab-chicago.html	169	.creator-row-body	border-left	#97d600	var(--color-accent-on-light)	text/icon/stroke on light	light (rendered)
city-lab-chicago.html	172	.row-pulse	color	#97d600	var(--color-accent-on-light)	text/icon/stroke on light	light (rendered)
city-lab-chicago.html	219	.pulse-badge-dot	color	#97d600	var(--color-accent-on-light)	text/icon/stroke on light	light (rendered)
city-lab-chicago.html	223	.beat-headline-card:hover	border-color	#97d600	var(--color-accent-on-light)	text/icon/stroke on light	light (selector)
city-lab-chicago.html	234	-visible, .plat-chip:focus-visible, .layer-stat-btn:focus-visible, .view-btn:foc	outline	#97d600	var(--color-focus-on-light)	focus ring on light	light (rendered)
city-lab-dc-v3.html	923	<em.timeline> (inline)	color	var(--acid)	var(--color-accent-on-light)	text/icon/stroke on light	light (same-rule background)
city-lab-dc-v3.html	923	<em.timeline> (inline)	color	var(--acid)	var(--color-accent-on-light)	text/icon/stroke on light	light (same-rule background)
for-brands.html	193	.trust-cite-view-all	color	#97d600	var(--color-accent-on-light)	text/icon/stroke on light	light (rendered)
for-brands.html	277	.form-input:focus, .form-textarea:focus	border-color	#97d600	var(--color-focus-on-light)	focus ring on light	light (selector)
for-brands.html	436	.compare-headline-emphasis.is-visible	color	#97d600	var(--color-accent-on-light)	text/icon/stroke on light	light (selector)
how-we-did-this.html	134	.content-section li:before	color	var(--acid-green)	var(--color-accent-on-light)	text/icon/stroke on light	light (rendered)
how-we-did-this.html	184	.about-subnav-link--active	border-bottom-color	#97d600	var(--color-accent-on-light)	text/icon/stroke on light	light (rendered)
index.html	308	.research-badge	border	rgba(151,214,0,0.3)	rgba(93,116,0,0.3)	lime/acid tint stroke on light	light (rendered)
index.html	349	.db-filter-input:focus	border-color	#97d600	var(--color-focus-on-light)	focus ring on light	light (selector)
partners/_shell.html	59	.site-nav-link:focus-visible	outline	var(--lime)	var(--color-focus-on-light)	focus ring on light	light (selector)
partners/_shell.html	112	.creator-card:hover	border-color	var(--lime)	var(--color-accent-on-light)	text/icon/stroke on light	light (selector)
partners/_shell.html	134	.pill.platform:hover	border-color	#97d600	var(--color-accent-on-light)	text/icon/stroke on light	light (selector)
partners/_shell.html	151	.card-link:focus-visible	outline	var(--lime)	var(--color-focus-on-light)	focus ring on light	light (selector)
partners/_shell.html	208	.atlas-footer-btn:focus-visible	outline	var(--lime)	var(--color-focus-on-light)	focus ring on light	light (selector)
partners/ahp.html	116	.chip:focus-visible	outline	var(--lime)	var(--color-focus-on-light)	focus ring on light	light (rendered)
partners/ahp.html	131	.act-label	color	var(--lime)	var(--color-accent-on-light)	text/icon/stroke on light	light (rendered)
partners/ahp.html	174	.pill.platform:hover	border-color	#97d600	var(--color-accent-on-light)	text/icon/stroke on light	light (selector)
partners/ahp.html	191	.card-link:focus-visible	outline	var(--lime)	var(--color-focus-on-light)	focus ring on light	light (selector)
partners/ahp.html	246	.atlas-footer-btn:focus-visible	outline	var(--lime)	var(--color-focus-on-light)	focus ring on light	light (selector)
partners/cillizza.html	112	.chip:focus-visible	outline	var(--lime)	var(--color-focus-on-light)	focus ring on light	light (rendered)
partners/cillizza.html	127	.act-label	color	var(--lime)	var(--color-accent-on-light)	text/icon/stroke on light	light (rendered)
partners/cillizza.html	164	.pill.platform:hover	border-color	#97d600	var(--color-accent-on-light)	text/icon/stroke on light	light (selector)
partners/cillizza.html	179	.card-link:focus-visible	outline	var(--lime)	var(--color-focus-on-light)	focus ring on light	light (selector)
partners/cillizza.html	238	.atlas-footer-btn:focus-visible	outline	var(--lime)	var(--color-focus-on-light)	focus ring on light	light (selector)
partners/emily-atkin.html	102	.act-label	color	var(--lime)	var(--color-accent-on-light)	text/icon/stroke on light	light (rendered)
partners/emily-atkin.html	132	.pill.platform:hover	border-color	#97d600	var(--color-accent-on-light)	text/icon/stroke on light	light (selector)
partners/emily-atkin.html	143	.card-link:focus-visible	outline	var(--lime)	var(--color-focus-on-light)	focus ring on light	light (selector)
partners/emily-atkin.html	186	.atlas-footer-btn:focus-visible	outline	var(--lime)	var(--color-focus-on-light)	focus ring on light	light (selector)
partners/icfj.html	70	.chip:focus-visible	outline	var(--lime)	var(--color-focus-on-light)	focus ring on light	light (rendered)
partners/icfj.html	74	.act-label	color	var(--lime)	var(--color-accent-on-light)	text/icon/stroke on light	light (rendered)
partners/icfj.html	89	.pill.platform:hover	border-color	#97d600	var(--color-accent-on-light)	text/icon/stroke on light	light (selector)
partners/icfj.html	94	.card-link:focus-visible	outline	var(--lime)	var(--color-focus-on-light)	focus ring on light	light (selector)
partners/icfj.html	124	.atlas-footer-btn:focus-visible	outline	var(--lime)	var(--color-focus-on-light)	focus ring on light	light (selector)
partners/iij.html	65	.chip:focus-visible	outline	var(--lime)	var(--color-focus-on-light)	focus ring on light	light (rendered)
partners/iij.html	69	.act-label	color	var(--lime)	var(--color-accent-on-light)	text/icon/stroke on light	light (rendered)
partners/iij.html	85	.card-link:focus-visible	outline	var(--lime)	var(--color-focus-on-light)	focus ring on light	light (selector)
partners/iij.html	115	.atlas-footer-btn:focus-visible	outline	var(--lime)	var(--color-focus-on-light)	focus ring on light	light (selector)
partners/jessica-stahl.html	59	.chip:focus-visible	outline	var(--lime)	var(--color-focus-on-light)	focus ring on light	light (rendered)
partners/jessica-stahl.html	63	.act-label	color	var(--lime)	var(--color-accent-on-light)	text/icon/stroke on light	light (rendered)
partners/jessica-stahl.html	77	.pill.platform:hover	border-color	#97d600	var(--color-accent-on-light)	text/icon/stroke on light	light (selector)
partners/jessica-stahl.html	82	.card-link:focus-visible	outline	var(--lime)	var(--color-focus-on-light)	focus ring on light	light (selector)
partners/jessica-stahl.html	109	.atlas-footer-btn:focus-visible	outline	var(--lime)	var(--color-focus-on-light)	focus ring on light	light (selector)
partners/joon-lee.html	38	.act-label	color	var(--lime)	var(--color-accent-on-light)	text/icon/stroke on light	light (rendered)
partners/joon-lee.html	51	.pill.platform:hover	border-color	#97d600	var(--color-accent-on-light)	text/icon/stroke on light	light (selector)
partners/karen-attiah.html	37	.act-label	color	var(--lime)	var(--color-accent-on-light)	text/icon/stroke on light	light (rendered)
partners/karen-attiah.html	50	.pill.platform:hover	border-color	#97d600	var(--color-accent-on-light)	text/icon/stroke on light	light (selector)
partners/knowledge-creators.html	43	.chip:focus-visible	outline	var(--lime)	var(--color-focus-on-light)	focus ring on light	light (rendered)
partners/knowledge-creators.html	46	.act-label	color	var(--lime)	var(--color-accent-on-light)	text/icon/stroke on light	light (rendered)
partners/knowledge-creators.html	59	.pill.platform:hover	border-color	#97d600	var(--color-accent-on-light)	text/icon/stroke on light	light (selector)
partners/natgeo.html	37	.act-label	color	var(--lime)	var(--color-accent-on-light)	text/icon/stroke on light	light (rendered)
partners/natgeo.html	50	.pill.platform:hover	border-color	#97d600	var(--color-accent-on-light)	text/icon/stroke on light	light (selector)
partners/news-creator-corps.html	66	.chip:focus-visible	outline	var(--lime)	var(--color-focus-on-light)	focus ring on light	light (rendered)
partners/news-creator-corps.html	71	.act-label	color	var(--lime)	var(--color-accent-on-light)	text/icon/stroke on light	light (rendered)
partners/news-creator-corps.html	88	.pill.platform:hover	border-color	#97d600	var(--color-accent-on-light)	text/icon/stroke on light	light (selector)
partners/news-creator-corps.html	93	.card-link:focus-visible	outline	var(--lime)	var(--color-focus-on-light)	focus ring on light	light (selector)
partners/news-creator-corps.html	124	.atlas-footer-btn:focus-visible	outline	var(--lime)	var(--color-focus-on-light)	focus ring on light	light (selector)
partners/noah-smith.html	54	.act-label	color	var(--lime)	var(--color-accent-on-light)	text/icon/stroke on light	light (rendered)
partners/noah-smith.html	71	.pill.platform:hover	border-color	#97d600	var(--color-accent-on-light)	text/icon/stroke on light	light (selector)
partners/noah-smith.html	76	.card-link:focus-visible	outline	var(--lime)	var(--color-focus-on-light)	focus ring on light	light (selector)
partners/noah-smith.html	107	.atlas-footer-btn:focus-visible	outline	var(--lime)	var(--color-focus-on-light)	focus ring on light	light (selector)
partners/rahim-jessani.html	54	.act-label	color	var(--lime)	var(--color-accent-on-light)	text/icon/stroke on light	light (rendered)
partners/rahim-jessani.html	71	.pill.platform:hover	border-color	#97d600	var(--color-accent-on-light)	text/icon/stroke on light	light (selector)
partners/rahim-jessani.html	76	.card-link:focus-visible	outline	var(--lime)	var(--color-focus-on-light)	focus ring on light	light (selector)
partners/rahim-jessani.html	106	.atlas-footer-btn:focus-visible	outline	var(--lime)	var(--color-focus-on-light)	focus ring on light	light (selector)
pulse.html	147	.audience-bridge-link:hover	color	#97d600	var(--color-accent-on-light)	text/icon/stroke on light	light (selector)
pulse.html	244	.archive-header	border-top	#ceff00	var(--color-accent-on-light)	text/icon/stroke on light	light (rendered)
pulse.html	250	.archive-method a:hover	color	#97d600	var(--color-accent-on-light)	text/icon/stroke on light	light (selector)
pulse.html	409	.beat-pill.active	border-color	#97d600	var(--color-accent-on-light)	text/icon/stroke on light	light (rendered)
pulse.html	565	.pulse-dot-inline	background	#5d7400	var(--color-acid)	olive on dark	dark (rendered)
pulse.html	713	.analysis-tab.active	border-bottom-color	#97d600	var(--color-accent-on-light)	text/icon/stroke on light	light (rendered)
pulse.html	806	.beat-more-btn:hover	border-color	#97d600	var(--color-accent-on-light)	text/icon/stroke on light	light (selector)
pulse.html	962	a.intel-post-link:hover	text-decoration-color	#97d600	var(--color-accent-on-light)	text/icon/stroke on light	light (selector)
pulse.html	983	.intel-bullet::before	color	#97d600	var(--color-accent-on-light)	text/icon/stroke on light	light (rendered)
pulse.html	1043	.city-spotlight-card	border-left	#97d600	var(--color-accent-on-light)	text/icon/stroke on light	light (rendered)
research.html	423	.pub-card:hover	border-color	#97d600	var(--color-accent-on-light)	text/icon/stroke on light	light (selector)
research.html	528	.press-chip:hover	border-color	#97d600	var(--color-accent-on-light)	text/icon/stroke on light	light (selector)
research.html	681	.btn-acid	border	#97d600	var(--color-accent-on-light)	text/icon/stroke on light	light (rendered)
search.html	495	.field-dim-btn.active	border-color	#ceff00	var(--color-accent-on-light)	text/icon/stroke on light	light (rendered)
who-we-are.html	135	.mission-content li:before	color	var(--acid-green)	var(--color-accent-on-light)	text/icon/stroke on light	light (selector)
who-we-are.html	201	.about-subnav-link--active	border-bottom-color	#97d600	var(--color-accent-on-light)	text/icon/stroke on light	light (rendered)
