file	line	element	family	via	role	surface	surface basis	reason left
advisory.html	161	.board-section li:before	acid	var:--acid-green	text	light	selector	acid text/icon/stroke not on a dark surface (violation, 2-ii)
city-lab-chicago.html	384	<span.legend-dot> (inline)	acid	#ceff00	other	light	selector	acid text/icon/stroke not on a dark surface (violation, 2-ii)
city-lab-chicago.html	390	<span.pill> (inline)	acid	#ceff00	other	light	selector	acid text/icon/stroke not on a dark surface (violation, 2-ii)
city-lab-chicago.html	391	<span.pill> (inline)	acid	#ceff00	other	light	selector	acid text/icon/stroke not on a dark surface (violation, 2-ii)
city-lab-dc-v3.html	923	<em.timeline> (inline)	acid	var:--acid	text	light	same-rule background	acid text/icon/stroke not on a dark surface (violation, 2-ii)
city-lab-dc-v3.html	923	<em.timeline> (inline)	acid	var:--acid	text	light	same-rule background	acid text/icon/stroke not on a dark surface (violation, 2-ii)
city-lab-dc-v3.html	1004	<div.section-label> (inline)	acid	var:--acid	other	mixed	selector	acid text/icon/stroke not on a dark surface (violation, 2-ii)
for-brands.html	445	.bx-chip--active	acid	#ceff00	stroke	mixed	rendered	acid text/icon/stroke not on a dark surface (violation, 2-ii)
how-we-did-this.html	134	.content-section li:before	acid	var:--acid-green	text	light	rendered	acid text/icon/stroke not on a dark surface (violation, 2-ii)
latin-america-lab.html	267	.filter-pill.active	acid	var:--page-accent	stroke	mixed	rendered	acid text/icon/stroke not on a dark surface (violation, 2-ii)
pulse.html	227	.signal-tab.active	acid	#ceff00	stroke	mixed	rendered	acid text/icon/stroke not on a dark surface (violation, 2-ii)
pulse.html	244	.archive-header	acid	#ceff00	stroke	light	rendered	acid text/icon/stroke not on a dark surface (violation, 2-ii)
search.html	108	.sbc-chip--active	acid	#ceff00	stroke	light	same-rule background	acid text/icon/stroke not on a dark surface (violation, 2-ii)
search.html	160	.sfc-chip--active	acid	#ceff00	stroke	light	same-rule background	acid text/icon/stroke not on a dark surface (violation, 2-ii)
search.html	495	.field-dim-btn.active	acid	#ceff00	stroke	light	rendered	acid text/icon/stroke not on a dark surface (violation, 2-ii)
submit-thanks.html	134	.next-steps li:before	acid	var:--acid-green	text	light	rendered	acid text/icon/stroke not on a dark surface (violation, 2-ii)
updates.html	113	.benefits-list li:before	acid	var:--acid-green	text	light	rendered	acid text/icon/stroke not on a dark surface (violation, 2-ii)
who-we-are.html	135	.mission-content li:before	acid	var:--acid-green	text	light	selector	acid text/icon/stroke not on a dark surface (violation, 2-ii)
assets/css/main.css	559	.creator-card.selected	lime	var:--color-accent	stroke	mixed	selector	already a role variable
wire.html	168	.card-creator a:hover	lime	var:--color-accent	text	unobserved		already a role variable
assets/css/main.css	94	.nav-search:focus	lime	var:--focus-ring-light	stroke	light	selector	focus-ring variable (2-ii)
assets/css/main.css	369	.filter-search:focus	lime	var:--focus-ring-light	stroke	light	selector	focus-ring variable (2-ii)
assets/css/main.css	1972	.pack-name-input:focus	lime	var:--focus-ring-light	stroke	light	selector	focus-ring variable (2-ii)
about-this-project.html	68	.about-subnav-link--active	lime	#97d600	stroke	light	rendered	lime text/icon/stroke not on a dark surface (violation, 2-ii)
about-this-project.html	112	.about-read-more	lime	#97d600	stroke	light	rendered	lime text/icon/stroke not on a dark surface (violation, 2-ii)
about-this-project.html	140	.pillar-card	lime	#97d600	stroke	light	rendered	lime text/icon/stroke not on a dark surface (violation, 2-ii)
about-this-project.html	263	.funding-box	lime	#97d600	stroke	light	rendered	lime text/icon/stroke not on a dark surface (violation, 2-ii)
about-this-project.html	371	.board-title	lime	#97d600	stroke	light	rendered	lime text/icon/stroke not on a dark surface (violation, 2-ii)
advisory.html	251	.about-subnav-link--active	lime	#97d600	stroke	light	rendered	lime text/icon/stroke not on a dark surface (violation, 2-ii)
assets/css/main.css	96	.nav-search:focus	lime	var:--lime-green	stroke	light	selector	lime text/icon/stroke not on a dark surface (violation, 2-ii)
assets/css/main.css	371	.filter-search:focus	lime	var:--lime-green	stroke	light	selector	lime text/icon/stroke not on a dark surface (violation, 2-ii)
assets/css/main.css	386	.filter-option input[type="checkbox"]	lime	var:--lime-green	other	light	selector	lime text/icon/stroke not on a dark surface (violation, 2-ii)
assets/css/main.css	833	.bubble-mode-btn.active	lime	var:--lime-green	stroke	light	selector	lime text/icon/stroke not on a dark surface (violation, 2-ii)
assets/css/main.css	1225	.legend-item:hover	lime	var:--lime-green	stroke	light	selector	lime text/icon/stroke not on a dark surface (violation, 2-ii)
assets/css/main.css	1327	.loading-spinner	lime	var:--lime-green	stroke	light	selector	lime text/icon/stroke not on a dark surface (violation, 2-ii)
assets/css/main.css	1430	.mobile-menu-link:hover, .mobile-menu-link:active	lime	var:--lime-green	stroke	mixed	selector	lime text/icon/stroke not on a dark surface (violation, 2-ii)
assets/css/main.css	1974	.pack-name-input:focus	lime	var:--lime-green	stroke	light	selector	lime text/icon/stroke not on a dark surface (violation, 2-ii)
bluesky-creator-intelligence.html	64	.hero-title .accent	lime	var:--lime	text	light	rendered	lime text/icon/stroke not on a dark surface (violation, 2-ii)
bluesky-creator-intelligence.html	84	.stat-num	lime	var:--lime	text	light	rendered	lime text/icon/stroke not on a dark surface (violation, 2-ii)
bluesky-creator-intelligence.html	104	.cluster-card.active	lime	var:--lime	stroke	light	selector	lime text/icon/stroke not on a dark surface (violation, 2-ii)
bluesky-creator-intelligence.html	108	.cluster-count .n	lime	var:--lime	text	light	rendered	lime text/icon/stroke not on a dark surface (violation, 2-ii)
bluesky-creator-intelligence.html	158	.search-input:focus	lime	var:--lime	stroke	light	selector	lime text/icon/stroke not on a dark surface (violation, 2-ii)
bluesky-creator-intelligence.html	172	.sort-btn.active	lime	var:--lime	stroke	light	rendered	lime text/icon/stroke not on a dark surface (violation, 2-ii)
bluesky-creator-intelligence.html	179	.filter-pill:hover	lime	var:--lime	stroke	light	selector	lime text/icon/stroke not on a dark surface (violation, 2-ii)
bluesky-creator-intelligence.html	180	.filter-pill.active	lime	var:--lime	stroke	light	selector	lime text/icon/stroke not on a dark surface (violation, 2-ii)
bluesky-creator-intelligence.html	201	.ci-followers	lime	var:--lime	text	light	rendered	lime text/icon/stroke not on a dark surface (violation, 2-ii)
city-lab-chicago.html	53	.two-layer-note	lime	#97d600	stroke	light	rendered	lime text/icon/stroke not on a dark surface (violation, 2-ii)
city-lab-chicago.html	65	.tab-btn.active	lime	#97d600	stroke	light	rendered	lime text/icon/stroke not on a dark surface (violation, 2-ii)
city-lab-chicago.html	169	.creator-row-body	lime	#97d600	stroke	light	rendered	lime text/icon/stroke not on a dark surface (violation, 2-ii)
city-lab-chicago.html	172	.row-pulse	lime	#97d600	text	light	rendered	lime text/icon/stroke not on a dark surface (violation, 2-ii)
city-lab-chicago.html	219	.pulse-badge-dot	lime	#97d600	text	light	rendered	lime text/icon/stroke not on a dark surface (violation, 2-ii)
city-lab-chicago.html	223	.beat-headline-card:hover	lime	#97d600	stroke	light	selector	lime text/icon/stroke not on a dark surface (violation, 2-ii)
city-lab-chicago.html	234	-visible, .plat-chip:focus-visible, .layer-stat-btn:focus-visible, .vi	lime	#97d600	stroke	light	rendered	lime text/icon/stroke not on a dark surface (violation, 2-ii)
for-brands.html	193	.trust-cite-view-all	lime	#97d600	text	light	rendered	lime text/icon/stroke not on a dark surface (violation, 2-ii)
for-brands.html	277	.form-input:focus, .form-textarea:focus	lime	#97d600	stroke	light	selector	lime text/icon/stroke not on a dark surface (violation, 2-ii)
for-brands.html	436	.compare-headline-emphasis.is-visible	lime	#97d600	text	light	selector	lime text/icon/stroke not on a dark surface (violation, 2-ii)
how-we-did-this.html	184	.about-subnav-link--active	lime	#97d600	stroke	light	rendered	lime text/icon/stroke not on a dark surface (violation, 2-ii)
index.html	349	.db-filter-input:focus	lime	#97d600	stroke	light	selector	lime text/icon/stroke not on a dark surface (violation, 2-ii)
partners/_shell.html	59	.site-nav-link:focus-visible	lime	var:--lime	stroke	light	selector	lime text/icon/stroke not on a dark surface (violation, 2-ii)
partners/_shell.html	112	.creator-card:hover	lime	var:--lime	stroke	light	selector	lime text/icon/stroke not on a dark surface (violation, 2-ii)
partners/_shell.html	134	.pill.platform:hover	lime	#97d600	stroke	light	selector	lime text/icon/stroke not on a dark surface (violation, 2-ii)
partners/_shell.html	151	.card-link:focus-visible	lime	var:--lime	stroke	light	selector	lime text/icon/stroke not on a dark surface (violation, 2-ii)
partners/_shell.html	208	.atlas-footer-btn:focus-visible	lime	var:--lime	stroke	light	selector	lime text/icon/stroke not on a dark surface (violation, 2-ii)
partners/ahp.html	116	.chip:focus-visible	lime	var:--lime	stroke	light	rendered	lime text/icon/stroke not on a dark surface (violation, 2-ii)
partners/ahp.html	131	.act-label	lime	var:--lime	text	light	rendered	lime text/icon/stroke not on a dark surface (violation, 2-ii)
partners/ahp.html	174	.pill.platform:hover	lime	#97d600	stroke	light	selector	lime text/icon/stroke not on a dark surface (violation, 2-ii)
partners/ahp.html	191	.card-link:focus-visible	lime	var:--lime	stroke	light	selector	lime text/icon/stroke not on a dark surface (violation, 2-ii)
partners/ahp.html	246	.atlas-footer-btn:focus-visible	lime	var:--lime	stroke	light	selector	lime text/icon/stroke not on a dark surface (violation, 2-ii)
partners/cillizza.html	112	.chip:focus-visible	lime	var:--lime	stroke	light	rendered	lime text/icon/stroke not on a dark surface (violation, 2-ii)
partners/cillizza.html	127	.act-label	lime	var:--lime	text	light	rendered	lime text/icon/stroke not on a dark surface (violation, 2-ii)
partners/cillizza.html	164	.pill.platform:hover	lime	#97d600	stroke	light	selector	lime text/icon/stroke not on a dark surface (violation, 2-ii)
partners/cillizza.html	179	.card-link:focus-visible	lime	var:--lime	stroke	light	selector	lime text/icon/stroke not on a dark surface (violation, 2-ii)
partners/cillizza.html	238	.atlas-footer-btn:focus-visible	lime	var:--lime	stroke	light	selector	lime text/icon/stroke not on a dark surface (violation, 2-ii)
partners/emily-atkin.html	102	.act-label	lime	var:--lime	text	light	rendered	lime text/icon/stroke not on a dark surface (violation, 2-ii)
partners/emily-atkin.html	132	.pill.platform:hover	lime	#97d600	stroke	light	selector	lime text/icon/stroke not on a dark surface (violation, 2-ii)
partners/emily-atkin.html	143	.card-link:focus-visible	lime	var:--lime	stroke	light	selector	lime text/icon/stroke not on a dark surface (violation, 2-ii)
partners/emily-atkin.html	186	.atlas-footer-btn:focus-visible	lime	var:--lime	stroke	light	selector	lime text/icon/stroke not on a dark surface (violation, 2-ii)
partners/icfj.html	70	.chip:focus-visible	lime	var:--lime	stroke	light	rendered	lime text/icon/stroke not on a dark surface (violation, 2-ii)
partners/icfj.html	74	.act-label	lime	var:--lime	text	light	rendered	lime text/icon/stroke not on a dark surface (violation, 2-ii)
partners/icfj.html	89	.pill.platform:hover	lime	#97d600	stroke	light	selector	lime text/icon/stroke not on a dark surface (violation, 2-ii)
partners/icfj.html	94	.card-link:focus-visible	lime	var:--lime	stroke	light	selector	lime text/icon/stroke not on a dark surface (violation, 2-ii)
partners/icfj.html	124	.atlas-footer-btn:focus-visible	lime	var:--lime	stroke	light	selector	lime text/icon/stroke not on a dark surface (violation, 2-ii)
partners/iij.html	65	.chip:focus-visible	lime	var:--lime	stroke	light	rendered	lime text/icon/stroke not on a dark surface (violation, 2-ii)
partners/iij.html	69	.act-label	lime	var:--lime	text	light	rendered	lime text/icon/stroke not on a dark surface (violation, 2-ii)
partners/iij.html	85	.card-link:focus-visible	lime	var:--lime	stroke	light	selector	lime text/icon/stroke not on a dark surface (violation, 2-ii)
partners/iij.html	115	.atlas-footer-btn:focus-visible	lime	var:--lime	stroke	light	selector	lime text/icon/stroke not on a dark surface (violation, 2-ii)
partners/jessica-stahl.html	59	.chip:focus-visible	lime	var:--lime	stroke	light	rendered	lime text/icon/stroke not on a dark surface (violation, 2-ii)
partners/jessica-stahl.html	63	.act-label	lime	var:--lime	text	light	rendered	lime text/icon/stroke not on a dark surface (violation, 2-ii)
partners/jessica-stahl.html	77	.pill.platform:hover	lime	#97d600	stroke	light	selector	lime text/icon/stroke not on a dark surface (violation, 2-ii)
partners/jessica-stahl.html	82	.card-link:focus-visible	lime	var:--lime	stroke	light	selector	lime text/icon/stroke not on a dark surface (violation, 2-ii)
partners/jessica-stahl.html	109	.atlas-footer-btn:focus-visible	lime	var:--lime	stroke	light	selector	lime text/icon/stroke not on a dark surface (violation, 2-ii)
partners/joon-lee.html	38	.act-label	lime	var:--lime	text	light	rendered	lime text/icon/stroke not on a dark surface (violation, 2-ii)
partners/joon-lee.html	51	.pill.platform:hover	lime	#97d600	stroke	light	selector	lime text/icon/stroke not on a dark surface (violation, 2-ii)
partners/karen-attiah.html	37	.act-label	lime	var:--lime	text	light	rendered	lime text/icon/stroke not on a dark surface (violation, 2-ii)
partners/karen-attiah.html	50	.pill.platform:hover	lime	#97d600	stroke	light	selector	lime text/icon/stroke not on a dark surface (violation, 2-ii)
partners/knowledge-creators.html	43	.chip:focus-visible	lime	var:--lime	stroke	light	rendered	lime text/icon/stroke not on a dark surface (violation, 2-ii)
partners/knowledge-creators.html	46	.act-label	lime	var:--lime	text	light	rendered	lime text/icon/stroke not on a dark surface (violation, 2-ii)
partners/knowledge-creators.html	59	.pill.platform:hover	lime	#97d600	stroke	light	selector	lime text/icon/stroke not on a dark surface (violation, 2-ii)
partners/natgeo.html	37	.act-label	lime	var:--lime	text	light	rendered	lime text/icon/stroke not on a dark surface (violation, 2-ii)
partners/natgeo.html	50	.pill.platform:hover	lime	#97d600	stroke	light	selector	lime text/icon/stroke not on a dark surface (violation, 2-ii)
partners/news-creator-corps.html	66	.chip:focus-visible	lime	var:--lime	stroke	light	rendered	lime text/icon/stroke not on a dark surface (violation, 2-ii)
partners/news-creator-corps.html	71	.act-label	lime	var:--lime	text	light	rendered	lime text/icon/stroke not on a dark surface (violation, 2-ii)
partners/news-creator-corps.html	88	.pill.platform:hover	lime	#97d600	stroke	light	selector	lime text/icon/stroke not on a dark surface (violation, 2-ii)
partners/news-creator-corps.html	93	.card-link:focus-visible	lime	var:--lime	stroke	light	selector	lime text/icon/stroke not on a dark surface (violation, 2-ii)
partners/news-creator-corps.html	124	.atlas-footer-btn:focus-visible	lime	var:--lime	stroke	light	selector	lime text/icon/stroke not on a dark surface (violation, 2-ii)
partners/noah-smith.html	54	.act-label	lime	var:--lime	text	light	rendered	lime text/icon/stroke not on a dark surface (violation, 2-ii)
partners/noah-smith.html	71	.pill.platform:hover	lime	#97d600	stroke	light	selector	lime text/icon/stroke not on a dark surface (violation, 2-ii)
partners/noah-smith.html	76	.card-link:focus-visible	lime	var:--lime	stroke	light	selector	lime text/icon/stroke not on a dark surface (violation, 2-ii)
partners/noah-smith.html	107	.atlas-footer-btn:focus-visible	lime	var:--lime	stroke	light	selector	lime text/icon/stroke not on a dark surface (violation, 2-ii)
partners/rahim-jessani.html	54	.act-label	lime	var:--lime	text	light	rendered	lime text/icon/stroke not on a dark surface (violation, 2-ii)
partners/rahim-jessani.html	71	.pill.platform:hover	lime	#97d600	stroke	light	selector	lime text/icon/stroke not on a dark surface (violation, 2-ii)
partners/rahim-jessani.html	76	.card-link:focus-visible	lime	var:--lime	stroke	light	selector	lime text/icon/stroke not on a dark surface (violation, 2-ii)
partners/rahim-jessani.html	106	.atlas-footer-btn:focus-visible	lime	var:--lime	stroke	light	selector	lime text/icon/stroke not on a dark surface (violation, 2-ii)
pulse.html	147	.audience-bridge-link:hover	lime	#97d600	text	light	selector	lime text/icon/stroke not on a dark surface (violation, 2-ii)
pulse.html	250	.archive-method a:hover	lime	#97d600	text	light	selector	lime text/icon/stroke not on a dark surface (violation, 2-ii)
pulse.html	409	.beat-pill.active	lime	#97d600	stroke	light	rendered	lime text/icon/stroke not on a dark surface (violation, 2-ii)
pulse.html	713	.analysis-tab.active	lime	#97d600	stroke	light	rendered	lime text/icon/stroke not on a dark surface (violation, 2-ii)
pulse.html	806	.beat-more-btn:hover	lime	#97d600	stroke	light	selector	lime text/icon/stroke not on a dark surface (violation, 2-ii)
pulse.html	962	a.intel-post-link:hover	lime	#97d600	stroke	light	selector	lime text/icon/stroke not on a dark surface (violation, 2-ii)
pulse.html	983	.intel-bullet::before	lime	#97d600	text	light	rendered	lime text/icon/stroke not on a dark surface (violation, 2-ii)
pulse.html	1043	.city-spotlight-card	lime	#97d600	stroke	light	rendered	lime text/icon/stroke not on a dark surface (violation, 2-ii)
research.html	423	.pub-card:hover	lime	#97d600	stroke	light	selector	lime text/icon/stroke not on a dark surface (violation, 2-ii)
research.html	528	.press-chip:hover	lime	#97d600	stroke	light	selector	lime text/icon/stroke not on a dark surface (violation, 2-ii)
research.html	681	.btn-acid	lime	#97d600	stroke	light	rendered	lime text/icon/stroke not on a dark surface (violation, 2-ii)
who-we-are.html	201	.about-subnav-link--active	lime	#97d600	stroke	light	rendered	lime text/icon/stroke not on a dark surface (violation, 2-ii)
assets/js/main.js	1046	(JS/other)	lime	#97d600	js	unobserved		not a CSS context (JS string, SVG attribute)
assets/js/main.js	1046	(JS/other)	acid	#ceff00	js	unobserved		not a CSS context (JS string, SVG attribute)
assets/js/main.js	1367	(JS/other)	lime	#97d600	js	unobserved		not a CSS context (JS string, SVG attribute)
assets/js/main.js	2982	(JS/other)	acid	#ceff00	js	unobserved		not a CSS context (JS string, SVG attribute)
assets/js/main.js	2987	(JS/other)	acid	#ceff00	js	unobserved		not a CSS context (JS string, SVG attribute)
assets/js/main.js	3005	(JS/other)	acid	#ceff00	js	unobserved		not a CSS context (JS string, SVG attribute)
assets/js/main.js	3054	(JS/other)	acid	#ceff00	js	unobserved		not a CSS context (JS string, SVG attribute)
assets/js/main.js	3084	(JS/other)	acid	#ceff00	js	unobserved		not a CSS context (JS string, SVG attribute)
atlas-portal/script.js	118	(JS/other)	acid	#ceff00	js	unobserved		not a CSS context (JS string, SVG attribute)
atlas-portal/script.js	118	(JS/other)	lime	#97d600	js	unobserved		not a CSS context (JS string, SVG attribute)
city-lab-chicago.html	415	<div> (inline)	lime	#97d600	stroke	mixed	selector	not a CSS context (JS string, SVG attribute)
city-lab-chicago.html	421	<a.context-toggle> (inline)	lime	#97d600	fill	unobserved		not a CSS context (JS string, SVG attribute)
city-lab-chicago.html	944	(JS/other)	olive	#5d7400	js	unobserved		not a CSS context (JS string, SVG attribute)
city-lab-chicago.html	1129	(JS/other)	olive	#5d7400	js	unobserved		not a CSS context (JS string, SVG attribute)
city-lab-dc-v3.html	885	<div.atlas-callout> (inline)	acid	var:--acid	stroke	dark	selector	not a CSS context (JS string, SVG attribute)
city-lab-dc-v3.html	887	<div> (inline)	acid	var:--acid	text	mixed	selector	not a CSS context (JS string, SVG attribute)
city-lab-dc-v3.html	920	<div> (inline)	acid	var:--acid	stroke	mixed	selector	not a CSS context (JS string, SVG attribute)
city-lab-dc-v3.html	921	<div> (inline)	acid	var:--acid	text	mixed	selector	not a CSS context (JS string, SVG attribute)
for-brands.html	875	<a> (inline)	acid	#ceff00	text	mixed	selector	not a CSS context (JS string, SVG attribute)
for-brands.html	1333	(JS/other)	acid	#ceff00	js	unobserved		not a CSS context (JS string, SVG attribute)
index.html	1533	(JS/other)	acid	#ceff00	text	unobserved		not a CSS context (JS string, SVG attribute)
index.html	1535	(JS/other)	lime	#97d600	text	unobserved		not a CSS context (JS string, SVG attribute)
index.html	1739	(JS/other)	acid	#ceff00	text	unobserved		not a CSS context (JS string, SVG attribute)
index.html	2097	(JS/other)	acid	#ceff00	text	unobserved		not a CSS context (JS string, SVG attribute)
index.html	2180	(JS/other)	acid	#ceff00	js	unobserved		not a CSS context (JS string, SVG attribute)
index.html	2192	(JS/other)	acid	#ceff00	fill	unobserved		not a CSS context (JS string, SVG attribute)
pulse.html	2378	(JS/other)	acid	#ceff00	js	unobserved		not a CSS context (JS string, SVG attribute)
search.html	933	(JS/other)	acid	#ceff00	js	unobserved		not a CSS context (JS string, SVG attribute)
search.html	937	(JS/other)	lime	#97d600	js	unobserved		not a CSS context (JS string, SVG attribute)
search.html	943	(JS/other)	acid	#ceff00	js	unobserved		not a CSS context (JS string, SVG attribute)
search.html	949	(JS/other)	lime	#97d600	js	unobserved		not a CSS context (JS string, SVG attribute)
search.html	964	(JS/other)	acid	#ceff00	js	unobserved		not a CSS context (JS string, SVG attribute)
search.html	967	(JS/other)	lime	#97d600	js	unobserved		not a CSS context (JS string, SVG attribute)
about-this-project.html	440	.btn-lime-about:hover	olive	#5d7400	fill	light	selector	olive fill (v14 forbids; visible change, later)
assets/css/main.css	442	.clear-filters-top:hover	olive	var:--color-dark-olive	fill	light	selector	olive fill (v14 forbids; visible change, later)
assets/css/main.css	1060	.sunburst-creator-avatar	olive	var:--color-dark-olive	fill	unobserved		olive fill (v14 forbids; visible change, later)
bluesky-creator-intelligence.html	57	.header-cta:hover	olive	var:--olive	fill	light	rendered	olive fill (v14 forbids; visible change, later)
for-brands.html	287	.form-submit:hover	olive	var:--color-dark-olive	fill	light	selector	olive fill (v14 forbids; visible change, later)
index.html	149	.btn-lime:hover	olive	#5d7400	fill	light	rendered	olive fill (v14 forbids; visible change, later)
index.html	156	.btn-lime-lg:hover	olive	#5d7400	fill	light	rendered	olive fill (v14 forbids; visible change, later)
index.html	170	.stat-live-dot	olive	#5d7400	fill	light	rendered	olive fill (v14 forbids; visible change, later)
index.html	244	.pulse-dot	olive	#5d7400	fill	light	rendered	olive fill (v14 forbids; visible change, later)
index.html	259	.pulse-dot-sm	olive	#5d7400	fill	unobserved		olive fill (v14 forbids; visible change, later)
pulse.html	565	.pulse-dot-inline	olive	#5d7400	fill	dark	rendered	olive fill (v14 forbids; visible change, later)
about-this-project.html	528	<a.about-section> (inline)	olive	#5d7400	other	dark	same-rule background	olive on dark (2-ii)
city-lab-chicago.html	372	<a.tab-pane> (inline)	olive	#5d7400	other	dark	same-rule background	olive on dark (2-ii)
city-lab-chicago.html	453	<a.missing-cta> (inline)	olive	#5d7400	other	dark	same-rule background	olive on dark (2-ii)
city-lab-chicago.html	455	<a.creators-view-toggle> (inline)	olive	#5d7400	other	dark	same-rule background	olive on dark (2-ii)
city-lab-chicago.html	187	.card-link	olive	#5d7400	text	unobserved		olive, surface undetermined or role unclear
city-lab-chicago.html	190	.empty-state a	olive	#5d7400	text	unobserved		olive, surface undetermined or role unclear
index.html	345	.db-header-note	olive	#5d7400	text	unobserved		olive, surface undetermined or role unclear
index.html	1032	<a> (inline)	olive	#5d7400	other	mixed	selector	olive, surface undetermined or role unclear
partners/_shell.html	171	.region-label	olive	var:--olive	text	unobserved		olive, surface undetermined or role unclear
partners/emily-atkin.html	97	.chip.active	olive	var:--olive	stroke	unobserved		olive, surface undetermined or role unclear
partners/iij.html	106	.about-link	olive	var:--olive	text	unobserved		olive, surface undetermined or role unclear
pulse.html	915	.intel-week-badge	olive	#5d7400	text	unknown(gradient)	rendered	olive, surface undetermined or role unclear
wire.html	185	.wire-text a	olive	var:--color-accent-hover	text	unobserved		olive, surface undetermined or role unclear
atlas-portal/index.html	165	.header-section li:before	acid	var:--acid-green	text	unknown(gradient)	rendered	page does not load variables.css
atlas-portal/index.html	226	ut[type="file"]:focus, input[type="text"]:focus, input[type="email"]:f	acid	var:--acid-green	stroke	light	selector	page does not load variables.css
atlas-portal/index.html	258	.radio-option:hover	lime	var:--lime-green	stroke	light	selector	page does not load variables.css
atlas-portal/index.html	266	.radio-option input[type="radio"]	acid	var:--acid-green	other	light	selector	page does not load variables.css
atlas-portal/index.html	270	.radio-option.selected	acid	var:--acid-green	stroke	light	selector	page does not load variables.css
atlas-portal/index.html	303	.color-option.selected	acid	var:--acid-green	stroke	dark	rendered	page does not load variables.css
atlas-portal/index.html	335	.text-color-option:hover	lime	var:--lime-green	stroke	light	selector	page does not load variables.css
atlas-portal/index.html	339	.text-color-option.selected	acid	var:--acid-green	stroke	light	rendered	page does not load variables.css
atlas-portal/index.html	369	.image-preview	acid	var:--acid-green	stroke	light	rendered	page does not load variables.css
atlas-portal/index.html	387	.btn	acid	var:--acid-green	fill	light	rendered	page does not load variables.css
atlas-portal/index.html	401	.btn:hover	lime	var:--lime-green	fill	light	selector	page does not load variables.css
atlas-portal/index.html	460	.disclosure-box	acid	var:--acid-green	stroke	light	rendered	page does not load variables.css
atlas-portal/index.html	488	.checkbox-group input[type="checkbox"]	acid	var:--acid-green	other	light	selector	page does not load variables.css
atlas-portal/index.html	511	.message.success	lime	var:--lime-green	stroke	light	selector	page does not load variables.css
atlas-portal/index.html	512	.message.success	olive	var:--olive-green	text	light	selector	page does not load variables.css
atlas-portal/index.html	562	.caption-box:hover	lime	var:--lime-green	stroke	light	selector	page does not load variables.css
atlas-portal/index.html	581	#copyCaptionBtn.copied	lime	var:--lime-green	fill	unobserved		page does not load variables.css
atlas-portal/index.html	605	.footer-section a	olive	var:--olive-green	text	light	selector	page does not load variables.css
atlas-portal/index.html	608	.footer-section a	acid	var:--acid-green	stroke	light	selector	page does not load variables.css
atlas-portal/index.html	614	.footer-section a:hover	lime	var:--lime-green	stroke	light	selector	page does not load variables.css
atlas-portal/index.html	769	<div.color-option> (inline)	acid	#ceff00	other	mixed	selector	page does not load variables.css
atlas-portal/index.html	769	<div.color-option> (inline)	acid	#ceff00	other	mixed	selector	page does not load variables.css
atlas-portal/index.html	770	<div.color-option> (inline)	lime	#97d600	other	mixed	selector	page does not load variables.css
atlas-portal/index.html	770	<div.color-option> (inline)	lime	#97d600	other	mixed	selector	page does not load variables.css
atlas-signal-brief.html	15	.header-eyebrow	acid	#ceff00	text	dark	rendered	page does not load variables.css
atlas-signal-brief.html	20	.header-stat-num	acid	#ceff00	text	dark	rendered	page does not load variables.css
atlas-signal-brief.html	27	.tab-btn.active	acid	#ceff00	stroke	light	rendered	page does not load variables.css
atlas-signal-brief.html	28	.tab-badge	acid	#ceff00	fill	light	rendered	page does not load variables.css
atlas-signal-brief.html	47	.stat-accent	acid	#ceff00	text	dark	same-rule background	page does not load variables.css
atlas-signal-brief.html	72	.bar-fill.top	acid	#ceff00	fill	light	rendered	page does not load variables.css
atlas-signal-brief.html	81	.cat-politics	acid	#ceff00	fill	light	rendered	page does not load variables.css
atlas-signal-brief.html	97	.vel-card:hover	lime	#97d600	stroke	light	selector	page does not load variables.css
atlas-signal-brief.html	98	.vel-v1	acid	#ceff00	text	dark	rendered	page does not load variables.css
atlas-signal-brief.html	109	.callout-box	acid	#ceff00	stroke	light	rendered	page does not load variables.css
atlas-signal-brief.html	112	.callout-headline strong	acid	#ceff00	text	dark	rendered	page does not load variables.css
atlas-signal-brief.html	156	.poly-hero-num	acid	#ceff00	text	dark	rendered	page does not load variables.css
atlas-signal-brief.html	161	.poly-card:hover	lime	#97d600	stroke	light	selector	page does not load variables.css
atlas-signal-brief.html	166	.poly-views	acid	#ceff00	fill	light	rendered	page does not load variables.css
atlas-signal-brief.html	176	.footer a	acid	#ceff00	text	dark	selector	page does not load variables.css
atlas_pulse_intelligence.html	43	.hd-title	acid	var:--acid	text	dark	rendered	page does not load variables.css
atlas_pulse_intelligence.html	49	.stat-pill.wire-pill b	acid	var:--acid	text	unobserved		page does not load variables.css
atlas_pulse_intelligence.html	58	.btn-load.loaded	acid	var:--acid	text	unobserved		page does not load variables.css
atlas_pulse_intelligence.html	85	.signal-box	acid	var:--acid	stroke	unobserved		page does not load variables.css
atlas_pulse_intelligence.html	87	.signal-box em	acid	var:--acid	text	unobserved		page does not load variables.css
atlas_pulse_intelligence.html	103	.theme-name	acid	var:--acid	text	unobserved		page does not load variables.css
atlas_pulse_intelligence.html	132	.ctrl-search:focus	acid	var:--acid	stroke	dark	selector	page does not load variables.css
atlas_pulse_intelligence.html	132	.ctrl-search:focus	acid	var:--acid	stroke	dark	selector	page does not load variables.css
atlas_pulse_intelligence.html	139	.day-btn.active	acid	var:--acid	text	dark	rendered	page does not load variables.css
atlas_pulse_intelligence.html	144	.wire-toggle.on	acid	var:--acid	stroke	dark	selector	page does not load variables.css
atlas_pulse_intelligence.html	144	.wire-toggle.on	acid	var:--acid	text	dark	selector	page does not load variables.css
atlas_pulse_intelligence.html	159	table.ptbl thead th.sort-on	acid	var:--acid	text	dark	selector	page does not load variables.css
atlas_pulse_intelligence.html	163	table.ptbl tbody tr.sel	acid	var:--acid	stroke	dark	selector	page does not load variables.css
atlas_pulse_intelligence.html	177	.sb-hi	acid	var:--acid	fill	unobserved		page does not load variables.css
atlas_pulse_intelligence.html	187	.ls-sub code	acid	var:--acid	text	dark	rendered	page does not load variables.css
atlas_pulse_intelligence.html	217	.det-link	acid	var:--acid	text	unobserved		page does not load variables.css
atlas_pulse_intelligence.html	230	.wire-score-lg	acid	var:--acid	text	unobserved		page does not load variables.css
atlas_pulse_intelligence.html	237	.wire-copy	acid	var:--acid	stroke	unobserved		page does not load variables.css
atlas_pulse_intelligence.html	398	(JS/other)	acid	#ceff00	js	unobserved		page does not load variables.css
atlas_wire_intelligence.html	29	.hd-title	acid	var:--acid	text	dark	rendered	page does not load variables.css
atlas_wire_intelligence.html	35	.hd-pill.approved-pill span	acid	var:--acid	text	dark	selector	page does not load variables.css
atlas_wire_intelligence.html	41	.btn-export	acid	var:--acid	fill	dark	rendered	page does not load variables.css
atlas_wire_intelligence.html	73	.load-screen-sub code	acid	var:--acid	text	dark	rendered	page does not load variables.css
atlas_wire_intelligence.html	75	.btn-load-queue	acid	var:--acid	fill	dark	rendered	page does not load variables.css
atlas_wire_intelligence.html	84	.signal-box	acid	var:--acid	stroke	dark	rendered	page does not load variables.css
atlas_wire_intelligence.html	86	.signal-box em	acid	var:--acid	text	dark	selector	page does not load variables.css
atlas_wire_intelligence.html	118	.sort-btn.active	acid	var:--acid	stroke	dark	rendered	page does not load variables.css
atlas_wire_intelligence.html	118	.sort-btn.active	acid	var:--acid	text	dark	rendered	page does not load variables.css
atlas_wire_intelligence.html	122	.threshold-wrap input[type=range]	acid	var:--acid	other	light	selector	page does not load variables.css
atlas_wire_intelligence.html	123	#threshold-val	acid	var:--acid	text	dark	selector	page does not load variables.css
atlas_wire_intelligence.html	128	.beat-chip	acid	var:--acid	stroke	unobserved		page does not load variables.css
atlas_wire_intelligence.html	129	.beat-chip	acid	var:--acid	text	unobserved		page does not load variables.css
atlas_wire_intelligence.html	141	.q-card.selected	acid	var:--acid	stroke	unobserved		page does not load variables.css
atlas_wire_intelligence.html	141	.q-card.selected	acid	var:--acid	stroke	unobserved		page does not load variables.css
atlas_wire_intelligence.html	142	.q-card.approved	acid	var:--acid	stroke	unobserved		page does not load variables.css
atlas_wire_intelligence.html	143	.q-card.approved .score-badge.high	acid	var:--acid	stroke	unobserved		page does not load variables.css
atlas_wire_intelligence.html	150	.score-badge.high	acid	var:--acid	fill	unobserved		page does not load variables.css
atlas_wire_intelligence.html	159	.creator-link:hover	acid	var:--acid	text	unobserved		page does not load variables.css
atlas_wire_intelligence.html	165	.q-wire[contenteditable=true]	acid	var:--acid	stroke	unobserved		page does not load variables.css
atlas_wire_intelligence.html	180	.btn-approve	acid	var:--acid	fill	unobserved		page does not load variables.css
atlas_wire_intelligence.html	182	.btn-approve.is-approved	acid	var:--acid	stroke	unobserved		page does not load variables.css
atlas_wire_intelligence.html	182	.btn-approve.is-approved	acid	var:--acid	text	unobserved		page does not load variables.css
atlas_wire_intelligence.html	241	.wire-edit:focus	acid	var:--acid	stroke	unobserved		page does not load variables.css
atlas_wire_intelligence.html	241	.wire-edit:focus	acid	var:--acid	stroke	unobserved		page does not load variables.css
atlas_wire_intelligence.html	259	.bsky-avatar	acid	var:--acid	fill	unobserved		page does not load variables.css
atlas_wire_intelligence.html	276	.btn-approve-detail	acid	var:--acid	fill	unobserved		page does not load variables.css
atlas_wire_intelligence.html	278	.btn-approve-detail.is-approved	acid	var:--acid	stroke	unobserved		page does not load variables.css
atlas_wire_intelligence.html	278	.btn-approve-detail.is-approved	acid	var:--acid	text	unobserved		page does not load variables.css
atlas_wire_intelligence.html	420	(JS/other)	acid	#ceff00	js	unobserved		page does not load variables.css
atlas_wire_intelligence.html	571	(JS/other)	acid	var:--acid	js	unobserved		page does not load variables.css
atlas_wire_intelligence.html	582	(JS/other)	acid	var:--acid	text	unobserved		page does not load variables.css
atlas_wire_intelligence.html	898	(JS/other)	acid	var:--acid	js	unobserved		page does not load variables.css
atlas_wire_review.html	54	.header-title	acid	var:--acid	text	dark	rendered	page does not load variables.css
atlas_wire_review.html	63	.header-meta .count-green	acid	var:--acid	text	dark	selector	page does not load variables.css
atlas_wire_review.html	77	.btn-export	acid	var:--acid	fill	dark	rendered	page does not load variables.css
atlas_wire_review.html	83	.btn-approve	acid	var:--acid	fill	unobserved		page does not load variables.css
atlas_wire_review.html	103	select:focus, input:focus	acid	var:--acid	stroke	dark	selector	page does not load variables.css
atlas_wire_review.html	112	#threshold-val	acid	var:--acid	text	dark	selector	page does not load variables.css
atlas_wire_review.html	144	.card.approved	acid	var:--acid	stroke	unobserved		page does not load variables.css
atlas_wire_review.html	146	.card.editing	acid	var:--acid	stroke	unobserved		page does not load variables.css
atlas_wire_review.html	160	.score-badge.high	acid	var:--acid	fill	unobserved		page does not load variables.css
atlas_wire_review.html	161	.score-badge.mid	acid	var:--acid	text	dark	same-rule background	page does not load variables.css
atlas_wire_review.html	170	.card-creator a:hover	acid	var:--acid	text	unobserved		page does not load variables.css
atlas_wire_review.html	197	.wire-frame-edit	acid	var:--acid	stroke	unobserved		page does not load variables.css
atlas_wire_review.html	231	.empty-state code	acid	var:--acid	text	dark	rendered	page does not load variables.css
beat-climate.html	24	.header-eyebrow	acid	#ceff00	text	dark	rendered	page does not load variables.css
beat-climate.html	34	.header-stat-num	acid	#ceff00	text	dark	rendered	page does not load variables.css
beat-climate.html	88	.story-card:hover	lime	#97d600	stroke	light	selector	page does not load variables.css
beat-climate.html	193	<span.legend-dot> (inline)	acid	#ceff00	other	light	selector	page does not load variables.css
beat-climate.html	197	<span.pill> (inline)	acid	#ceff00	other	light	selector	page does not load variables.css
beat-finance.html	193	<span.legend-dot> (inline)	acid	#ceff00	other	light	selector	page does not load variables.css
beat-finance.html	197	<span.pill> (inline)	acid	#ceff00	other	light	selector	page does not load variables.css
beat-finance.html	198	<span.pill> (inline)	acid	#ceff00	other	light	selector	page does not load variables.css
beat-tech.html	193	<span.legend-dot> (inline)	acid	#ceff00	other	light	selector	page does not load variables.css
beat-tech.html	197	<span.pill> (inline)	acid	#ceff00	other	light	selector	page does not load variables.css
chicago-analysis.html	38	.header .brand	acid	var:--neon	text	dark	rendered	page does not load variables.css
chicago-analysis.html	42	.header .neon-line	acid	var:--neon	fill	dark	rendered	page does not load variables.css
chicago-analysis.html	47	.nav button:hover	acid	var:--neon-dim	fill	mixed	rendered	page does not load variables.css
chicago-analysis.html	47	.nav button:hover	acid	var:--neon	text	mixed	rendered	page does not load variables.css
chicago-analysis.html	48	.nav button.active	acid	var:--neon	fill	mixed	rendered	page does not load variables.css
chicago-analysis.html	48	.nav button.active	acid	var:--neon	stroke	mixed	rendered	page does not load variables.css
chicago-analysis.html	60	h2	acid	var:--neon	text	dark	rendered	page does not load variables.css
chicago-analysis.html	67	.insight	acid	var:--neon	stroke	dark	rendered	page does not load variables.css
chicago-analysis.html	68	.insight strong	acid	var:--neon	text	dark	rendered	page does not load variables.css
chicago-analysis.html	77	thead th	acid	var:--neon	text	dark	rendered	page does not load variables.css
chicago-analysis.html	79	tbody tr:hover	acid	var:--neon-dim	fill	dark	selector	page does not load variables.css
chicago-analysis.html	133	.atlas-site-nav-links a:hover	acid	#ceff00	text	dark	selector	page does not load variables.css
chicago-analysis.html	169	.atlas-site-footer-col a:hover	acid	#ceff00	text	dark	selector	page does not load variables.css
chicago-analysis.html	224	<div.stat-value> (inline)	acid	var:--neon	other	dark	selector	page does not load variables.css
chicago-analysis.html	250	<div.stat-value> (inline)	acid	var:--neon	other	dark	selector	page does not load variables.css
chicago-analysis.html	292	<div.archetype-card> (inline)	acid	var:--neon	other	dark	selector	page does not load variables.css
chicago-analysis.html	293	<h4> (inline)	acid	var:--neon	other	dark	selector	page does not load variables.css
chicago-analysis.html	344	<strong> (inline)	acid	var:--neon	other	dark	selector	page does not load variables.css
chicago-analysis.html	345	<strong> (inline)	acid	var:--neon	other	dark	selector	page does not load variables.css
chicago-analysis.html	346	<strong> (inline)	acid	var:--neon	other	dark	selector	page does not load variables.css
chicago-analysis.html	347	<strong> (inline)	acid	var:--neon	other	dark	selector	page does not load variables.css
chicago-analysis.html	348	<strong> (inline)	acid	var:--neon	other	dark	selector	page does not load variables.css
chicago-analysis.html	349	<strong> (inline)	acid	var:--neon	other	dark	selector	page does not load variables.css
chicago-analysis.html	350	<strong.stats-grid> (inline)	acid	var:--neon	other	unobserved		page does not load variables.css
chicago-analysis.html	358	<div.stat-value> (inline)	acid	var:--neon	other	dark	selector	page does not load variables.css
chicago-analysis.html	371	<div.stat-value> (inline)	acid	var:--neon	other	dark	selector	page does not load variables.css
chicago-analysis.html	385	<div.rec-card> (inline)	acid	var:--neon	other	dark	selector	page does not load variables.css
chicago-analysis.html	386	<h3> (inline)	acid	var:--neon	other	dark	selector	page does not load variables.css
chicago-analysis.html	459	(JS/other)	acid	#CEFF00	js	unobserved		page does not load variables.css
chicago-analysis.html	460	(JS/other)	acid	#CEFF00	js	unobserved		page does not load variables.css
chicago-survey.html	69	.header-badge	acid	var:--lime	text	dark	rendered	page does not load variables.css
chicago-survey.html	75	.header-badge .dot	acid	var:--lime	fill	dark	rendered	page does not load variables.css
chicago-survey.html	91	.logo-text	acid	var:--lime	text	dark	rendered	page does not load variables.css
chicago-survey.html	105	.header h1 .accent	acid	var:--lime	text	dark	rendered	page does not load variables.css
chicago-survey.html	149	.progress-step	acid	var:--lime	text	dark	rendered	page does not load variables.css
chicago-survey.html	167	.progress-fill	acid	var:--lime	fill	dark	selector	page does not load variables.css
chicago-survey.html	167	.progress-fill	lime	var:--green	fill	dark	selector	page does not load variables.css
chicago-survey.html	193	.section-label	acid	var:--lime	text	dark	rendered	page does not load variables.css
chicago-survey.html	222	.field label .required	acid	var:--lime	text	dark	rendered	page does not load variables.css
chicago-survey.html	250	input:focus, textarea:focus, select:focus	acid	var:--lime	stroke	mixed	selector	page does not load variables.css
chicago-survey.html	314	.check-group label:has(input:checked)	acid	var:--lime	fill	dark	selector	page does not load variables.css
chicago-survey.html	315	.check-group label:has(input:checked)	acid	var:--lime	stroke	dark	selector	page does not load variables.css
chicago-survey.html	357	.radio-group label:has(input:checked)	acid	var:--lime	stroke	dark	selector	page does not load variables.css
chicago-survey.html	374	.radio-group label:has(input:checked) .radio-dot	acid	var:--lime	stroke	dark	selector	page does not load variables.css
chicago-survey.html	375	.radio-group label:has(input:checked) .radio-dot	acid	var:--lime	fill	dark	selector	page does not load variables.css
chicago-survey.html	407	.btn-primary	acid	var:--lime	fill	dark	rendered	page does not load variables.css
chicago-survey.html	412	.btn-primary:hover	lime	var:--green	fill	dark	selector	page does not load variables.css
chicago-survey.html	444	.completion-icon	acid	var:--lime	fill	dark	rendered	page does not load variables.css
chicago-survey.html	481	.code-card	acid	var:--lime	stroke	dark	rendered	page does not load variables.css
chicago-survey.html	493	.code-label	acid	var:--lime	text	dark	rendered	page does not load variables.css
chicago-survey.html	501	.code-value	acid	var:--lime	text	dark	rendered	page does not load variables.css
chicago-survey.html	543	.redeem-card .highlight	acid	var:--lime	text	dark	rendered	page does not load variables.css
chicago-survey.html	567	.redeem-steps .step-num	acid	var:--lime	text	dark	selector	page does not load variables.css
chicago-survey.html	638	.incentive-banner .gift-amount	acid	var:--lime	text	unknown(gradient)	rendered	page does not load variables.css
chicago-survey.html	702	.atlas-site-nav-links a:hover	acid	#ceff00	text	dark	selector	page does not load variables.css
chicago-survey.html	745	.atlas-site-footer-col a:hover	acid	#ceff00	text	dark	selector	page does not load variables.css
chicago-survey.html	840	<span.error-msg> (inline)	acid	#ceff00	other	unobserved		page does not load variables.css
lists.html	57	.nav-link:hover, .nav-link.active	acid	var:--acid-green	text	light	selector	page does not load variables.css
lists.html	72	.hero-label	acid	var:--acid-green	fill	unknown(gradient)	rendered	page does not load variables.css
lists.html	113	.hero-stat strong	acid	var:--acid-green	text	unknown(gradient)	rendered	page does not load variables.css
lists.html	225	.card-count-dot	acid	var:--acid-green	fill	light	rendered	page does not load variables.css
lists.html	290	.share-btn	acid	var:--acid-green	fill	light	rendered	page does not load variables.css
lists.html	396	.view-in-atlas	acid	var:--acid-green	text	dark	rendered	page does not load variables.css
lists.html	432	.teaser-label	acid	var:--acid-green	text	dark	rendered	page does not load variables.css
lists.html	478	.teaser-cta	acid	var:--acid-green	fill	dark	rendered	page does not load variables.css
mobile.html	74	.spinner	acid	var:--acid-green	stroke	light	rendered	page does not load variables.css
mobile.html	212	.creator-count span	acid	var:--acid-green	text	dark	selector	page does not load variables.css
mobile.html	265	.breadcrumb-item.active	acid	var:--acid-green	text	dark	rendered	page does not load variables.css
mobile.html	370	.creator-tag	acid	var:--acid-green	fill	unobserved		page does not load variables.css
mobile.html	615	.sunburst-path:active	acid	var:--acid-green	other	light	selector	page does not load variables.css
mobile.html	620	.sunburst-path.glow	acid	var:--acid-green	other	unobserved		page does not load variables.css
mobile.html	1119	(JS/other)	lime	#97d600	js	unobserved		page does not load variables.css
partners/nj-lab.html	58	.hero-eyebrow	acid	#ceff00	text	dark	rendered	page does not load variables.css
partners/nj-lab.html	76	.hero-stat-num	acid	#ceff00	text	dark	rendered	page does not load variables.css
partners/nj-lab.html	102	.rc-attribution a	olive	#5d7400	text	light	selector	page does not load variables.css
partners/nj-lab.html	149	.filter-chip.active	lime	#97d600	fill	light	rendered	page does not load variables.css
partners/nj-lab.html	149	.filter-chip.active	olive	#5d7400	stroke	light	rendered	page does not load variables.css
partners/nj-lab.html	198	.badge-verified	lime	#97d600	fill	light	rendered	page does not load variables.css
partners/nj-lab.html	254	.bar-fill.primary	acid	#ceff00	fill	dark	rendered	page does not load variables.css
partners/nj-lab.html	259	.bar-pct.primary	acid	#ceff00	text	dark	rendered	page does not load variables.css
partners/nj-lab.html	273	.stacked-seg.joy	acid	#ceff00	fill	dark	rendered	page does not load variables.css
partners/nj-lab.html	288	.swatch-joy	acid	#ceff00	fill	dark	rendered	page does not load variables.css
partners/nj-lab.html	318	.partner-col-link	olive	#5d7400	text	light	rendered	page does not load variables.css
partners/nj-lab.html	331	.pull-quote-text	acid	#ceff00	text	dark	rendered	page does not load variables.css
partners/nj-lab.html	353	.cta-primary	acid	#ceff00	fill	mixed	rendered	page does not load variables.css
partners/nj-lab.html	353	.cta-primary	acid	#ceff00	stroke	mixed	rendered	page does not load variables.css
partners/nj-lab.html	355	.cta-primary:hover	lime	var:--color-lime-green	fill	dark	selector	page does not load variables.css
partners/nj-lab.html	355	.cta-primary:hover	lime	var:--color-lime-green	stroke	light	selector	page does not load variables.css
partners/nj-lab.html	357	.cta-ghost	acid	#ceff00	text	dark	rendered	page does not load variables.css
partners/nj-lab.html	358	.cta-ghost	acid	#ceff00	stroke	dark	rendered	page does not load variables.css
partners/nj-lab.html	365	.filter-chip:focus-visible, .cta-btn:focus-visible	lime	#97d600	stroke	light	rendered	page does not load variables.css
partners/njlab.html	58	.hero-eyebrow	acid	#ceff00	text	dark	rendered	page does not load variables.css
partners/njlab.html	76	.hero-stat-num	acid	#ceff00	text	dark	rendered	page does not load variables.css
partners/njlab.html	102	.rc-attribution a	olive	#5d7400	text	light	selector	page does not load variables.css
partners/njlab.html	149	.filter-chip.active	lime	#97d600	fill	light	rendered	page does not load variables.css
partners/njlab.html	149	.filter-chip.active	olive	#5d7400	stroke	light	rendered	page does not load variables.css
partners/njlab.html	198	.badge-verified	lime	#97d600	fill	light	rendered	page does not load variables.css
partners/njlab.html	254	.bar-fill.primary	acid	#ceff00	fill	dark	rendered	page does not load variables.css
partners/njlab.html	259	.bar-pct.primary	acid	#ceff00	text	dark	rendered	page does not load variables.css
partners/njlab.html	273	.stacked-seg.joy	acid	#ceff00	fill	dark	rendered	page does not load variables.css
partners/njlab.html	288	.swatch-joy	acid	#ceff00	fill	dark	rendered	page does not load variables.css
partners/njlab.html	318	.partner-col-link	olive	#5d7400	text	light	rendered	page does not load variables.css
partners/njlab.html	331	.pull-quote-text	acid	#ceff00	text	dark	rendered	page does not load variables.css
partners/njlab.html	353	.cta-primary	acid	#ceff00	fill	mixed	rendered	page does not load variables.css
partners/njlab.html	353	.cta-primary	acid	#ceff00	stroke	mixed	rendered	page does not load variables.css
partners/njlab.html	355	.cta-primary:hover	lime	var:--color-lime-green	fill	dark	selector	page does not load variables.css
partners/njlab.html	355	.cta-primary:hover	lime	var:--color-lime-green	stroke	light	selector	page does not load variables.css
partners/njlab.html	357	.cta-ghost	acid	#ceff00	text	dark	rendered	page does not load variables.css
partners/njlab.html	358	.cta-ghost	acid	#ceff00	stroke	dark	rendered	page does not load variables.css
partners/njlab.html	365	.filter-chip:focus-visible, .cta-btn:focus-visible	lime	#97d600	stroke	light	rendered	page does not load variables.css
assets/css/header.css	139	.nav-search:focus	lime	var:--focus-ring-light	stroke	light	selector	stylesheet is also loaded by a page without variables.css
assets/css/header.css	141	.nav-search:focus	lime	var:--lime-green	stroke	light	selector	stylesheet is also loaded by a page without variables.css
assets/css/header.css	167	.nav-search-btn	lime	#97d600	fill	mixed	selector	stylesheet is also loaded by a page without variables.css
assets/css/header.css	180	.nav-search-btn:hover	olive	#5d7400	fill	mixed	selector	stylesheet is also loaded by a page without variables.css
assets/css/header.css	192	.nav-pulse-dot	lime	#97d600	fill	mixed	selector	stylesheet is also loaded by a page without variables.css
assets/css/header.css	315	.mobile-menu-link:hover, .mobile-menu-link:active	lime	var:--lime-green	stroke	mixed	selector	stylesheet is also loaded by a page without variables.css
assets/css/main.css	198	.read-more-btn	acid	var:--acid-green	stroke	unknown(gradient)	selector	surface undetermined
assets/css/main.css	199	.read-more-btn	acid	var:--acid-green	text	unknown(gradient)	selector	surface undetermined
assets/css/main.css	240	.hero-link:hover	acid	var:--acid-green	text	unobserved		surface undetermined
assets/css/main.css	241	.hero-link:hover	acid	var:--acid-green	stroke	unobserved		surface undetermined
assets/css/main.css	727	.creators-table th.sort-asc .sort-icon::after	acid	var:--acid-green	text	unobserved		surface undetermined
assets/css/main.css	732	.creators-table th.sort-desc .sort-icon::after	acid	var:--acid-green	text	unobserved		surface undetermined
assets/css/main.css	1052	.sunburst-creator-card:hover	lime	var:--lime-green	stroke	unobserved		surface undetermined
assets/css/main.css	1146	.viz-creators-table a:hover	lime	var:--lime-green	text	unobserved		surface undetermined
assets/css/main.css	1881	.share-view-btn.copied	acid	var:--acid-green	text	unobserved		surface undetermined
assets/css/main.css	2089	.atlas-drawer-card.selectable.selected	lime	var:--lime-green	stroke	unobserved		surface undetermined
assets/css/main.css	2095	.atlas-drawer-card.selectable.selected::after	acid	var:--acid-green	text	unobserved		surface undetermined
bluesky-creator-intelligence.html	160	.search-input.arrival	lime	var:--lime	stroke	unobserved		surface undetermined
city-lab-chicago.html	129	.beats-toggle-btn:hover	lime	#97d600	stroke	unobserved		surface undetermined
for-brands.html	333	.bf-check-item input, .bf-radio-item input	acid	#ceff00	other	dark	selector	surface undetermined
for-brands.html	367	.atlas-card-link:hover	acid	#ceff00	text	unobserved		surface undetermined
for-brands.html	995	<a.bf-secondary-path> (inline)	acid	#ceff00	other	unobserved		surface undetermined
how-we-did-this.html	143	.highlight-box	acid	var:--acid-green	stroke	unobserved		surface undetermined
partners/_shell.html	165	.region-nav-link.active	lime	var:--lime	stroke	unobserved		surface undetermined
partners/ahp.html	51	.pull-quote-mark	acid	var:--acid	text	unobserved		surface undetermined
partners/cillizza.html	51	.pull-quote-mark	acid	var:--acid	text	unobserved		surface undetermined
partners/emily-atkin.html	50	.pull-quote-mark	acid	var:--acid	text	unobserved		surface undetermined
partners/emily-atkin.html	98	.chip:focus-visible	lime	var:--lime	stroke	unobserved		surface undetermined
partners/icfj.html	47	.pull-quote-mark	acid	var:--acid	text	unobserved		surface undetermined
partners/jessica-stahl.html	38	.pull-quote-mark	acid	var:--acid	text	unobserved		surface undetermined
pulse.html	51	.live-badge	acid	#ceff00	text	unobserved		surface undetermined
pulse.html	123	.signal-band-eyebrow	acid	#ceff00	text	unobserved		surface undetermined
pulse.html	136	.field-summary-eyebrow	lime	#97d600	text	unobserved		surface undetermined
pulse.html	173	.story-stack-creator	acid	#ceff00	text	unobserved		surface undetermined
pulse.html	184	.story-cluster-voice-count	acid	#ceff00	text	unobserved		surface undetermined
pulse.html	1025	.header-intel-cta	acid	#ceff00	text	unobserved		surface undetermined
search.html	71	.search-orientation-link	acid	#ceff00	text	unobserved		surface undetermined
search.html	297	.pulse-strip-live	acid	#ceff00	text	unobserved		surface undetermined
search.html	342	.pulse-strip-cta:hover	acid	#ceff00	text	unobserved		surface undetermined
search.html	468	.field-tooltip-beat	acid	#ceff00	text	unobserved		surface undetermined
who-we-are.html	144	.highlight-box	acid	var:--acid-green	stroke	unobserved		surface undetermined
assets/css/header.css	142	.nav-search:focus	lime	rgba(151, 214, 0, 0.15)	stroke	light	selector	tint (rgba with alpha)
assets/css/main.css	97	.nav-search:focus	lime	rgba(151, 214, 0, 0.15)	stroke	light	selector	tint (rgba with alpha)
assets/css/main.css	124	.hero	acid	rgba(206, 255, 0, 0.08)	other	mixed	selector	tint (rgba with alpha)
assets/css/main.css	125	.hero	acid	rgba(206, 255, 0, 0.06)	other	mixed	selector	tint (rgba with alpha)
assets/css/main.css	1000	.breadcrumb-item:hover	lime	rgba(151, 214, 0, 0.15)	fill	light	selector	tint (rgba with alpha)
assets/js/main.js	3028	(JS/other)	acid	rgba(206,255,0,0.65)	js	unobserved		tint (rgba with alpha)
atlas-portal/index.html	126	.header-section	acid	rgba(206, 255, 0, 0.08)	other	unknown(gradient)	selector	tint (rgba with alpha)
atlas-portal/index.html	127	.header-section	acid	rgba(206, 255, 0, 0.06)	other	unknown(gradient)	selector	tint (rgba with alpha)
atlas-portal/index.html	227	ut[type="file"]:focus, input[type="text"]:focus, input[type="email"]:f	acid	rgba(206, 255, 0, 0.1)	stroke	light	selector	tint (rgba with alpha)
atlas-portal/index.html	259	.radio-option:hover	acid	rgba(206, 255, 0, 0.03)	fill	light	selector	tint (rgba with alpha)
atlas-portal/index.html	271	.radio-option.selected	acid	rgba(206, 255, 0, 0.05)	fill	light	selector	tint (rgba with alpha)
atlas-portal/index.html	340	.text-color-option.selected	acid	rgba(206, 255, 0, 0.1)	fill	light	rendered	tint (rgba with alpha)
atlas-portal/index.html	403	.btn:hover	acid	rgba(206, 255, 0, 0.3)	stroke	light	rendered	tint (rgba with alpha)
atlas-portal/index.html	459	.disclosure-box	acid	rgba(206, 255, 0, 0.08)	fill	light	rendered	tint (rgba with alpha)
atlas-portal/index.html	510	.message.success	lime	rgba(151, 214, 0, 0.1)	fill	light	selector	tint (rgba with alpha)
atlas_pulse_intelligence.html	58	.btn-load.loaded	acid	rgba(206,255,0,.5)	stroke	unobserved		tint (rgba with alpha)
atlas_pulse_intelligence.html	92	.beat-row.active	acid	rgba(206,255,0,.2)	stroke	dark	same-rule background	tint (rgba with alpha)
atlas_pulse_intelligence.html	228	.wire-box	acid	rgba(206,255,0,.18)	stroke	dark	same-rule background	tint (rgba with alpha)
atlas_wire_intelligence.html	91	.beat-row.active	acid	rgba(206,255,0,.2)	stroke	dark	same-rule background	tint (rgba with alpha)
atlas_wire_intelligence.html	128	.beat-chip	acid	rgba(206,255,0,.12)	fill	unobserved		tint (rgba with alpha)
atlas_wire_intelligence.html	130	.beat-chip:hover	acid	rgba(206,255,0,.2)	fill	unobserved		tint (rgba with alpha)
atlas_wire_intelligence.html	150	.score-badge.high	acid	rgba(206,255,0,.4)	stroke	unobserved		tint (rgba with alpha)
bluesky-creator-intelligence.html	52	.badge-atlas	lime	rgba(151,214,0,0.5)	stroke	light	rendered	tint (rgba with alpha)
bluesky-creator-intelligence.html	52	.badge-atlas	lime	rgba(151,214,0,0.07)	fill	light	rendered	tint (rgba with alpha)
bluesky-creator-intelligence.html	104	.cluster-card.active	lime	rgba(151,214,0,0.25)	stroke	light	selector	tint (rgba with alpha)
bluesky-creator-intelligence.html	161	.search-input.arrival	lime	rgba(151, 214, 0, 0.25)	stroke	unobserved		tint (rgba with alpha)
bluesky-creator-intelligence.html	172	.sort-btn.active	lime	rgba(151,214,0,0.08)	fill	light	rendered	tint (rgba with alpha)
bluesky-creator-intelligence.html	199	.ci-platform.cross	lime	rgba(151,214,0,0.1)	fill	light	rendered	tint (rgba with alpha)
bluesky-creator-intelligence.html	199	.ci-platform.cross	lime	rgba(151,214,0,0.4)	stroke	light	rendered	tint (rgba with alpha)
bluesky-creator-intelligence.html	211	0%	lime	rgba(151,214,0,0)	stroke	unobserved		tint (rgba with alpha)
bluesky-creator-intelligence.html	212	30%	lime	rgba(151,214,0,0.35)	stroke	unobserved		tint (rgba with alpha)
bluesky-creator-intelligence.html	213	100%	lime	rgba(151,214,0,0)	stroke	unobserved		tint (rgba with alpha)
chicago-analysis.html	36	.header::before	acid	rgba(206,255,0,0.06)	fill	dark	selector	tint (rgba with alpha)
chicago-analysis.html	36	.header::before	acid	rgba(206,255,0,0.04)	fill	dark	selector	tint (rgba with alpha)
chicago-analysis.html	47	.nav button:hover	acid	rgba(206,255,0,0.3)	stroke	mixed	rendered	tint (rgba with alpha)
chicago-analysis.html	67	.insight	acid	rgba(206,255,0,0.08)	fill	dark	rendered	tint (rgba with alpha)
chicago-survey.html	35	.bg-pattern	acid	rgba(206,255,0,0.06)	other	unknown(gradient)	selector	tint (rgba with alpha)
chicago-survey.html	61	.header-badge	acid	rgba(206,255,0,0.1)	fill	dark	rendered	tint (rgba with alpha)
chicago-survey.html	62	.header-badge	acid	rgba(206,255,0,0.25)	stroke	dark	rendered	tint (rgba with alpha)
chicago-survey.html	204	.section-label::after	acid	rgba(206,255,0,0.15)	fill	dark	rendered	tint (rgba with alpha)
chicago-survey.html	251	input:focus, textarea:focus, select:focus	acid	rgba(206,255,0,0.04)	fill	mixed	selector	tint (rgba with alpha)
chicago-survey.html	252	input:focus, textarea:focus, select:focus	acid	rgba(206,255,0,0.08)	stroke	mixed	selector	tint (rgba with alpha)
chicago-survey.html	301	.check-group label:hover	acid	rgba(206,255,0,0.06)	fill	dark	selector	tint (rgba with alpha)
chicago-survey.html	302	.check-group label:hover	acid	rgba(206,255,0,0.2)	stroke	dark	selector	tint (rgba with alpha)
chicago-survey.html	347	.radio-group label:hover	acid	rgba(206,255,0,0.06)	fill	dark	selector	tint (rgba with alpha)
chicago-survey.html	348	.radio-group label:hover	acid	rgba(206,255,0,0.2)	stroke	dark	selector	tint (rgba with alpha)
chicago-survey.html	356	.radio-group label:has(input:checked)	acid	rgba(206,255,0,0.1)	fill	dark	selector	tint (rgba with alpha)
chicago-survey.html	414	.btn-primary:hover	acid	rgba(206,255,0,0.25)	stroke	dark	rendered	tint (rgba with alpha)
chicago-survey.html	480	.code-card	acid	rgba(206,255,0,0.06)	fill	dark	rendered	tint (rgba with alpha)
chicago-survey.html	566	.redeem-steps .step-num	acid	rgba(206,255,0,0.15)	fill	dark	selector	tint (rgba with alpha)
chicago-survey.html	627	.intro-screen .incentive-banner	acid	rgba(206,255,0,0.12)	fill	unknown(gradient)	rendered	tint (rgba with alpha)
chicago-survey.html	628	.intro-screen .incentive-banner	acid	rgba(206,255,0,0.2)	stroke	unknown(gradient)	rendered	tint (rgba with alpha)
city-lab-chicago.html	49	.hero-stat-child[data-layer]:hover	acid	rgba(206,255,0,0.08)	fill	dark	selector	tint (rgba with alpha)
city-lab-chicago.html	49	.hero-stat-child[data-layer]:hover	acid	rgba(206,255,0,0.35)	stroke	dark	selector	tint (rgba with alpha)
city-lab-chicago.html	52	.hero-stat-child[data-layer]:active	acid	rgba(206,255,0,0.14)	fill	dark	selector	tint (rgba with alpha)
city-lab-chicago.html	65	.tab-btn.active	lime	rgba(151,214,0,0.08)	fill	light	rendered	tint (rgba with alpha)
city-lab-chicago.html	571	<a> (inline)	acid	rgba(206,255,0,0.6)	text	mixed	selector	tint (rgba with alpha)
city-lab-dc-v3.html	1410	<a> (inline)	acid	rgba(206,255,0,0.6)	text	mixed	selector	tint (rgba with alpha)
for-brands.html	81	.hero-eyebrow-pill	acid	rgba(206,255,0,0.07)	fill	dark	rendered	tint (rgba with alpha)
for-brands.html	82	.hero-eyebrow-pill	acid	rgba(206,255,0,0.3)	stroke	dark	rendered	tint (rgba with alpha)
for-brands.html	104	.landscape-strip-dot	acid	rgba(206,255,0,0.3)	fill	dark	rendered	tint (rgba with alpha)
for-brands.html	164	.way-card:hover	acid	rgba(206,255,0,0.2)	stroke	dark	selector	tint (rgba with alpha)
for-brands.html	164	.way-card:hover	acid	rgba(206,255,0,0.03)	fill	dark	selector	tint (rgba with alpha)
for-brands.html	168	.way-card-icon	acid	rgba(206,255,0,0.08)	fill	dark	rendered	tint (rgba with alpha)
for-brands.html	208	.intel-cta-link--anchor	acid	rgba(206,255,0,0.7)	text	dark	rendered	tint (rgba with alpha)
for-brands.html	222	.gallery-card:hover	acid	rgba(206,255,0,0.3)	stroke	dark	selector	tint (rgba with alpha)
for-brands.html	222	.gallery-card:hover	acid	rgba(206,255,0,0.03)	fill	dark	selector	tint (rgba with alpha)
for-brands.html	250	.gms-avatar	acid	rgba(206,255,0,0.15)	fill	dark	rendered	tint (rgba with alpha)
for-brands.html	278	.form-input:focus, .form-textarea:focus	lime	rgba(151,214,0,0.15)	stroke	light	selector	tint (rgba with alpha)
for-brands.html	323	.bf-select:focus, .bf-input:focus	acid	rgba(206,255,0,0.1)	stroke	dark	selector	tint (rgba with alpha)
for-brands.html	348	.brief-confirm	acid	rgba(206,255,0,0.06)	fill	dark	rendered	tint (rgba with alpha)
for-brands.html	348	.brief-confirm	acid	rgba(206,255,0,0.2)	stroke	dark	rendered	tint (rgba with alpha)
for-brands.html	366	.atlas-card-link	acid	rgba(206,255,0,0.8)	text	unobserved		tint (rgba with alpha)
for-brands.html	373	.pulse-intel-cta	acid	rgba(206,255,0,0.3)	stroke	dark	rendered	tint (rgba with alpha)
for-brands.html	374	.pulse-intel-cta:hover	acid	rgba(206,255,0,0.06)	fill	dark	rendered	tint (rgba with alpha)
for-brands.html	406	.pi-beat-more	acid	rgba(206,255,0,0.5)	text	dark	rendered	tint (rgba with alpha)
for-brands.html	409	.pulse-intel-footer a	acid	rgba(206,255,0,0.5)	text	dark	selector	tint (rgba with alpha)
for-brands.html	420	.hero-ticker-item-beat	acid	rgba(206,255,0,0.3)	text	dark	rendered	tint (rgba with alpha)
for-brands.html	445	.bx-chip--active	acid	rgba(206,255,0,0.25)	stroke	mixed	rendered	tint (rgba with alpha)
for-brands.html	449	.bx-creator-card:hover	acid	rgba(206,255,0,0.2)	stroke	dark	selector	tint (rgba with alpha)
for-brands.html	450	.bx-creator-avatar	acid	rgba(206,255,0,0.12)	fill	dark	rendered	tint (rgba with alpha)
for-brands.html	469	.live-window-editorial	acid	rgba(206,255,0,0.65)	stroke	dark	rendered	tint (rgba with alpha)
for-brands.html	757	<span.material-symbols-outlined> (inline)	acid	rgba(206,255,0,0.5)	text	dark	selector	tint (rgba with alpha)
for-brands.html	759	<a.pulse-intel-footer> (inline)	acid	rgba(206,255,0,0.7)	other	unobserved		tint (rgba with alpha)
for-brands.html	762	<span.material-symbols-outlined> (inline)	acid	rgba(206,255,0,0.5)	text	dark	selector	tint (rgba with alpha)
for-brands.html	811	<div.eyebrow> (inline)	acid	rgba(206,255,0,0.5)	other	mixed	selector	tint (rgba with alpha)
for-brands.html	875	<a> (inline)	acid	rgba(206,255,0,0.5)	text	mixed	selector	tint (rgba with alpha)
for-brands.html	875	<a> (inline)	acid	rgba(206,255,0,0.5)	text	mixed	selector	tint (rgba with alpha)
index.html	70	.hero-eyebrow-pill	acid	rgba(206,255,0,0.35)	stroke	dark	rendered	tint (rgba with alpha)
index.html	72	.hero-eyebrow-pill	acid	rgba(206,255,0,0.06)	fill	dark	rendered	tint (rgba with alpha)
index.html	126	#creator-card	acid	rgba(206,255,0,0.08)	stroke	dark	selector	tint (rgba with alpha)
index.html	199	.featured-beat	acid	rgba(206,255,0,0.1)	fill	dark	rendered	tint (rgba with alpha)
index.html	199	.featured-beat	acid	rgba(206,255,0,0.2)	stroke	dark	rendered	tint (rgba with alpha)
index.html	243	.pulse-live-badge	olive	rgba(93,116,0,0.08)	fill	light	rendered	tint (rgba with alpha)
index.html	243	.pulse-live-badge	olive	rgba(93,116,0,0.25)	stroke	light	rendered	tint (rgba with alpha)
index.html	249	.pulse-open-btn	olive	rgba(93,116,0,0.3)	stroke	light	rendered	tint (rgba with alpha)
index.html	250	.pulse-open-btn:hover	olive	rgba(93,116,0,0.06)	fill	light	rendered	tint (rgba with alpha)
index.html	308	.research-badge	lime	rgba(151,214,0,0.12)	fill	light	rendered	tint (rgba with alpha)
index.html	308	.research-badge	lime	rgba(151,214,0,0.3)	stroke	light	rendered	tint (rgba with alpha)
latin-america-lab.html	297	.creator-card:hover	acid	rgba(206, 255, 0, 0.25)	stroke	dark	selector	tint (rgba with alpha)
latin-america-lab.html	342	.featured-badge	acid	rgba(206,255,0,0.7)	text	dark	rendered	tint (rgba with alpha)
latin-america-lab.html	357	.icfj-badge	acid	rgba(206,255,0,0.08)	fill	dark	rendered	tint (rgba with alpha)
latin-america-lab.html	358	.icfj-badge	acid	rgba(206,255,0,0.2)	stroke	dark	rendered	tint (rgba with alpha)
latin-america-lab.html	476	.spotlight-quote	acid	rgba(206,255,0,0.5)	stroke	dark	rendered	tint (rgba with alpha)
latin-america-lab.html	511	.spotlight-cta:hover	acid	rgba(206,255,0,0.85)	text	dark	rendered	tint (rgba with alpha)
latin-america-lab.html	636	.btn-ghost:hover	acid	rgba(206,255,0,0.3)	stroke	dark	selector	tint (rgba with alpha)
latin-america-lab.html	896	<a> (inline)	acid	rgba(206,255,0,0.6)	text	mixed	selector	tint (rgba with alpha)
lists.html	64	.hero	acid	rgba(206,255,0,0.10)	other	unknown(gradient)	selector	tint (rgba with alpha)
lists.html	65	.hero	acid	rgba(206,255,0,0.07)	other	unknown(gradient)	selector	tint (rgba with alpha)
lists.html	426	.teaser-section::before	acid	rgba(206,255,0,0.15)	fill	light	selector	tint (rgba with alpha)
lists.html	431	.teaser-label	acid	rgba(206,255,0,0.15)	fill	dark	rendered	tint (rgba with alpha)
mobile.html	73	.spinner	acid	rgba(206, 255, 0, 0.3)	stroke	light	rendered	tint (rgba with alpha)
partners/_reviewjames.html	30	.pill-confirmed	lime	rgba(151,214,0,0.18)	fill	light	rendered	tint (rgba with alpha)
partners/nj-lab.html	360	.cta-ghost:hover	acid	rgba(206,255,0,0.08)	fill	dark	rendered	tint (rgba with alpha)
partners/nj-lab.html	642	<a> (inline)	acid	rgba(206,255,0,0.6)	text	mixed	selector	tint (rgba with alpha)
partners/njlab.html	360	.cta-ghost:hover	acid	rgba(206,255,0,0.08)	fill	dark	rendered	tint (rgba with alpha)
partners/njlab.html	643	<a> (inline)	acid	rgba(206,255,0,0.6)	text	mixed	selector	tint (rgba with alpha)
pulse.html	52	.live-badge	acid	rgba(206,255,0,0.1)	fill	unobserved		tint (rgba with alpha)
pulse.html	53	.live-badge	acid	rgba(206,255,0,0.25)	stroke	unobserved		tint (rgba with alpha)
pulse.html	127	.signal-card:hover	acid	rgba(206,255,0,0.3)	stroke	dark	selector	tint (rgba with alpha)
pulse.html	129	.signal-beat-tag	acid	rgba(206,255,0,0.08)	fill	dark	rendered	tint (rgba with alpha)
pulse.html	129	.signal-beat-tag	acid	rgba(206,255,0,0.2)	stroke	dark	rendered	tint (rgba with alpha)
pulse.html	167	.lede-beat	lime	rgba(151,214,0,0.5)	stroke	dark	rendered	tint (rgba with alpha)
pulse.html	177	.story-stack-title:hover	acid	rgba(206,255,0,0.4)	stroke	unobserved		tint (rgba with alpha)
pulse.html	179	.story-stack-beat:hover	acid	rgba(206,255,0,0.12)	fill	dark	selector	tint (rgba with alpha)
pulse.html	179	.story-stack-beat:hover	acid	rgba(206,255,0,0.3)	stroke	dark	selector	tint (rgba with alpha)
pulse.html	182	.story-cluster	acid	rgba(206,255,0,0.2)	stroke	unobserved		tint (rgba with alpha)
pulse.html	214	.pulse-ticker-item-beat	acid	rgba(206,255,0,0.35)	text	dark	rendered	tint (rgba with alpha)
pulse.html	234	.signal-card:hover	acid	rgba(206,255,0,0.25)	stroke	dark	selector	tint (rgba with alpha)
pulse.html	236	.signal-beat-tag	acid	rgba(206,255,0,0.08)	fill	dark	rendered	tint (rgba with alpha)
pulse.html	236	.signal-beat-tag	acid	rgba(206,255,0,0.2)	stroke	dark	rendered	tint (rgba with alpha)
pulse.html	456	.beat-tag	olive	rgba(93,116,0,0.08)	fill	light	rendered	tint (rgba with alpha)
pulse.html	608	.creator-chip:hover	olive	rgba(93,116,0,0.04)	fill	light	selector	tint (rgba with alpha)
pulse.html	620	.creator-chip-count	olive	rgba(93,116,0,0.08)	fill	light	rendered	tint (rgba with alpha)
pulse.html	871	.pulse-brands-cta-btn	olive	rgba(93,116,0,0.35)	stroke	light	rendered	tint (rgba with alpha)
pulse.html	879	.pulse-brands-cta-btn:hover	olive	rgba(93,116,0,0.06)	fill	light	rendered	tint (rgba with alpha)
pulse.html	917	.intel-week-badge	lime	rgba(151,214,0,0.07)	other	unknown(gradient)	rendered	tint (rgba with alpha)
pulse.html	918	.intel-week-badge	lime	rgba(151,214,0,0.22)	other	unknown(gradient)	rendered	tint (rgba with alpha)
pulse.html	919	.intel-week-badge	lime	rgba(151,214,0,0.07)	other	unknown(gradient)	rendered	tint (rgba with alpha)
pulse.html	922	.intel-week-badge	lime	rgba(151,214,0,0.3)	stroke	unknown(gradient)	rendered	tint (rgba with alpha)
research.html	313	.badge-pill	acid	rgba(206,255,0,0.1)	fill	dark	rendered	tint (rgba with alpha)
research.html	314	.badge-pill	acid	rgba(206,255,0,0.25)	stroke	dark	rendered	tint (rgba with alpha)
research.html	581	.appearance-card:hover	acid	rgba(206,255,0,0.35)	stroke	dark	selector	tint (rgba with alpha)
search.html	217	.search-orientation-action:hover	acid	rgba(206,255,0,0.3)	stroke	dark	selector	tint (rgba with alpha)
search.html	218	.search-orientation-action:hover	acid	rgba(206,255,0,0.04)	fill	dark	selector	tint (rgba with alpha)
search.html	256	.search-pulse-link	acid	rgba(206,255,0,0.45)	text	dark	rendered	tint (rgba with alpha)
search.html	273	.pulse-strip	acid	rgba(206,255,0,0.12)	stroke	dark	same-rule background	tint (rgba with alpha)
search.html	334	.pulse-strip-cta	acid	rgba(206,255,0,0.6)	text	unobserved		tint (rgba with alpha)
wire.html	53	.wire-eyebrow	acid	rgba(206,255,0,0.3)	stroke	dark	rendered	tint (rgba with alpha)
wire.html	80	.wire-bsky-link	acid	rgba(206,255,0,0.4)	stroke	dark	rendered	tint (rgba with alpha)
wire.html	84	.wire-bsky-link:hover	acid	rgba(206,255,0,0.08)	fill	dark	rendered	tint (rgba with alpha)
