group	file	line	element	property	color	via	surface	why not changed / status	proposed fix
A fixable now	assets/css/main.css	96	.nav-search:focus	border-color	lime	var(--lime-green)	light	violation (missed earlier)	var(--color-focus-on-light)
A fixable now	assets/css/main.css	371	.filter-search:focus	border-color	lime	var(--lime-green)	light	violation (missed earlier)	var(--color-focus-on-light)
A fixable now	assets/css/main.css	836	.bubble-mode-btn.active	border-bottom-color	lime	var(--lime-green)	light	violation (missed earlier)	var(--color-accent-on-light)
A fixable now	assets/css/main.css	1228	.legend-item:hover	border-color	lime	var(--lime-green)	light	violation (missed earlier)	var(--color-accent-on-light)
A fixable now	assets/css/main.css	1330	.loading-spinner	border-top-color	lime	var(--lime-green)	light	violation (missed earlier)	var(--color-accent-on-light)
A fixable now	assets/css/main.css	1977	.pack-name-input:focus	border-color	lime	var(--lime-green)	light	violation (missed earlier)	var(--color-focus-on-light)
A fixable now	submit-thanks.html	134	.next-steps li:before	color	acid	var(--acid-green)	light	violation (missed earlier)	var(--color-accent-on-light)
A fixable now	updates.html	113	.benefits-list li:before	color	acid	var(--acid-green)	light	violation (missed earlier)	var(--color-accent-on-light)
C unresolved	assets/css/header.css	141	.nav-search:focus	border-color	lime	var:--lime-green	light	stylesheet also loaded by a page without variables.css	if on a light surface: var(--color-focus-on-light)
C unresolved	assets/css/header.css	184	:root[data-header-theme="black"] .nav-search-btn:focus-visible	outline-color	lime	var:--color-focus	unobserved	surface undetermined	if on a light surface: var(--color-focus-on-light)
C unresolved	assets/css/header.css	319	.mobile-menu-link:hover, .mobile-menu-link:active	border-left-color	lime	var:--lime-green	mixed	ambiguous: mixed light+dark	if on a light surface: var(--color-accent-on-light)
C unresolved	assets/css/main.css	124	.hero		acid	rgba(206, 255, 0, 0.08)	mixed	role other/JS	gradient/tint/accent-color: design call
C unresolved	assets/css/main.css	125	.hero		acid	rgba(206, 255, 0, 0.06)	mixed	role other/JS	gradient/tint/accent-color: design call
C unresolved	assets/css/main.css	198	.read-more-btn	border	acid	var:--acid-green	unknown(gradient)	surface undetermined	if on a light surface: var(--color-accent-on-light)
C unresolved	assets/css/main.css	199	.read-more-btn	color	acid	var:--acid-green	unknown(gradient)	surface undetermined	if on a light surface: var(--color-accent-on-light)
C unresolved	assets/css/main.css	240	.hero-link:hover	color	acid	var:--acid-green	unobserved	surface undetermined	if on a light surface: var(--color-accent-on-light)
C unresolved	assets/css/main.css	241	.hero-link:hover	border-bottom-color	acid	var:--acid-green	unobserved	surface undetermined	if on a light surface: var(--color-accent-on-light)
C unresolved	assets/css/main.css	386	.filter-option input[type="checkbox"]	accent-color	lime	var:--lime-green	light	role other/JS	gradient/tint/accent-color: design call
C unresolved	assets/css/main.css	730	.creators-table th.sort-asc .sort-icon::after	color	acid	var:--acid-green	unobserved	surface undetermined	if on a light surface: var(--color-accent-on-light)
C unresolved	assets/css/main.css	735	.creators-table th.sort-desc .sort-icon::after	color	acid	var:--acid-green	unobserved	surface undetermined	if on a light surface: var(--color-accent-on-light)
C unresolved	assets/css/main.css	1055	.sunburst-creator-card:hover	border-color	lime	var:--lime-green	unobserved	surface undetermined	if on a light surface: var(--color-accent-on-light)
C unresolved	assets/css/main.css	1149	.viz-creators-table a:hover	color	lime	var:--lime-green	unobserved	surface undetermined	if on a light surface: var(--color-accent-on-light)
C unresolved	assets/css/main.css	1433	.mobile-menu-link:hover, .mobile-menu-link:active	border-left-color	lime	var:--lime-green	mixed	ambiguous: mixed light+dark	if on a light surface: var(--color-accent-on-light)
C unresolved	assets/css/main.css	1884	.share-view-btn.copied	color	acid	var:--acid-green	unobserved	surface undetermined	if on a light surface: var(--color-accent-on-light)
C unresolved	assets/css/main.css	2092	.atlas-drawer-card.selectable.selected	border	lime	var:--lime-green	unobserved	surface undetermined	if on a light surface: var(--color-accent-on-light)
C unresolved	assets/css/main.css	2098	.atlas-drawer-card.selectable.selected::after	color	acid	var:--acid-green	unobserved	surface undetermined	if on a light surface: var(--color-accent-on-light)
C unresolved	assets/js/main.js	1046	(JS/other)		lime	#97d600	unobserved	role other/JS	JS-set: list only, no change without approval
C unresolved	assets/js/main.js	1046	(JS/other)		acid	#ceff00	unobserved	role other/JS	JS-set: list only, no change without approval
C unresolved	assets/js/main.js	1367	(JS/other)		lime	#97d600	unobserved	role other/JS	JS-set: list only, no change without approval
C unresolved	assets/js/main.js	2982	(JS/other)	strokestyle	acid	#ceff00	unobserved	role other/JS	JS-set: list only, no change without approval
C unresolved	assets/js/main.js	2987	(JS/other)	fillstyle	acid	#ceff00	unobserved	role other/JS	JS-set: list only, no change without approval
C unresolved	assets/js/main.js	3005	(JS/other)	strokestyle	acid	#ceff00	unobserved	role other/JS	JS-set: list only, no change without approval
C unresolved	assets/js/main.js	3028	(JS/other)	fillstyle	acid	rgba(206,255,0,0.65)	unobserved	role other/JS	JS-set: list only, no change without approval
C unresolved	assets/js/main.js	3054	(JS/other)	strokestyle	acid	#ceff00	unobserved	role other/JS	JS-set: list only, no change without approval
C unresolved	assets/js/main.js	3084	(JS/other)		acid	#ceff00	unobserved	role other/JS	JS-set: list only, no change without approval
C unresolved	atlas-portal/script.js	118	(JS/other)		acid	#ceff00	unobserved	role other/JS	JS-set: list only, no change without approval
C unresolved	atlas-portal/script.js	118	(JS/other)		lime	#97d600	unobserved	role other/JS	JS-set: list only, no change without approval
C unresolved	bluesky-creator-intelligence.html	163	.search-input.arrival	border-color	lime	var:--lime	unobserved	surface undetermined	if on a light surface: var(--color-accent-on-light)
C unresolved	bluesky-creator-intelligence.html	164	.search-input.arrival	box-shadow	lime	rgba(151, 214, 0, 0.25)	unobserved	surface undetermined	if on a light surface: var(--color-accent-on-light)
C unresolved	bluesky-creator-intelligence.html	214	0%	box-shadow	lime	rgba(151,214,0,0)	unobserved	surface undetermined	if on a light surface: var(--color-accent-on-light)
C unresolved	bluesky-creator-intelligence.html	215	30%	box-shadow	lime	rgba(151,214,0,0.35)	unobserved	surface undetermined	if on a light surface: var(--color-accent-on-light)
C unresolved	bluesky-creator-intelligence.html	216	100%	box-shadow	lime	rgba(151,214,0,0)	unobserved	surface undetermined	if on a light surface: var(--color-accent-on-light)
C unresolved	city-lab-chicago.html	129	.beats-toggle-btn:hover	border-color	lime	#97d600	unobserved	surface undetermined	if on a light surface: var(--color-accent-on-light)
C unresolved	city-lab-chicago.html	384	<span.legend-dot> (inline)	style	acid	#ceff00	light	role other/JS	gradient/tint/accent-color: design call
C unresolved	city-lab-chicago.html	390	<span.pill> (inline)	style	acid	#ceff00	light	role other/JS	gradient/tint/accent-color: design call
C unresolved	city-lab-chicago.html	391	<span.pill> (inline)	style	acid	#ceff00	light	role other/JS	gradient/tint/accent-color: design call
C unresolved	city-lab-chicago.html	571	<a> (inline)	color	acid	rgba(206,255,0,0.6)	mixed	ambiguous: mixed light+dark	if on a light surface: var(--color-accent-on-light)
C unresolved	city-lab-dc-v3.html	887	<div> (inline)	color	acid	var:--acid	mixed	ambiguous: mixed light+dark	if on a light surface: var(--color-accent-on-light)
C unresolved	city-lab-dc-v3.html	920	<div> (inline)	border-left	acid	var:--acid	mixed	ambiguous: mixed light+dark	if on a light surface: var(--color-accent-on-light)
C unresolved	city-lab-dc-v3.html	921	<div> (inline)	color	acid	var:--acid	mixed	ambiguous: mixed light+dark	if on a light surface: var(--color-accent-on-light)
C unresolved	city-lab-dc-v3.html	1004	<div.section-label> (inline)	style	acid	var:--acid	mixed	role other/JS	gradient/tint/accent-color: design call
C unresolved	city-lab-dc-v3.html	1410	<a> (inline)	color	acid	rgba(206,255,0,0.6)	mixed	ambiguous: mixed light+dark	if on a light surface: var(--color-accent-on-light)
C unresolved	for-brands.html	339	.bf-check-item input, .bf-radio-item input	accent-color	acid	#ceff00	dark	role other/JS	gradient/tint/accent-color: design call
C unresolved	for-brands.html	375	.atlas-card-link	color	acid	rgba(206,255,0,0.8)	unobserved	surface undetermined	if on a light surface: var(--color-accent-on-light)
C unresolved	for-brands.html	376	.atlas-card-link:hover	color	acid	#ceff00	unobserved	surface undetermined	if on a light surface: var(--color-accent-on-light)
C unresolved	for-brands.html	454	.bx-chip--active	box-shadow	acid	rgba(206,255,0,0.25)	mixed	ambiguous: mixed light+dark	if on a light surface: var(--color-accent-on-light)
C unresolved	for-brands.html	768	<a.pulse-intel-footer> (inline)	style	acid	rgba(206,255,0,0.7)	unobserved	role other/JS	gradient/tint/accent-color: design call
C unresolved	for-brands.html	820	<div.eyebrow> (inline)	style	acid	rgba(206,255,0,0.5)	mixed	role other/JS	gradient/tint/accent-color: design call
C unresolved	for-brands.html	884	<a> (inline)	color	acid	rgba(206,255,0,0.5)	mixed	ambiguous: mixed light+dark	if on a light surface: var(--color-accent-on-light)
C unresolved	for-brands.html	884	<a> (inline)	color	acid	#ceff00	mixed	ambiguous: mixed light+dark	if on a light surface: var(--color-accent-on-light)
C unresolved	for-brands.html	884	<a> (inline)	color	acid	rgba(206,255,0,0.5)	mixed	ambiguous: mixed light+dark	if on a light surface: var(--color-accent-on-light)
C unresolved	for-brands.html	1004	<a.bf-secondary-path> (inline)	style	acid	#ceff00	unobserved	role other/JS	gradient/tint/accent-color: design call
C unresolved	for-brands.html	1342	(JS/other)	style	acid	#ceff00	unobserved	role other/JS	JS-set: list only, no change without approval
C unresolved	how-we-did-this.html	143	.highlight-box	border-left	acid	var:--acid-green	unobserved	surface undetermined	if on a light surface: var(--color-accent-on-light)
C unresolved	index.html	1542	(JS/other)	color	acid	#ceff00	unobserved	surface undetermined	JS-set: list only, no change without approval
C unresolved	index.html	1544	(JS/other)	color	lime	#97d600	unobserved	surface undetermined	JS-set: list only, no change without approval
C unresolved	index.html	1748	(JS/other)	color	acid	#ceff00	unobserved	surface undetermined	JS-set: list only, no change without approval
C unresolved	index.html	2106	(JS/other)	color	acid	#ceff00	unobserved	surface undetermined	JS-set: list only, no change without approval
C unresolved	index.html	2189	(JS/other)		acid	#ceff00	unobserved	role other/JS	JS-set: list only, no change without approval
C unresolved	latin-america-lab.html	898	<a> (inline)	color	acid	rgba(206,255,0,0.6)	mixed	ambiguous: mixed light+dark	if on a light surface: var(--color-accent-on-light)
C unresolved	partners/_shell.html	165	.region-nav-link.active	border-bottom-color	lime	var:--lime	unobserved	surface undetermined	if on a light surface: var(--color-accent-on-light)
C unresolved	partners/ahp.html	51	.pull-quote-mark	color	acid	var:--acid	unobserved	surface undetermined	if on a light surface: var(--color-accent-on-light)
C unresolved	partners/cillizza.html	51	.pull-quote-mark	color	acid	var:--acid	unobserved	surface undetermined	if on a light surface: var(--color-accent-on-light)
C unresolved	partners/emily-atkin.html	50	.pull-quote-mark	color	acid	var:--acid	unobserved	surface undetermined	if on a light surface: var(--color-accent-on-light)
C unresolved	partners/emily-atkin.html	98	.chip:focus-visible	outline	lime	var:--lime	unobserved	surface undetermined	if on a light surface: var(--color-focus-on-light)
C unresolved	partners/icfj.html	47	.pull-quote-mark	color	acid	var:--acid	unobserved	surface undetermined	if on a light surface: var(--color-accent-on-light)
C unresolved	partners/jessica-stahl.html	38	.pull-quote-mark	color	acid	var:--acid	unobserved	surface undetermined	if on a light surface: var(--color-accent-on-light)
C unresolved	pulse.html	51	.live-badge	color	acid	#ceff00	unobserved	surface undetermined	if on a light surface: var(--color-accent-on-light)
C unresolved	pulse.html	53	.live-badge	border	acid	rgba(206,255,0,0.25)	unobserved	surface undetermined	if on a light surface: var(--color-accent-on-light)
C unresolved	pulse.html	123	.signal-band-eyebrow	color	acid	#ceff00	unobserved	surface undetermined	if on a light surface: var(--color-accent-on-light)
C unresolved	pulse.html	136	.field-summary-eyebrow	color	lime	#97d600	unobserved	surface undetermined	if on a light surface: var(--color-accent-on-light)
C unresolved	pulse.html	173	.story-stack-creator	color	acid	#ceff00	unobserved	surface undetermined	if on a light surface: var(--color-accent-on-light)
C unresolved	pulse.html	177	.story-stack-title:hover	text-decoration-color	acid	rgba(206,255,0,0.4)	unobserved	surface undetermined	if on a light surface: var(--color-accent-on-light)
C unresolved	pulse.html	182	.story-cluster	border-left	acid	rgba(206,255,0,0.2)	unobserved	surface undetermined	if on a light surface: var(--color-accent-on-light)
C unresolved	pulse.html	184	.story-cluster-voice-count	color	acid	#ceff00	unobserved	surface undetermined	if on a light surface: var(--color-accent-on-light)
C unresolved	pulse.html	917	.intel-week-badge		lime	rgba(151,214,0,0.07)	unknown(gradient)	role other/JS	gradient/tint/accent-color: design call
C unresolved	pulse.html	918	.intel-week-badge		lime	rgba(151,214,0,0.22)	unknown(gradient)	role other/JS	gradient/tint/accent-color: design call
C unresolved	pulse.html	919	.intel-week-badge		lime	rgba(151,214,0,0.07)	unknown(gradient)	role other/JS	gradient/tint/accent-color: design call
C unresolved	pulse.html	922	.intel-week-badge	border	lime	rgba(151,214,0,0.3)	unknown(gradient)	surface undetermined	if on a light surface: var(--color-accent-on-light)
C unresolved	pulse.html	1025	.header-intel-cta	color	acid	#ceff00	unobserved	surface undetermined	if on a light surface: var(--color-accent-on-light)
C unresolved	pulse.html	2378	(JS/other)	style	acid	#ceff00	unobserved	role other/JS	JS-set: list only, no change without approval
C unresolved	search.html	71	.search-orientation-link	color	acid	#ceff00	unobserved	surface undetermined	if on a light surface: var(--color-accent-on-light)
C unresolved	search.html	297	.pulse-strip-live	color	acid	#ceff00	unobserved	surface undetermined	if on a light surface: var(--color-accent-on-light)
C unresolved	search.html	334	.pulse-strip-cta	color	acid	rgba(206,255,0,0.6)	unobserved	surface undetermined	if on a light surface: var(--color-accent-on-light)
C unresolved	search.html	342	.pulse-strip-cta:hover	color	acid	#ceff00	unobserved	surface undetermined	if on a light surface: var(--color-accent-on-light)
C unresolved	search.html	468	.field-tooltip-beat	color	acid	#ceff00	unobserved	surface undetermined	if on a light surface: var(--color-accent-on-light)
C unresolved	search.html	933	(JS/other)		acid	#ceff00	unobserved	role other/JS	JS-set: list only, no change without approval
C unresolved	search.html	937	(JS/other)		lime	#97d600	unobserved	role other/JS	JS-set: list only, no change without approval
C unresolved	search.html	943	(JS/other)		acid	#ceff00	unobserved	role other/JS	JS-set: list only, no change without approval
C unresolved	search.html	949	(JS/other)		lime	#97d600	unobserved	role other/JS	JS-set: list only, no change without approval
C unresolved	search.html	964	(JS/other)		acid	#ceff00	unobserved	role other/JS	JS-set: list only, no change without approval
C unresolved	search.html	967	(JS/other)		lime	#97d600	unobserved	role other/JS	JS-set: list only, no change without approval
C unresolved	who-we-are.html	144	.highlight-box	border-left	acid	var:--acid-green	unobserved	surface undetermined	if on a light surface: var(--color-accent-on-light)
B no variables.css	atlas-portal/index.html	226	ut[type="file"]:focus, input[type="text"]:focus, input[type="email"]:f	border-color	acid	var:--acid-green	light	page does not load variables.css	hardcode #5d7400 (or link variables.css)
B no variables.css	atlas-portal/index.html	227	ut[type="file"]:focus, input[type="text"]:focus, input[type="email"]:f	box-shadow	acid	rgba(206, 255, 0, 0.1)	light	page does not load variables.css	hardcode #5d7400 (or link variables.css)
B no variables.css	atlas-portal/index.html	258	.radio-option:hover	border-color	lime	var:--lime-green	light	page does not load variables.css	hardcode #5d7400 (or link variables.css)
B no variables.css	atlas-portal/index.html	270	.radio-option.selected	border-color	acid	var:--acid-green	light	page does not load variables.css	hardcode #5d7400 (or link variables.css)
B no variables.css	atlas-portal/index.html	335	.text-color-option:hover	border-color	lime	var:--lime-green	light	page does not load variables.css	hardcode #5d7400 (or link variables.css)
B no variables.css	atlas-portal/index.html	339	.text-color-option.selected	border-color	acid	var:--acid-green	light	page does not load variables.css	hardcode #5d7400 (or link variables.css)
B no variables.css	atlas-portal/index.html	369	.image-preview	border	acid	var:--acid-green	light	page does not load variables.css	hardcode #5d7400 (or link variables.css)
B no variables.css	atlas-portal/index.html	403	.btn:hover	box-shadow	acid	rgba(206, 255, 0, 0.3)	light	page does not load variables.css	hardcode #5d7400 (or link variables.css)
B no variables.css	atlas-portal/index.html	460	.disclosure-box	border-left	acid	var:--acid-green	light	page does not load variables.css	hardcode #5d7400 (or link variables.css)
B no variables.css	atlas-portal/index.html	511	.message.success	border	lime	var:--lime-green	light	page does not load variables.css	hardcode #5d7400 (or link variables.css)
B no variables.css	atlas-portal/index.html	562	.caption-box:hover	border-color	lime	var:--lime-green	light	page does not load variables.css	hardcode #5d7400 (or link variables.css)
B no variables.css	atlas-portal/index.html	608	.footer-section a	border-bottom	acid	var:--acid-green	light	page does not load variables.css	hardcode #5d7400 (or link variables.css)
B no variables.css	atlas-portal/index.html	614	.footer-section a:hover	border-bottom-color	lime	var:--lime-green	light	page does not load variables.css	hardcode #5d7400 (or link variables.css)
B no variables.css	atlas-signal-brief.html	27	.tab-btn.active	border-bottom-color	acid	#ceff00	light	page does not load variables.css	hardcode #5d7400 (or link variables.css)
B no variables.css	atlas-signal-brief.html	97	.vel-card:hover	border-color	lime	#97d600	light	page does not load variables.css	hardcode #5d7400 (or link variables.css)
B no variables.css	atlas-signal-brief.html	109	.callout-box	border-left	acid	#ceff00	light	page does not load variables.css	hardcode #5d7400 (or link variables.css)
B no variables.css	atlas-signal-brief.html	161	.poly-card:hover	border-color	lime	#97d600	light	page does not load variables.css	hardcode #5d7400 (or link variables.css)
B no variables.css	atlas_pulse_intelligence.html	49	.stat-pill.wire-pill b	color	acid	var:--acid	unobserved	page does not load variables.css	hardcode #5d7400 (or link variables.css)
B no variables.css	atlas_pulse_intelligence.html	58	.btn-load.loaded	border-color	acid	rgba(206,255,0,.5)	unobserved	page does not load variables.css	hardcode #5d7400 (or link variables.css)
B no variables.css	atlas_pulse_intelligence.html	58	.btn-load.loaded	color	acid	var:--acid	unobserved	page does not load variables.css	hardcode #5d7400 (or link variables.css)
B no variables.css	atlas_pulse_intelligence.html	85	.signal-box	border-left	acid	var:--acid	unobserved	page does not load variables.css	hardcode #5d7400 (or link variables.css)
B no variables.css	atlas_pulse_intelligence.html	87	.signal-box em	color	acid	var:--acid	unobserved	page does not load variables.css	hardcode #5d7400 (or link variables.css)
B no variables.css	atlas_pulse_intelligence.html	103	.theme-name	color	acid	var:--acid	unobserved	page does not load variables.css	hardcode #5d7400 (or link variables.css)
B no variables.css	atlas_pulse_intelligence.html	217	.det-link	color	acid	var:--acid	unobserved	page does not load variables.css	hardcode #5d7400 (or link variables.css)
B no variables.css	atlas_pulse_intelligence.html	230	.wire-score-lg	color	acid	var:--acid	unobserved	page does not load variables.css	hardcode #5d7400 (or link variables.css)
B no variables.css	atlas_pulse_intelligence.html	237	.wire-copy	border-left	acid	var:--acid	unobserved	page does not load variables.css	hardcode #5d7400 (or link variables.css)
B no variables.css	atlas_wire_intelligence.html	128	.beat-chip	border	acid	var:--acid	unobserved	page does not load variables.css	hardcode #5d7400 (or link variables.css)
B no variables.css	atlas_wire_intelligence.html	129	.beat-chip	color	acid	var:--acid	unobserved	page does not load variables.css	hardcode #5d7400 (or link variables.css)
B no variables.css	atlas_wire_intelligence.html	141	.q-card.selected	border-color	acid	var:--acid	unobserved	page does not load variables.css	hardcode #5d7400 (or link variables.css)
B no variables.css	atlas_wire_intelligence.html	141	.q-card.selected	box-shadow	acid	var:--acid	unobserved	page does not load variables.css	hardcode #5d7400 (or link variables.css)
B no variables.css	atlas_wire_intelligence.html	142	.q-card.approved	border-left	acid	var:--acid	unobserved	page does not load variables.css	hardcode #5d7400 (or link variables.css)
B no variables.css	atlas_wire_intelligence.html	143	.q-card.approved .score-badge.high	box-shadow	acid	var:--acid	unobserved	page does not load variables.css	hardcode #5d7400 (or link variables.css)
B no variables.css	atlas_wire_intelligence.html	150	.score-badge.high	box-shadow	acid	rgba(206,255,0,.4)	unobserved	page does not load variables.css	hardcode #5d7400 (or link variables.css)
B no variables.css	atlas_wire_intelligence.html	159	.creator-link:hover	color	acid	var:--acid	unobserved	page does not load variables.css	hardcode #5d7400 (or link variables.css)
B no variables.css	atlas_wire_intelligence.html	165	.q-wire[contenteditable=true]	border-color	acid	var:--acid	unobserved	page does not load variables.css	hardcode #5d7400 (or link variables.css)
B no variables.css	atlas_wire_intelligence.html	182	.btn-approve.is-approved	border	acid	var:--acid	unobserved	page does not load variables.css	hardcode #5d7400 (or link variables.css)
B no variables.css	atlas_wire_intelligence.html	182	.btn-approve.is-approved	color	acid	var:--acid	unobserved	page does not load variables.css	hardcode #5d7400 (or link variables.css)
B no variables.css	atlas_wire_intelligence.html	241	.wire-edit:focus	outline	acid	var:--acid	unobserved	page does not load variables.css	hardcode #5d7400 (or link variables.css)
B no variables.css	atlas_wire_intelligence.html	241	.wire-edit:focus	border-color	acid	var:--acid	unobserved	page does not load variables.css	hardcode #5d7400 (or link variables.css)
B no variables.css	atlas_wire_intelligence.html	278	.btn-approve-detail.is-approved	border	acid	var:--acid	unobserved	page does not load variables.css	hardcode #5d7400 (or link variables.css)
B no variables.css	atlas_wire_intelligence.html	278	.btn-approve-detail.is-approved	color	acid	var:--acid	unobserved	page does not load variables.css	hardcode #5d7400 (or link variables.css)
B no variables.css	atlas_wire_intelligence.html	582	(JS/other)	color	acid	var:--acid	unobserved	page does not load variables.css	hardcode #5d7400 (or link variables.css)
B no variables.css	atlas_wire_review.html	144	.card.approved	border-left	acid	var:--acid	unobserved	page does not load variables.css	hardcode #5d7400 (or link variables.css)
B no variables.css	atlas_wire_review.html	146	.card.editing	border	acid	var:--acid	unobserved	page does not load variables.css	hardcode #5d7400 (or link variables.css)
B no variables.css	atlas_wire_review.html	170	.card-creator a:hover	color	acid	var:--acid	unobserved	page does not load variables.css	hardcode #5d7400 (or link variables.css)
B no variables.css	atlas_wire_review.html	197	.wire-frame-edit	border	acid	var:--acid	unobserved	page does not load variables.css	hardcode #5d7400 (or link variables.css)
B no variables.css	beat-climate.html	88	.story-card:hover	border-color	lime	#97d600	light	page does not load variables.css	hardcode #5d7400 (or link variables.css)
B no variables.css	chicago-analysis.html	47	.nav button:hover	color	acid	var:--neon	mixed	page does not load variables.css	hardcode #5d7400 (or link variables.css)
B no variables.css	chicago-analysis.html	47	.nav button:hover	border-color	acid	rgba(206,255,0,0.3)	mixed	page does not load variables.css	hardcode #5d7400 (or link variables.css)
B no variables.css	chicago-analysis.html	48	.nav button.active	border-color	acid	var:--neon	mixed	page does not load variables.css	hardcode #5d7400 (or link variables.css)
B no variables.css	chicago-survey.html	250	input:focus, textarea:focus, select:focus	border-color	acid	var:--lime	mixed	page does not load variables.css	hardcode #5d7400 (or link variables.css)
B no variables.css	chicago-survey.html	252	input:focus, textarea:focus, select:focus	box-shadow	acid	rgba(206,255,0,0.08)	mixed	page does not load variables.css	hardcode #5d7400 (or link variables.css)
B no variables.css	lists.html	57	.nav-link:hover, .nav-link.active	color	acid	var:--acid-green	light	page does not load variables.css	hardcode #5d7400 (or link variables.css)
B no variables.css	mobile.html	73	.spinner	border	acid	rgba(206, 255, 0, 0.3)	light	page does not load variables.css	hardcode #5d7400 (or link variables.css)
B no variables.css	mobile.html	74	.spinner	border-top-color	acid	var:--acid-green	light	page does not load variables.css	hardcode #5d7400 (or link variables.css)
B no variables.css	partners/nj-lab.html	353	.cta-primary	border	acid	#ceff00	mixed	page does not load variables.css	hardcode #5d7400 (or link variables.css)
B no variables.css	partners/nj-lab.html	355	.cta-primary:hover	border-color	lime	var:--color-lime-green	light	page does not load variables.css	hardcode #5d7400 (or link variables.css)
B no variables.css	partners/nj-lab.html	365	.filter-chip:focus-visible, .cta-btn:focus-visible	outline	lime	#97d600	light	page does not load variables.css	hardcode #5d7400 (or link variables.css)
B no variables.css	partners/nj-lab.html	642	<a> (inline)	color	acid	rgba(206,255,0,0.6)	mixed	page does not load variables.css	hardcode #5d7400 (or link variables.css)
B no variables.css	partners/njlab.html	353	.cta-primary	border	acid	#ceff00	mixed	page does not load variables.css	hardcode #5d7400 (or link variables.css)
B no variables.css	partners/njlab.html	355	.cta-primary:hover	border-color	lime	var:--color-lime-green	light	page does not load variables.css	hardcode #5d7400 (or link variables.css)
B no variables.css	partners/njlab.html	365	.filter-chip:focus-visible, .cta-btn:focus-visible	outline	lime	#97d600	light	page does not load variables.css	hardcode #5d7400 (or link variables.css)
B no variables.css	partners/njlab.html	643	<a> (inline)	color	acid	rgba(206,255,0,0.6)	mixed	page does not load variables.css	hardcode #5d7400 (or link variables.css)
