Creator Name,slug,Current Platform Primary,bsky_handle,bsky_url,confirmed,notes
Aaron Parnas,aaron-parnas,Video - TikTok,aaronparnas.substack.com.web.brid.gy,https://bsky.app/profile/aaronparnas.substack.com.web.brid.gy,YES,Providing you with the Gen Z perspective on all the issues in the news. Click to read The Parnas Per
Aaron Rupar,aaron-rupar,Newsletter - Substack,atrupar.com,https://bsky.app/profile/atrupar.com,YES,"Independent journalist, SnapStream brand ambassador, and publisher of the Public Notice newsletter h"
Adam Klasfeld,adam-klasfeld,Newsletter - Substack,klasfeldreports.com,https://bsky.app/profile/klasfeldreports.com,YES,"Editor in chief of @allrisenews.com. Fearless journalism about the law, your rights, and your powers"
Adam Kucharski,adam-kucharski,Newsletter - Substack,adamjkucharski.bsky.social,https://bsky.app/profile/adamjkucharski.bsky.social,YES,Epidemiologist/mathematician. Professor at London School of Hygiene & Tropical Medicine. Author of T
Adam Mockler,adam-mockler,Video - YouTube,adammockler.com,https://bsky.app/profile/adammockler.com,YES,"22 | 1.8M+ on YouTube | @MeidasTouch.com

Join me now on Substack for more content at AdamMockler.co"
Adam Tooze,adam-tooze,Newsletter - Substack,adamtooze.bsky.social,https://bsky.app/profile/adamtooze.bsky.social,YES,"Chartbook Substack https://adamtooze.substack.com/
OnesandTooze podcast https://foreignpolicy.com/po"
Adrienne Keene,adrienne-keene,Podcast,nativeapprops.bsky.social,https://bsky.app/profile/nativeapprops.bsky.social,YES,ᏥᏣᎳᎩ. Cherokee Nation citizen. Writer/scholar. Tulsa Artist Fellow. Author of Native Appropriations 
Alastair Campbell,alastair-campbell,Video - YouTube,alastaircampbell2.bsky.social,https://bsky.app/profile/alastaircampbell2.bsky.social,YES,"Writer, strategist, co-presenter the U.K. No1 podcast The Rest Is Politics … love Britain hate Brexi"
Alberto Cairo,alberto-cairo,Website,albertocairo.com,https://bsky.app/profile/albertocairo.com,YES,"Designer, journalist, and professor.
Author of 'The Art of Insight' (2023) 'How Charts Lie' (2019), "
Alec Karakatsanis,alec-karakatsanis,Newsletter - Substack,equalityalec.bsky.social,https://bsky.app/profile/equalityalec.bsky.social,YES,"founder, Civil Rights Corps

civil rights lawyer
author of usual cruelty (2019) and 
copaganda (2025"
Alessandra Ram,alessandra-ram,Podcast,alessandraram.bsky.social,https://bsky.app/profile/alessandraram.bsky.social,YES,"journalist 
ceo @goodluckmedia.bsky.social"
Alex Dobrenko,alex-dobrenko,Newsletter - Substack,alexd23.bsky.social,https://bsky.app/profile/alexd23.bsky.social,YES,"Sinner saint no shame. Writer comedian guy. 

head of creative at www.sublime.app

head of writing a"
Alex González Ormerod,alex-gonzlez-ormerod,Social - LinkedIn,alexgonzor.bsky.social,https://bsky.app/profile/alexgonzor.bsky.social,YES,"Editing The Mexico Political Economist—Mexican politics, policy, and markets for a global audience.
"
Alex Heath,alex-heath,Newsletter - Substack,alexeheath.com,https://bsky.app/profile/alexeheath.com,YES,"writing sources.news, co-hosting the Access podcast"
Alex Kantrowitz,alex-kantrowitz,Newsletter - Substack,kantrowitz.bsky.social,https://bsky.app/profile/kantrowitz.bsky.social,YES,"Hello Bluesky! I’m Alex Kantrowitz, host of Big Technology Podcast and author of Big Technology on S"
Alex Konrad,alex-konrad,Newsletter - Substack,alexrkonrad.bsky.social,https://bsky.app/profile/alexrkonrad.bsky.social,YES,"Founder and editor of @upstarts.bsky.social, a tech publication focused on the startup ecosystem. Pr"
Alex Steffen,alex-steffen,Newsletter - Substack,alexsteffen.bsky.social,https://bsky.app/profile/alexsteffen.bsky.social,YES,"Planetary foresight and personal climate strategies.

Courses: https://alexsteffen.thinkific.com/
Po"
Alexander C. Kaufman,alexander-c-kaufman,Newsletter - Substack,alexckaufman.bsky.social,https://bsky.app/profile/alexckaufman.bsky.social,YES,"Reporter. I write about energy, climate, and geopolitics. I'm especially into nuclear power, mineral"
Alexander Russo,alexander-russo,Newsletter - Substack,alexanderrusso.bsky.social,https://bsky.app/profile/alexanderrusso.bsky.social,YES,"Founder @thegrade_ and many other things. Author: Stray Dogs, Saints, and Savors. London-born, Chica"
Alicia Kennedy,alicia-kennedy,Newsletter - Substack,aliciadkennedy.bsky.social,https://bsky.app/profile/aliciadkennedy.bsky.social,YES,Confirmed from brief
Alissa Walker,alissa-walker,Newsletter - Ghost,awalkerinla.bsky.social,https://bsky.app/profile/awalkerinla.bsky.social,YES,I'm a writer and a walker in LA. Tracking the city's megaevent progress at Torched. Co-host LA Podca
Amanda Shendruk,amanda-shendruk,Newsletter - Ghost,ashendruk.com,https://bsky.app/profile/ashendruk.com,YES,"https://www.not-ship.com/

Explaining the world through data and design • Newsletter: Not-Ship •   F"
Anders Puck Nielsen,anders-puck-nielsen,Video - YouTube,anderspucknielsen.dk,https://bsky.app/profile/anderspucknielsen.dk,YES,"Military analyst, naval officer, based in Denmark, mostly #Russia and the war in #Ukraine.

YouTube:"
Andrew Dessler,andrew-dessler,Newsletter - Substack,andrewdessler.com,https://bsky.app/profile/andrewdessler.com,YES,Prof of Atmospheric Sciences & climate scientist @ Texas A&M; AGU and AAAS Fellow; Native Texan; fin
Andrew Gelman,andrew-gelman,Newsletter - Substack,statmodeling.bsky.social,https://bsky.app/profile/statmodeling.bsky.social,YES,"Automatically tweets new posts from http://statmodeling.stat.columbia.edu
Please respond in the comm"
Andrew Gill,andrew-gill,Podcast,andrewgill.biz,https://bsky.app/profile/andrewgill.biz,YES,Podcaster: Rock That Doesn’t Roll w/ @drleahpayne.bsky.social and @SoundOpinions.bsky.social with @j
Andrew Janjigian,andrew-janjigian,Newsletter - Ghost,wordloaf.org,https://bsky.app/profile/wordloaf.org,YES,"bread-pilled

he/him

writing 'Breaducation: The Science and Practice of Bread Baking,' for Ten Spee"
Andrew Montalenti,andrew-montalenti,Website,amontalenti.bsky.social,https://bsky.app/profile/amontalenti.bsky.social,YES,"Founder/CTO. Coding in: Python, JavaScript, Zig. Current startup: PX Systems @ https://px.app. Forme"
Andy Dehnart,andy-dehnart,Newsletter - Other,andydehnart.com,https://bsky.app/profile/andydehnart.com,YES,"Writer, TV critic, creator of realityblurred.com, TCA president, writing coach, husband, cat dad, im"
Angus Hervey,angus-hervey,Newsletter - Substack,angushervey.com,https://bsky.app/profile/angushervey.com,YES,"fixthenews.com
Sharing stories of human progress, environmental restoration, clean energy, and scien"
Anil Dash,anil-dash,Website,anildash.com,https://bsky.app/profile/anildash.com,YES,the internet's uncle • waging a victorious 2-front war against cars and christmas • big fan of being
Anna Pujol-Mazzini,anna-pujol-mazzini,Newsletter - Other,annapujolmazzini.bsky.social,https://bsky.app/profile/annapujolmazzini.bsky.social,YES,Journalist and founder of the good story newsletter to reclaim journalism and nonfiction as tools fo
Anne Helen Petersen,anne-helen-petersen,Newsletter - Other,annehelen.bsky.social,https://bsky.app/profile/annehelen.bsky.social,YES,Author of four books and the CULTURE STUDY newsletter. PhD in celebrity gossip. My dogs are named St
Anya Kamenetz,anya-kamenetz,Newsletter - Substack,anya1anya.bsky.social,https://bsky.app/profile/anya1anya.bsky.social,YES,"Ex-NPR. Writer. New Narratives Fellow, EHRP. Books: Generation Debt, DIY U, The Art of Screen Time, "
Ari Drennen,ari-drennen,Newsletter - Substack,aridrennen.bsky.social,https://bsky.app/profile/aridrennen.bsky.social,YES,Media strategist. Misinformation researcher. Married woman. Former LGBTQ Program Director @MMFA. Fir
Ari Shapiro,ari-shapiro,Newsletter - Substack,ari-shapiro.bsky.social,https://bsky.app/profile/ari-shapiro.bsky.social,YES,"📻: All Things Considered & Consider This on NPR
📺: The Mole on Netflix
📖: The Best Strangers In the "
Ashlee Vance,ashlee-vance,Newsletter - Substack,ashleevance.bsky.social,https://bsky.app/profile/ashleevance.bsky.social,YES,"Reporter. Author. Filmmaker
www.corememory.com"
Austin Kocher,austin-kocher,Newsletter - Substack,austinkocher.com,https://bsky.app/profile/austinkocher.com,YES,I study immigration enforcement. Assistant Professor at Syracuse University and Research Fellow at t
Azi Paybarah,azi-paybarah,Newsletter - Substack,azipaybarah.bsky.social,https://bsky.app/profile/azipaybarah.bsky.social,YES,"🗳️I’m a national reporter with The Washington Post, covering campaigns and breaking political news. "
Baxstar Jonmarie Ferguson,baxstar-jonmarie-ferguson,Newsletter - Beehiiv,bjthehetheygay.ca,https://bsky.app/profile/bjthehetheygay.ca,YES,"(gender+neuro)queer writer, researcher, aspiring novelist. white 🇨🇦 immigrant in 🇲🇽. animist. anarch"
Ben Whitelaw,ben-whitelaw,Podcast,benwhitelaw.bsky.social,https://bsky.app/profile/benwhitelaw.bsky.social,YES,Founder and editor of everythinginmoderation.co. Co-host & writer of ctrlaltspeech.com puns. Media c
Bill Bishop,bill-bishop,Newsletter - Substack,billbishop.bsky.social,https://bsky.app/profile/billbishop.bsky.social,YES,"Writes Sinocism, @niubi on Twitter, https://sinocism.com "
Bill McBride,bill-mcbride,Newsletter - Substack,calculatedrisk.bsky.social,https://bsky.app/profile/calculatedrisk.bsky.social,YES,Author of Calculated Risk Real Estate Newsletter at http://calculatedrisk.substack.com and Economic 
Bill Spindle,bill-spindle,Newsletter - Substack,billspindle.bsky.social,https://bsky.app/profile/billspindle.bsky.social,YES,The Energy Adventure(r) on Substack. Ex-senior global correspondent for Cipher News. Former WSJ Japa
Brett Cooper,brett-cooper,Newsletter - Beehiiv,brettcooperrp.bsky.social,https://bsky.app/profile/brettcooperrp.bsky.social,YES,"Roleplay / Parody account ..  Not the views of the writer.  NSFW , Bisexual muse.  She/Her."
Brett Kollmann,brett-kollmann,Video - YouTube,brettkollmann.bsky.social,https://bsky.app/profile/brettkollmann.bsky.social,YES,"Creator of All Thirty Two
Co-Host of the Bootleg Football Podcast.
https://www.youtube.com/c/brettko"
Brian Hansbury,brian-hansbury,Newsletter - Substack,brianhansbury.bsky.social,https://bsky.app/profile/brianhansbury.bsky.social,YES,"Information nutritionist.
Creator: publicenlightenment.com
Co-founder: @mediaanddemocracy.bsky.socia"
Brian Reed,brian-reed,Podcast,brihreed.bsky.social,https://bsky.app/profile/brihreed.bsky.social,YES,"Host of Question Everything from KCRW and Placement Theory: lnk.to/khCBOC

Co-founder of Placement T"
Brian Tyler Cohen,brian-tyler-cohen,Video - YouTube,briantylercohen.bsky.social,https://bsky.app/profile/briantylercohen.bsky.social,YES,"Political commentary. Over 3 billion views on YouTube. #1 NYT bestselling author. Past: MSNBC

https"
Bryan Anderson,bryan-anderson,Newsletter - Substack,bryanranderson.bsky.social,https://bsky.app/profile/bryanranderson.bsky.social,YES,"NC Politics Reporter for The Assembly, #AndersonAlerts creator, aka ""Buzzkill Bryan."" Tips? Inquirie"
Bryan Schott,bryan-schott,Newsletter - Ghost,schotthappens.com,https://bsky.app/profile/schotthappens.com,YES,"Publisher/Managing Editor - Utah Political Watch

📝 I write about politics. Sometimes it goes well. "
Caitlin Johnstone,caitlin-johnstone,Newsletter - Substack,caitoz.bsky.social,https://bsky.app/profile/caitoz.bsky.social,YES,"100% reader-funded. All works free to republish/use/translate. All works co-authored by Tim Foley.
h"
Caitlin Rivers,caitlin-rivers,Newsletter - Substack,cmyeaton.bsky.social,https://bsky.app/profile/cmyeaton.bsky.social,YES,Infectious disease epidemiologist @JohnsHopkinsSPH. Associate professor. Author of CRISIS AVERTED (V
Caleb Hammer,caleb-hammer,Video - YouTube,chipmonkfunk.bsky.social,https://bsky.app/profile/chipmonkfunk.bsky.social,YES,"I don't really care about Caleb Hammer. MTG, Texans fan, Rockets fan, and love learning but I'm pret"
Cam Rodriguez,cam-rodriguez,Newsletter - Other,camrodriguez.bsky.social,https://bsky.app/profile/camrodriguez.bsky.social,YES,"meddling kid / journalist. map nerd, midwest defender, chicago fanatic. 🇲🇽🇺🇲. data @wbez.org & reque"
Candace Owens,candace-owens,Video - YouTube,realcandaceowens.bsky.social,https://bsky.app/profile/realcandaceowens.bsky.social,YES,The Candace podcast returns June 10th. Be sure to subscribe to the NEW YouTube channel!
Carla Zanoni,carla-zanoni,Newsletter - Substack,carlazanoni.bsky.social,https://bsky.app/profile/carlazanoni.bsky.social,YES,"Poet/journalist/immigrant — Knowing/Saber author, working on literary memoir. Lead MA in engagement "
Casey Newton,casey-newton,Newsletter - Ghost,caseynewton.bsky.social,https://bsky.app/profile/caseynewton.bsky.social,YES,Email salesman at Platformer.news and co-host at Hard Fork.
Catherine Herridge,catherine-herridge,Newsletter - Beehiiv,catherineherridge.bsky.social,https://bsky.app/profile/catherineherridge.bsky.social,YES,"Emmy  winning investigative journalist. Telling the stories I could not tell before, where facts hav"
Charlotte Clymer,charlotte-clymer,Newsletter - Substack,charlotteclymer.bsky.social,https://bsky.app/profile/charlotteclymer.bsky.social,YES,Writer. Lesbian. Texan. Veteran. Hoya. Jesus Fan. She. | cmclymer@gmail.com | I write about politics
Charlotte Wilder,charlotte-wilder,Newsletter - Substack,thewilderthings.bsky.social,https://bsky.app/profile/thewilderthings.bsky.social,YES,"1/2 of The Sports Gossip Show
sportsgossipshow.bsky.social
Writer at thewilderthings.substack.com"
Cheryl Rofer,cheryl-rofer,Website,cherylrofer.bsky.social,https://bsky.app/profile/cherylrofer.bsky.social,YES,"Retired nuclear scientist. Worked in Estonia, Kazakhstan, and Los Alamos.

Posting on nuclear issues"
Chloe Cockburn,chloe-cockburn,Newsletter - Substack,chloecockburn.bsky.social,https://bsky.app/profile/chloecockburn.bsky.social,YES,"Advising donors on where to give money to end mass incarceration. Lawyer, painter, movement nerd.  S"
Chris Cillizza,chris-cillizza,Newsletter - Substack,chriscillizza.bsky.social,https://bsky.app/profile/chriscillizza.bsky.social,YES,Former WaPo. Former CNN. Now: Independent political journalist writing at Substack (chriscillizza.su
Chris Dixon,chris-dixon,Social - Twitter / X,00chrisdixon00.bsky.social,https://bsky.app/profile/00chrisdixon00.bsky.social,YES,Degenerate mute
Chris Geidner,chris-geidner,Newsletter - Substack,chrisgeidner.bsky.social,https://bsky.app/profile/chrisgeidner.bsky.social,YES,Subscribe to www.lawdork.com for SCOTUS and other legal news. / lawdorknews@gmail.com / Signal: crg.
Chris Hutton,chris-hutton,Newsletter - Beehiiv,newsnerd.bsky.social,https://bsky.app/profile/newsnerd.bsky.social,YES,"I'm a 33-year-old journalist obsessed with religion, technology, and other topics. I run a newslette"
Chris La Tray,chris-la-tray,Newsletter - Substack,chrislatray.bsky.social,https://bsky.app/profile/chrislatray.bsky.social,YES,"Chris La Tray (Little Shell Chippewa) writes the newsletter ""An Irritable Métis"" and lives near Fren"
Chris Mooney,chris-mooney,Newsletter - Substack,chriscmooney.bsky.social,https://bsky.app/profile/chriscmooney.bsky.social,YES,"Climate journalist, teacher, professor of practice @uvaenvironment.bsky.social. Former WaPo climate "
Chris Richards,chris-richards,Newsletter - Substack,chrisrichards.bsky.social,https://bsky.app/profile/chrisrichards.bsky.social,YES,Reccos/rants/prayers/curses at thefutureisourstomake.substack.com
Christopher Curtis,christopher-curtis,Website,titocurtis.bsky.social,https://bsky.app/profile/titocurtis.bsky.social,YES,"Journalist and co-founder of TheRover.ca
Trying to be a good neighbour and dad. And maybe take the t"
CJ Gustafson,cj-gustafson,Newsletter - Beehiiv,cjgustafson.bsky.social,https://bsky.app/profile/cjgustafson.bsky.social,YES,"Tech CFO | Miller Lite Enthusiast

Writer of mostlymetrics.com 

Podcaster of Run the Numbers

https"
Clara Soteras,clara-soteras,Website,clarasoteras.com,https://bsky.app/profile/clarasoteras.com,YES,👩🏼‍💻SEO Consultant for News Publishers |💡Head of Innovation and Digital Strategy AMIC | 📚Associate P
Claudia Sahm,claudia-sahm,Newsletter - Substack,claudia-sahm.bsky.social,https://bsky.app/profile/claudia-sahm.bsky.social,YES,"macro, fiscal, Fed. creator of the Sahm rule recession indicator. Stay-At-Home Macro (SAHM) Substack"
Codie Sanchez,codie-sanchez,Video - YouTube,codiesanchez.bsky.social,https://bsky.app/profile/codiesanchez.bsky.social,YES,We should own our communities. Taking back Main Street | https://amzn.to/4hVE992
Corey Hutchins,corey-hutchins,Newsletter - Substack,coreyhutchins.bsky.social,https://bsky.app/profile/coreyhutchins.bsky.social,YES,Run: Colorado College Journalism Institute Write: ‘Inside the News in Colorado’ newsletter https://c
Cori Hanna,cori-hanna,Video - TikTok,coriinthecity.bsky.social,https://bsky.app/profile/coriinthecity.bsky.social,YES,"Chicagoland foodie & creator🏙️
You’ve probably seen me on TikTok or IG!"
Cornelia Poku,cornelia-poku,Video - TikTok,bgexploredc.bsky.social,https://bsky.app/profile/bgexploredc.bsky.social,YES,"DMV foodie journalist. You can read my work on @The51st, @resy,  @thisisinsider and more. Follow me "
Cory Doctorow,cory-doctorow,Website,doctorow.pluralistic.net,https://bsky.app/profile/doctorow.pluralistic.net,YES,"I post long threads. Writer (sf novels, etc); blogger (pluralistic.net); activist (eff.org). Latest "
Craig Calcaterra,craig-calcaterra,Newsletter - Substack,craigcalcaterra.bsky.social,https://bsky.app/profile/craigcalcaterra.bsky.social,YES,"I write Cup of Coffee, a daily baseball, politics, entertainment, and nonsense newsletter: https://w"
Craig Mod,craig-mod,Newsletter - Other,craigmod.com,https://bsky.app/profile/craigmod.com,YES,"Writer & photographer. Japan based for 20+ years. 

Author of Things Become Other Things (Random Hou"
Craig Silverman,craig-silverman,Newsletter - Beehiiv,craigsilverman.bsky.social,https://bsky.app/profile/craigsilverman.bsky.social,YES,"Cofounder of https://indicator.media, your essential guide to understanding and investigating digita"
Dan Blumberg,dan-blumberg,Podcast,dblums.bsky.social,https://bsky.app/profile/dblums.bsky.social,YES,Host of Future Around & Find Out. Honored 3x by The Webby Awards as a top tech podcast 👉 futurearoun
Dan Frommer,dan-frommer,Newsletter - Other,fromedome.bsky.social,https://bsky.app/profile/fromedome.bsky.social,YES,"Writer, designer, explorer. Founder of @newconsumer.com: https://newconsumer.com/"
Dan Froomkin,dan-froomkin,Website,froomkin.bsky.social,https://bsky.app/profile/froomkin.bsky.social,YES,Editor of Press Watch (https://presswatchers.org) and Heads Up News (http://headsupnews.org). Ex-Was
Dan Harris,dan-harris,Newsletter - Substack,danharriscan.bsky.social,https://bsky.app/profile/danharriscan.bsky.social,YES,"X-Canadian Member of Parliament 4 Scarborough Southwest.
Francophone, Father, Gamer/Geek/Nerd/Lego/P"
Dan Shafer,dan-shafer,Newsletter - Substack,danshafer.bsky.social,https://bsky.app/profile/danshafer.bsky.social,YES,"Founding editor, The Recombobulation Area. Contributing Editor, Civic Media. Exhausted Dad. Milwauke"
Daniel Larison,daniel-larison,Newsletter - Substack,daniellarison.bsky.social,https://bsky.app/profile/daniellarison.bsky.social,YES,"Writer at Eunomia, Responsible Statecraft, and Antiwar
daniellarison.substack.com
"
Daniel Rothberg,daniel-rothberg,Newsletter - Substack,danielrothberg.bsky.social,https://bsky.app/profile/danielrothberg.bsky.social,YES,Writing about (ground)water in the West on Substack and elsewhere • Master's student @ UC Davis • in
Dave Cantor,dave-cantor,Newsletter - Substack,davecantor.bsky.social,https://bsky.app/profile/davecantor.bsky.social,YES,"Reporter + Editor | Digital + Audio
redonionva.substack.com"
David Cay Johnston,david-cay-johnston,Website,davidcayjohnston.bsky.social,https://bsky.app/profile/davidcayjohnston.bsky.social,YES,"Rochester Institute of Technology professor of practice: law, criminal justice, journalism & politic"
David Crook,david-crook,Website,davidcrooknyc.bsky.social,https://bsky.app/profile/davidcrooknyc.bsky.social,YES,"Husband. Father. Journalist. Dog Walker. Creative. Experienced. Witty. Editor, Kiplinger Retirement "
David Lat,david-lat,Newsletter - Substack,davidlat.bsky.social,https://bsky.app/profile/davidlat.bsky.social,YES,"Lawyer turned writer, speaker, and podcaster: Original Jurisdiction, http://davidlat.substack.com. A"
David Pepper,david-pepper,Newsletter - Substack,davidpepperoh.bsky.social,https://bsky.app/profile/davidpepperoh.bsky.social,YES,"Jack and Charlie’s dad, Alana’s husband. Cincy native. Running for Lieutenant Governor alongside @am"
David Roberts,david-roberts,Newsletter - Substack,volts.wtf,https://bsky.app/profile/volts.wtf,YES,I run a newsletter/podcast called Volts about clean energy & politics. Subscribe & join the communit
David Sirota,david-sirota,Newsletter - Ghost,davidsirota.com,https://bsky.app/profile/davidsirota.com,YES,"Founder/editor-in-chief, @LeverNews.com; Oscar-nominated for Don't Look Up. Spouse of @emilyforco.bs"
David Wildstein,david-wildstein,Website,wildstein.bsky.social,https://bsky.app/profile/wildstein.bsky.social,YES,"Editor, New Jersey Globe"
Derek Guy,derek-guy,Video - Instagram,dieworkwear.bsky.social,https://bsky.app/profile/dieworkwear.bsky.social,YES,"Menswear writer. Editor at Put This On. Words at The New York Times, The Washington Post, The Financ"
Diana Butler Bass,diana-butler-bass,Newsletter - Substack,dianabutlerbass.bsky.social,https://bsky.app/profile/dianabutlerbass.bsky.social,YES,"Author - ""A Beautiful Year"" and 11 other books on faith, culture, politics & history. Duke PhD. Myri"
Dino-Ray Ramos,dino-ray-ramos,Website,dinoray.bsky.social,https://bsky.app/profile/dinoray.bsky.social,YES,Journalism is dead. I am a journalist. QPOC. DIASPORA founder (thediasporatimes.com) Always working 
Doug Shapiro,doug-shapiro,Newsletter - Substack,dougshapiro.bsky.social,https://bsky.app/profile/dougshapiro.bsky.social,YES,Leading values: Kindness & Integrity
Dr. Becky Smethurst,dr-becky-smethurst,Video - YouTube,drbecky.bsky.social,https://bsky.app/profile/drbecky.bsky.social,YES,Astrophysicist studying how supermassive black holes affect galaxies (s/h). I get overly enthusiasti
Dr. Jen Gunter,dr-jen-gunter,Newsletter - Substack,drjengunter.bsky.social,https://bsky.app/profile/drjengunter.bsky.social,YES,"Doctor, writer, Canadian Spice, lasso of truth, I speak for no one but me. 2X NYT bestsellers. More "
Dylan Page,dylan-page,Video - TikTok,dylan-page.bsky.social,https://bsky.app/profile/dylan-page.bsky.social,YES,"NEWS DADDY
#1 News Account On BlueSky
Collabs@newsdaddy.co.uk"
Emilie Raguso,emilie-raguso,Newsletter - Ghost,emilieraguso.com,https://bsky.app/profile/emilieraguso.com,YES,Public safety reporter. Founder: @berkeleyscanner.com
Emily Sanders,emily-sanders,Newsletter - Substack,emdashsanders.bsky.social,https://bsky.app/profile/emdashsanders.bsky.social,YES,"Covering fossil fuel disinfo & climate accountability for ExxonKnews, a reporting project of the Cen"
Eric Blanc,eric-blanc,Newsletter - Substack,ericblanc.bsky.social,https://bsky.app/profile/ericblanc.bsky.social,YES,"
author We are the Union: How Worker-to-Worker Organizing is Revitalizing Labor and Winning Big

www"
Eric Newcomer,eric-newcomer,Newsletter - Substack,ericnewcomer.bsky.social,https://bsky.app/profile/ericnewcomer.bsky.social,YES,"Founder + author of Newcomer – a startups and VC newsletter & events company. 

Host summits, includ"
Eric Zorn,eric-zorn,Newsletter - Substack,ericzorn.bsky.social,https://bsky.app/profile/ericzorn.bsky.social,YES,"Editor of the Picayune Sentinel, former Chicago Tribune columnist, aspiring boulevardier, old time f"
Erin Reed,erin-reed,Newsletter - Substack,erininthemorning.com,https://bsky.app/profile/erininthemorning.com,YES,Confirmed from brief
Errol Schweizer,errol-schweizer,Newsletter - Substack,grocerynerd.bsky.social,https://bsky.app/profile/grocerynerd.bsky.social,YES,Grocery lifer. Bronx boy. Occasional Texan. #GroceryUpdate published weekly: https://open.substack.c
Ethan Mollick,ethan-mollick,Newsletter - Substack,emollick.bsky.social,https://bsky.app/profile/emollick.bsky.social,YES,"Professor at Wharton, studying AI and its implications for education, entrepreneurship, and work. Au"
Eva Schulz,eva-schulz,Video - Instagram,evaschulz.bsky.social,https://bsky.app/profile/evaschulz.bsky.social,YES,"Ich berichte über Politik & interviewe inspirierende Menschen bei #Deutschland3000

instagram.com/ev"
Evan George,evan-george,Video - TikTok,bostopianews.bsky.social,https://bsky.app/profile/bostopianews.bsky.social,YES,Boston Local News: Podcast/Tiktok/Instagram. http://www.patreon.com/BostopiaNews. @Boston_DSA. @DotN
Francesca Fiorentini,francesca-fiorentini,Video - YouTube,franifio.bsky.social,https://bsky.app/profile/franifio.bsky.social,YES,"Chinese-Italian Scallion • Correspondent, comedian • Host of The Bitchuation Room Podcast on YouTube"
Frank Shyong,frank-shyong,Newsletter - Substack,frankshyong.bsky.social,https://bsky.app/profile/frankshyong.bsky.social,YES,"Journalist, most recently as a columnist for the LA Times. I write about food, culture, neighborhood"
Garnet Henderson,garnet-henderson,Newsletter - Ghost,garnethenderson.com,https://bsky.app/profile/garnethenderson.com,YES,"Cofounder @autonomynews.co. Investigative reporter and researcher: abortion, reproductive justice, d"
Garrett Bucks,garrett-bucks,Newsletter - Substack,garrettbucks.bsky.social,https://bsky.app/profile/garrettbucks.bsky.social,YES,Writer/Organizer/Hopemonger. Read The White Pages (please) (https://thewhitepages.net). From Montana
Garrett Graff,garrett-graff,Newsletter - Beehiiv,vermontgmg.bsky.social,https://bsky.app/profile/vermontgmg.bsky.social,YES,Confirmed from brief
Gary Marcus,gary-marcus,Newsletter - Substack,garymarcus.bsky.social,https://bsky.app/profile/garymarcus.bsky.social,YES,"AI and cognitive science, Founder and CEO (Geometric Intelligence, acquired by Uber). 8 books includ"
Gene Weingarten,gene-weingarten,Newsletter - Substack,geneweingarten.bsky.social,https://bsky.app/profile/geneweingarten.bsky.social,YES,"Former Wapo humor columnist, current writer, cartoonist, and misanthrope."
Gillian Morris,gillian-morris,Newsletter - Substack,gillian.bsky.social,https://bsky.app/profile/gillian.bsky.social,YES,"Tech founder turned Substack writer, what a cliché. https://tiny.cc/supernuclear "
Glenn Kessler,glenn-kessler,Newsletter - Substack,glennkessler.bsky.social,https://bsky.app/profile/glennkessler.bsky.social,YES,Author. Find me on Substack at https://glennkessler.substack.com/
Grady Hillhouse,grady-hillhouse,Website,gradyhillhouse.bsky.social,https://bsky.app/profile/gradyhillhouse.bsky.social,YES,"Civil Engineer, Author, Infrastructure Enthusiast
YouTube: Practical Engineering"
Grant Hermes,grant-hermes,Newsletter - Substack,granthermes.bsky.social,https://bsky.app/profile/granthermes.bsky.social,YES,AP Award-winning anchor & politics reporter. Host of @mimsnewspod — breaking down what’s really happ
Greg Nix,greg-nix,Newsletter - Substack,chortle.blog,https://bsky.app/profile/chortle.blog,YES,"Head Hog @ Chortle Blog
www.chortle.blog"
Greg Palast,greg-palast,Website,gregpalast.bsky.social,https://bsky.app/profile/gregpalast.bsky.social,YES,Investigative journalist/author of the bestsellers Armed Madhouse and The Best Democracy Money Can B
Gregory Foster,gregory-foster,Website,gregoryfoster.bsky.social,https://bsky.app/profile/gregoryfoster.bsky.social,YES,"humbled by redwoods
Founder + Citizen Observer 
@cannabis.observer
"
Hamilton Nolan,hamilton-nolan,Newsletter - Substack,hamiltonnolan.bsky.social,https://bsky.app/profile/hamiltonnolan.bsky.social,YES,Confirmed from brief
Hank Green,hank-green,Video - YouTube,hankgreen.bsky.social,https://bsky.app/profile/hankgreen.bsky.social,YES,Long Time Internet Guy
Hanna Raskin,hanna-raskin,Website,hannaraskin.bsky.social,https://bsky.app/profile/hannaraskin.bsky.social,YES,"Founder of The Food Section, an award-winning daily newsletter for readers who want to better unders"
Hannah Ritchie,hannah-ritchie,Newsletter - Substack,hannahritchie.bsky.social,https://bsky.app/profile/hannahritchie.bsky.social,YES,"Deputy Editor, Our World in Data
Senior Researcher, University of Oxford

Climate, energy, environme"
Hasan Minhaj,hasan-minhaj,Video - Instagram,hasanminhaj.com,https://bsky.app/profile/hasanminhaj.com,YES,"OFF WITH HIS HEAD now streaming on NETFLIX 👇🏾
www.netflix.com/browse?jbv=81776083

HASAN MINHAJ DOES"
Helena Bottemiller Evich,helena-bottemiller-evich,Newsletter - Other,hbottemiller.bsky.social,https://bsky.app/profile/hbottemiller.bsky.social,YES,I write a must-read newsletter on all things food policy - for consumers and insiders alike. Get on 
Holly Korbey,holly-korbey,Newsletter - Substack,hollykorbey.bsky.social,https://bsky.app/profile/hollykorbey.bsky.social,YES,"Education journalist @ The 74, The Hechinger Report, TES, more. Author of Building Better Citizens. "
Hope King,hope-king,Video - YouTube,hopeking.bsky.social,https://bsky.app/profile/hopeking.bsky.social,YES,"Journalist at Axios
https://www.axios.com/authors/hking

Co-founder and host of THKS, the 1st Asian "
Hugo Travers,hugo-travers,Video - YouTube,hugotravers.bsky.social,https://bsky.app/profile/hugotravers.bsky.social,YES,Fondateur - HugoDécrypte
Hunter Harris,hunter-harris,Newsletter - Substack,hunterh.bsky.social,https://bsky.app/profile/hunterh.bsky.social,YES,"writes a newsletter called hung up / formerly gossip girl, nymag"
Ian Cutress,ian-cutress,Video - YouTube,morethanmoore.substack.com.web.brid.gy,https://bsky.app/profile/morethanmoore.substack.com.web.brid.gy,YES,"The latest in semiconductors: silicon, AI, processors, market trends. Click to read More Than Moore,"
Igor Studenkov,igor-studenkov,Newsletter - Substack,strannikreb45.bsky.social,https://bsky.app/profile/strannikreb45.bsky.social,YES,"Journalist, photographer, activist. I run Chicago Media Journal."
Imara Jones,imara-jones,Podcast,imarajones.bsky.social,https://bsky.app/profile/imarajones.bsky.social,YES,Journalist and CEO of TransLash Media. Time100 Honoree. Holding up the light so we can face what’s a
Internal Tech Emails,internal-tech-emails,Newsletter - Substack,techemails.bsky.social,https://bsky.app/profile/techemails.bsky.social,YES,Internal tech industry emails that surface in public records. 🔍 https://techemails.com
Isabelle Roughol,isabelle-roughol,Podcast,isabelleroughol.com,https://bsky.app/profile/isabelleroughol.com,YES,"https://trustfnd.com/isabelle.roughol
Founder & host, Broad History | Indie media executive | Storyt"
Jack Schneider,jack-schneider,Podcast,jackschneider.bsky.social,https://bsky.app/profile/jackschneider.bsky.social,YES,professor at umass.edu | co-host of haveyouheardpodcast.com | director of umass.edu/education/organi
Jacob Donnelly,jacob-donnelly,Newsletter - Other,jaycodon.bsky.social,https://bsky.app/profile/jaycodon.bsky.social,YES,Founder of @amediaoperator.com - sign up for newsletter at amediaoperator.com
Jacob Simon,jacob-simon,Newsletter - Substack,jacobsimonsays.bsky.social,https://bsky.app/profile/jacobsimonsays.bsky.social,YES,"🪴Good stories for a breath of fresh air
📍Brooklyn, New York
📧 jacob@jacobsimonsays.com
👇All story so"
Jae-Ha Kim,jae-ha-kim,Website,jaehakim.com,https://bsky.app/profile/jaehakim.com,YES,"📰 Syndicated 기자 | Tribune Content Agency
🗣️ Culture | Rolling Stone, NPR, Salon, TeenVogue, TODAY
📺V"
Jake Broe,jake-broe,Video - YouTube,realjakebroe.bsky.social,https://bsky.app/profile/realjakebroe.bsky.social,YES,"Fmr. Nuclear & Missile Operations Officer US Air Force 🇺🇸 🇺🇦 ~ 
YouTuber ~ 600,000+ Subscribers ~
Ke"
James Fallows,james-fallows,Newsletter - Substack,jfallows.bsky.social,https://bsky.app/profile/jfallows.bsky.social,YES,Reporter and writer: https://fallows.substack.com/ and https://www.ourtownsfoundation.org/ One-time 
Jamie Dupree,jamie-dupree,Newsletter - Substack,jamiedupree.bsky.social,https://bsky.app/profile/jamiedupree.bsky.social,YES,The Trump DOJ called me a 'dope.' I write the 'Regular Order' newsletter and have covered Congress s
Jamison Foser,jamison-foser,Newsletter - Ghost,jamisonfoser.bsky.social,https://bsky.app/profile/jamisonfoser.bsky.social,YES,"Political consultant, media critic, and longtime Cassandra. 
www.findinggravity.net"
Janko Roettgers,janko-roettgers,Newsletter - Beehiiv,jank0.bsky.social,https://bsky.app/profile/jank0.bsky.social,YES,"Reporter, covering streaming, AR, VR etc. Writing a weekly newsletter at www.lowpass.cc. "
Jared Keller,jared-keller,Newsletter - Substack,laserwars.net,https://bsky.app/profile/laserwars.net,YES,Former journalist now working in strategic comms. Formerly @jaredbkeller on Twitter. Your school has
Jason Crawford,jason-crawford,Newsletter - Substack,jasoncrawford.org,https://bsky.app/profile/jasoncrawford.org,YES,The Roots of Progress (rootsofprogress.org)
Jason Del Rey,jason-del-rey,Newsletter - Beehiiv,jasondelrey.bsky.social,https://bsky.app/profile/jasondelrey.bsky.social,YES,"Founder and author of The Aisle newsletter, covering the AI era of commerce. Cochair of Brainstorm T"
Jathan Sadowski,jathan-sadowski,Podcast,jathansadowski.com,https://bsky.app/profile/jathansadowski.com,YES,ARC Future Fellow – Monash University /// co-host – This Machine Kills /// critical insurance tech +
JD Shadel,jd-shadel,Newsletter - Ghost,jdshadel.com,https://bsky.app/profile/jdshadel.com,YES,"💌 Join the only lifestyle newsletter on the internet ;-) www.esckey.co

Chief Editorial Officer at n"
Jean Guerrero,jean-guerrero,Newsletter - Substack,jeanguerre.bsky.social,https://bsky.app/profile/jeanguerre.bsky.social,YES,"Contributing Opinion Writer a the New York Times. Author of ""Hatemonger"" and ""Crux.""

https://ouruns"
Jean Massiet,jean-massiet,Video - Twitch,jeanmassiet.bsky.social,https://bsky.app/profile/jeanmassiet.bsky.social,YES,"Streamer politique sur #Twitch depuis 2015. 
Co-Producteur, animateur et diffuseur de l'émission BAC"
Jeff Asher,jeff-asher,Newsletter - Substack,jeffasher.bsky.social,https://bsky.app/profile/jeffasher.bsky.social,YES,Co-Founder AH Datalytics. NOLA kid. Longhorn.  Former CIA officer. 2004 Intramural Softball Champion
Jeff Benjamin,jeff-benjamin,Newsletter - Beehiiv,jeffbenjamin.bsky.social,https://bsky.app/profile/jeffbenjamin.bsky.social,YES,"Multi-award winning music journalist, K-pop columnist, host and curator. Words in Billboard, Rolling"
Jeffrey Bellone,jeffrey-bellone,Newsletter - Substack,jeffreybellone.bsky.social,https://bsky.app/profile/jeffreybellone.bsky.social,YES,"Mets Fix • Knicks Film School • Isles Fix
Get your fix: https://themetropolitan.substack.com/"
Jeffrey Lewis,jeffrey-lewis,Website,armscontrolwonk.bsky.social,https://bsky.app/profile/armscontrolwonk.bsky.social,YES,"Professor at the Middlebury Institute, member of the National Academies Committee on International S"
Jeffrey Seglin,jeffrey-seglin,Website,jseglin.bsky.social,https://bsky.app/profile/jseglin.bsky.social,YES,"Senior Lecturer, Emeritus, Harvard Kennedy School. Columnist, editor, teacher. The Right Thing colum"
Jen Roberts,jen-roberts,Newsletter - Substack,jenrobertsuk.bsky.social,https://bsky.app/profile/jenrobertsuk.bsky.social,YES,"Impresario - Society of the Golden Slippers.
Writer - Tech/Arts.
PhD in progress - Rethinking the be"
Jenn Budd,jenn-budd,Newsletter - Substack,jennbudd.bsky.social,https://bsky.app/profile/jennbudd.bsky.social,YES,Author of Against the Wall. HBO documentary Critical Incident. https://jennbudd.net/
Jenn Dowd,jenn-dowd,Newsletter - Substack,drjenndowd.bsky.social,https://bsky.app/profile/drjenndowd.bsky.social,YES,"Prof of Demography & Population Health @oxforddemsci.bsky.social | Mortality, Epidemiology, Infectio"
Jennifer Berkshire,jennifer-berkshire,Podcast,jenniferberkshire.bsky.social,https://bsky.app/profile/jenniferberkshire.bsky.social,YES,Podcasting about education policy and politics at haveyouheardpodcast.com | Latest book: The Educati
Jenny Lawson,jenny-lawson,Website,thebloggess.bsky.social,https://bsky.app/profile/thebloggess.bsky.social,YES,"Author, blogger, proprietress of Nowhere Bookshop, loose cannon.  "
Jeremy Faust,jeremy-faust,Newsletter - Substack,jeremyfaust.bsky.social,https://bsky.app/profile/jeremyfaust.bsky.social,YES,"ER doctor at Brigham and Women's in Boston, Harvard Medical School.

Words in: NY Times, WaPo, Atlan"
Jeremy Klaszus,jeremy-klaszus,Website,klaszus.bsky.social,https://bsky.app/profile/klaszus.bsky.social,YES,Founder and editor of @sprawlcalgary.bsky.social. Publishing slow news for curious Calgarians. I als
Jeremy Markovich,jeremy-markovich,Newsletter - Other,ncrabbithole.com,https://bsky.app/profile/ncrabbithole.com,YES,"
Journalist in NC
📬 Newsletter: ncrabbithole.com
🎩 Comms and adjunct professor at Wake Forest
🕶 read"
Jeremy Ney,jeremy-ney,Newsletter - Substack,jeremybney.bsky.social,https://bsky.app/profile/jeremybney.bsky.social,YES,"Author of American Inequality, Columbia prof, Former econ policy at Federal Reserve 

📝 americanineq"
Jeremy Scahill,jeremy-scahill,Newsletter - Substack,jeremyscahill.com,https://bsky.app/profile/jeremyscahill.com,YES,Journalist at @DropSiteNews.com. Author of Blackwater and Dirty Wars. Former twitter combatant. Prot
Jeremy Singer-Vine,jeremy-singer-vine,Newsletter - Other,jsvine.com,https://bsky.app/profile/jsvine.com,YES,jsvine.com / data-is-plural.com / data-liberation-project.org
Jerusalem Demsas,jerusalem-demsas,Newsletter - Substack,jerusalem.bsky.social,https://bsky.app/profile/jerusalem.bsky.social,YES,"yes, like the city | Editor TheArgumentMag.com | she/her"
Jesse Brown,jesse-brown,Podcast,jessebrown.bsky.social,https://bsky.app/profile/jessebrown.bsky.social,YES,"Editor & Publisher, Canadaland"
Jessica Defino,jessica-defino,Newsletter - Substack,jessicadefino.skystack.xyz,https://bsky.app/profile/jessicadefino.skystack.xyz,YES,Reporting on the absurd world of beauty culture. / “The newsletter the beauty industry fears.” - the
Jessica Pishko,jessica-pishko,Newsletter - Substack,jesspish.bsky.social,https://bsky.app/profile/jesspish.bsky.social,YES,"she/her 
Book on sheriffs & democracy 
https://www.penguinrandomhouse.com/books/707263/the-highest-l"
Jessica Valenti,jessica-valenti,Newsletter - Substack,jessicavalenti.bsky.social,https://bsky.app/profile/jessicavalenti.bsky.social,YES,Confirmed from brief
Jim Acosta,jim-acosta,Social - Twitter / X,jimacosta.bsky.social,https://bsky.app/profile/jimacosta.bsky.social,YES,"Independent Journalist. Host of “The Jim Acosta Show” on Substack, YouTube and Apple Podcasts: Forme"
Jim Waterson,jim-waterson,Newsletter - Substack,jim.londoncentric.media,https://bsky.app/profile/jim.londoncentric.media,YES,"Journalist. Editor of @londoncentric.media, a modern news outlet covering London in the old-fashione"
JJ McCullough,jj-mccullough,Video - YouTube,jj-mccullough.bsky.social,https://bsky.app/profile/jj-mccullough.bsky.social,YES,Award-winning Canadian YouTube man who has not won any awards.
Joe Doyle,joe-doyle,Website,joedoylemilb.bsky.social,https://bsky.app/profile/joedoylemilb.bsky.social,YES,"Host/Founder: Over-Slot
OverSlotBaseball.com
Previous: MLB Consulting 

Scout School Certified 
Raps"
Joe Posnanski,joe-posnanski,Newsletter - Beehiiv,joeposnanski.com,https://bsky.app/profile/joeposnanski.com,YES,"Writer, author, podcaster, father, husband, juggler and believer in blue skies."
Joe Rogan,joe-rogan,Video - YouTube,joerogantop.bsky.social,https://bsky.app/profile/joerogantop.bsky.social,YES,"Welcome to our channel dedicated to the best cuts from the top podcasts, including highlights from t"
Joey Scott,joey-scott,Video - Instagram,joeyneverjoe.bsky.social,https://bsky.app/profile/joeyneverjoe.bsky.social,YES,"LA-based investigative journalist covering policing, injustice, and inequality. I create job securit"
John Earl,john-earl,Newsletter - Substack,socalwaterwars.bsky.social,https://bsky.app/profile/socalwaterwars.bsky.social,YES,I'm an investigative journalist. Reporting on SoCal water politics for 20 years by exposing bad wate
John Gruber,john-gruber,Website,gruber.foo,https://bsky.app/profile/gruber.foo,YES,I write Daring Fireball and created Markdown.
John Iadarola,john-iadarola,Video - YouTube,johniadarola.bsky.social,https://bsky.app/profile/johniadarola.bsky.social,YES,"Left politics guy, nerd, woodworker, board gamer. Dog aficionado. Host of daily progressive news sho"
Jon Bois,jon-bois,Video - YouTube,jonbois.bsky.social,https://bsky.app/profile/jonbois.bsky.social,YES,"jon

https://www.patreon.com/c/SecretBase
https://www.youtube.com/SecretBaseSBN"
Jonathan Larsen,jonathan-larsen,Newsletter - Substack,jonathanlarsen.bsky.social,https://bsky.app/profile/jonathanlarsen.bsky.social,YES,"Journalist. 
jonathanlarsen.substack.com and thefuckingnews.substack.com"
Jonathan Macri,jonathan-macri,Newsletter - Substack,jonathanmacri.bsky.social,https://bsky.app/profile/jonathanmacri.bsky.social,YES,Dean of Knicks Film School. Girl Dad. Recovering lawyer. Words: knicksfilmschool.substack.com
Jonn Elledge,jonn-elledge,Newsletter - Substack,jonnelledge.bsky.social,https://bsky.app/profile/jonnelledge.bsky.social,YES,"#1 Sunday Times bestselling author, because apparently that matters. New Statesman, New World, Oh Go"
Jordan Schneider,jordan-schneider,Newsletter - Substack,jordanschneider.bsky.social,https://bsky.app/profile/jordanschneider.bsky.social,YES,"Newsletter: http://chinatalk.media join 40k readers 
Podcast: http://link.chtbl.com/chinatalk
Fellow"
Jorge Ramos,jorge-ramos,Social - Twitter / X,jorgerh2o.bsky.social,https://bsky.app/profile/jorgerh2o.bsky.social,YES,Ecology🍃 Natural History🌱 Field Stations @SACNAS @LatinoOutdoors🏕️ @savetheredwoods 🏳️‍🌈 Executive D
Joshua Dairen,joshua-dairen,Video - TikTok,joshuadairen.bsky.social,https://bsky.app/profile/joshuadairen.bsky.social,YES,Paranormal/History content creator on TikTok/IG. Coffee Shop owner.
Joyce Vance,joyce-vance,Newsletter - Substack,joycevance.bsky.social,https://bsky.app/profile/joycevance.bsky.social,YES,Please follow me on my @joycewhitevance account--I somehow ended up with two & will keep this one op
Judd Legum,judd-legum,Newsletter - Substack,juddlegum.bsky.social,https://bsky.app/profile/juddlegum.bsky.social,YES,Confirmed from brief
Julia Barton,julia-barton,Newsletter - Beehiiv,bartona104.bsky.social,https://bsky.app/profile/bartona104.bsky.social,YES,"Editor, podcaster, script and research consultant at RadioWright.com. Nieman Fellow '24, founding ex"
Julia Carpenter,julia-carpenter,Newsletter - Substack,juliaccarpenter.bsky.social,https://bsky.app/profile/juliaccarpenter.bsky.social,YES,"💌 I write a newsletter: A Woman to Know 
📒 I wrote a book: The New Rules of Money 
🖊 I write for pla"
Julie Roys,julie-roys,Website,julieroys.bsky.social,https://bsky.app/profile/julieroys.bsky.social,YES,"Reporting the Truth. Restoring the Church. Christian investigative journalist, author, & podcaster.
"
Julie Vick,julie-vick,Newsletter - Substack,julievickwriter.bsky.social,https://bsky.app/profile/julievickwriter.bsky.social,YES,"Humor writer and author of a humorous advice book for introverted parents. Words in New Yorker, McSw"
Justin Gerdes,justin-gerdes,Newsletter - Ghost,justingerdes.bsky.social,https://bsky.app/profile/justingerdes.bsky.social,YES,I publish the @quittingcarbon.bsky.social newsletter. Subscribe: https://www.quittingcarbonmedia.com
Karen Attiah,karen-attiah,Newsletter - Substack,karenattiah.bsky.social,https://bsky.app/profile/karenattiah.bsky.social,YES,"Fighter. Neo-Swoletariat.  
Ex-Washington Post.
Substack: https://substack.com/@karenattiah?r=2bz6j&"
Karl Bode,karl-bode,Newsletter - Ghost,karlbode.com,https://bsky.app/profile/karlbode.com,YES,"I write about tech, media, politics, and consumer rights.

Subscribe to my newsletter The Fine Print"
Kate Manne,kate-manne,Newsletter - Substack,katemanne.bsky.social,https://bsky.app/profile/katemanne.bsky.social,YES,"Writer and philosophy professor at Cornell. Author of DOWN GIRL, ENTITLED, and UNSHRINKING. Writing "
Kate Morrissey,kate-morrissey,Newsletter - Substack,bgirledukate.bsky.social,https://bsky.app/profile/bgirledukate.bsky.social,YES,Journalist covering the immigration beat at the San Diego-Tijuana border writing Beyond the Border n
Kate Woodsome,kate-woodsome,Newsletter - Substack,kwoodsome.bsky.social,https://bsky.app/profile/kwoodsome.bsky.social,YES,"Founder, Invisible Threads Impact Lab: Saving democracy & our sanity. We blend neuroscience & system"
Katelyn Jetelina,katelyn-jetelina,Newsletter - Substack,kkjetelina.bsky.social,https://bsky.app/profile/kkjetelina.bsky.social,YES,"Epidemiologist, lover of the ocean and ice cream. Mom of two toddlers. Founder of “Your Local Epidem"
Katharine Hayhoe,katharine-hayhoe,Newsletter - Substack,katharinehayhoe.com,https://bsky.app/profile/katharinehayhoe.com,YES,"climate scientist 
posts 100% my own
🇨🇦 is my home

distinguished professor & chair, Texas Tech
chie"
Katie Couric,katie-couric,Video - TikTok,katiecouric.bsky.social,https://bsky.app/profile/katiecouric.bsky.social,YES,"Journalist, co-founder of Stand Up To Cancer, host of Next Question podcast, and co-founder of the e"
Katie Harbath,katie-harbath,Newsletter - Substack,katieharbath.bsky.social,https://bsky.app/profile/katieharbath.bsky.social,YES,Work at intersection of tech and democracy. Fmr Facebook. Newsletter writer: anchorchange.substack.c
Keith Edwards,keith-edwards,Video - YouTube,keithedwards.bsky.social,https://bsky.app/profile/keithedwards.bsky.social,YES,"Democracy enjoyer. YouTuber. Always cold.
✉️: keithsdebateclub@gmail.com

Subscribe: keithedwards.su"
Kim Iversen,kim-iversen,Video - YouTube,kimiversen.bsky.social,https://bsky.app/profile/kimiversen.bsky.social,YES,Politically Independent = I think for myself. Watch The Rumble Exclusive Kim Iversen Show M-F ✉️kim@
Kim Kelly,kim-kelly,Newsletter - Ghost,kimkelly.bsky.social,https://bsky.app/profile/kimkelly.bsky.social,YES,Confirmed from brief
Kim Zetter,kim-zetter,Newsletter - Ghost,kimzetter.bsky.social,https://bsky.app/profile/kimzetter.bsky.social,YES,Journalist - cyber/natn'l security. Speaker. Georgetown adjunct prof. Author - COUNTDOWN TO ZERO DAY
Kristen Panthagani,kristen-panthagani,Newsletter - Substack,kmpanthagani.bsky.social,https://bsky.app/profile/kmpanthagani.bsky.social,YES,Creator of youcanknowthings.com | Emergency Medicine resident | R dataviz nerd | SciComm writer | po
Krystal Ball,krystal-ball,Video - YouTube,krystalball.bsky.social,https://bsky.app/profile/krystalball.bsky.social,YES,Host of Breaking Points and Krystal Kyle & Friends
Kyla Scanlon,kyla-scanlon,Video - TikTok,kyla.bsky.social,https://bsky.app/profile/kyla.bsky.social,YES,"wrote a book called ""in this economy?"" | chair of the federal reserve | writing and youtube @ http:/"
Kyle Hill,kyle-hill,Video - YouTube,khill.bsky.social,https://bsky.app/profile/khill.bsky.social,YES,"Award-winning science educator. Nuclear comms expert. BASILISK Head of education and outreach. 
CFF "
Kyle Tharp,kyle-tharp,Newsletter - Beehiiv,kylewilsontharp.bsky.social,https://bsky.app/profile/kylewilsontharp.bsky.social,YES,"Writer & researcher | Author of Chaotic Era, a newsletter about politics, media, and online influenc"
Laura Belin,laura-belin,Website,laurarbelin.bsky.social,https://bsky.app/profile/laurarbelin.bsky.social,YES,Reporter covering Iowa politics (and sometimes wildflowers) for the progressive website Bleeding Hea
Leah Sottile,leah-sottile,Newsletter - Substack,leahsottile.bsky.social,https://bsky.app/profile/leahsottile.bsky.social,YES,"Independent journalist | Co-founder @thewesternedge.bsky.social 

Books: Blazing Eye Sees All, When "
Lee Fang,lee-fang,Newsletter - Substack,leefang.bsky.social,https://bsky.app/profile/leefang.bsky.social,YES,Independent investigative journalist. www.leefang.com
Leeja Miller,leeja-miller,Video - YouTube,leejamiller.bsky.social,https://bsky.app/profile/leejamiller.bsky.social,YES,"Lawyer, Podcaster. Check out Why, America? with Leeja Miller, every Monday and Wednesday, wherever y"
Lia Haberman,lia-haberman,Newsletter - Substack,liahaberman.bsky.social,https://bsky.app/profile/liahaberman.bsky.social,YES,ICYMI newsletter 💌
Lina Lecaro,lina-lecaro,Newsletter - Substack,linalecaro.bsky.social,https://bsky.app/profile/linalecaro.bsky.social,YES,"Author/Journalist 👄👄👄 Senior Editor @lamag 
#LinaInLA #music #fashion #beauty #film #tv #cultura #LA"
Lindsay Gibbs,lindsay-gibbs,Newsletter - Substack,lindsaygibbs.bsky.social,https://bsky.app/profile/lindsaygibbs.bsky.social,YES,"Author/Founder of Power Plays, a no-BS newsletter about women’s sports. Subscribe here: powerplays.n"
Lisa Bennett,lisa-bennett,Newsletter - Substack,lisabennettwrites.bsky.social,https://bsky.app/profile/lisabennettwrites.bsky.social,YES,Offering mission-driven people capacity-building workshops to help them navigate today's towering ch
Louie Woodall,louie-woodall,Newsletter - Beehiiv,louiewoodall.bsky.social,https://bsky.app/profile/louiewoodall.bsky.social,YES,"Editor of Climate Proof, a publication on climate adaptation tech, finance, and policy, and host of "
Louis Rossmann,louis-rossmann,Video - YouTube,louisrossmann.bsky.social,https://bsky.app/profile/louisrossmann.bsky.social,YES,"This unofficial account celebrates Louis's work on right to repair, tech tutorials, and industry ins"
Lucas Amin,lucas-amin,Newsletter - Substack,lucasamin.bsky.social,https://bsky.app/profile/lucasamin.bsky.social,YES,Award-winning investigative reporter working with @petergeoghegan.bsky.social @ Democracy for Sale. 
M. Nolan Gray,m-nolan-gray,Newsletter - Substack,mnolangray.bsky.social,https://bsky.app/profile/mnolangray.bsky.social,YES,the once and future city planner // YIMBY // AICP // kentuckian in california // #BBN //  author of 
M.G. Siegler,mg-siegler,Website,mgsiegler.com,https://bsky.app/profile/mgsiegler.com,YES,"• Writer of spyglass.org
• Investor in some companies you've heard of (and many you haven't)
• Trave"
Mabel Kabani,mabel-kabani,Video - Instagram,mabelkabani.bsky.social,https://bsky.app/profile/mabelkabani.bsky.social,YES,"Journalist @newsgirlspodcast 
Out every Thursday!⚡️💙"
Maddy Myers,maddy-myers,Newsletter - Ghost,midimyers.com,https://bsky.app/profile/midimyers.com,YES,"Editor-In-Chief of @mothership.blog, podcast co-host of Triple Click and The Mutant Ages. formerly: "
Madeline Hill,madeline-hill,Newsletter - Substack,madelinehill.bsky.social,https://bsky.app/profile/madelinehill.bsky.social,YES,"🏀Sports gossip enthusiast🏀

Co-host of @sportsgossipshow.bsky.social from @theathletic.com
Listen he"
Malia Yoshioka,malia-yoshioka,Website,maliayoshioka.bsky.social,https://bsky.app/profile/maliayoshioka.bsky.social,YES,"🍽😊❤🌍 Freelance food & travel writer, @lonelyplanet co-author (Maui). Slowly eating my way around the"
Marc Rubinstein,marc-rubinstein,Newsletter - Substack,marcruby.bsky.social,https://bsky.app/profile/marcruby.bsky.social,YES,Former hedge fund manager; writes top 10 finance Substack https://www.netinterest.co/ and contributo
Margaret Sullivan,margaret-sullivan,Newsletter - Substack,sulliview.bsky.social,https://bsky.app/profile/sulliview.bsky.social,YES,Columnist at GuardianUS. Author of NEWSROOM CONFIDENTIAL and GHOSTING THE NEWS. (Join me at ‘America
Marianna Limas,marianna-limas,Newsletter - Substack,mnlimas.bsky.social,https://bsky.app/profile/mnlimas.bsky.social,YES,"Founder of the Science Writing News Roundup, a newsletter for science writers and journalists: https"
Marianne Dhenin,marianne-dhenin,Newsletter - Ghost,mariannedhe.bsky.social,https://bsky.app/profile/mariannedhe.bsky.social,YES,"crip journalist, historian, editor, organizer
subscribe to my newsletter: newsletter.mariannedhenin."
Marion Nestle,marion-nestle,Website,marionnestle.bsky.social,https://bsky.app/profile/marionnestle.bsky.social,YES,"Paulette Goddard Professor of Nutrition, Food Studies, & Public Health, New York University, Emerita"
Marisa Kabas,marisa-kabas,Newsletter - Beehiiv,marisakabas.bsky.social,https://bsky.app/profile/marisakabas.bsky.social,YES,"journalist / founder @ thehandbasket.co

email: marisa@thehandbasket.co
signal: https://signal.me/#e"
Mark Hertling,mark-hertling,Newsletter - Substack,markhertling.bsky.social,https://bsky.app/profile/markhertling.bsky.social,YES,"Former soldier. Student of leadership & national security; Professor, author (“If I Don’t Return: A "
Mark Jacob,mark-jacob,Newsletter - Substack,markjacob.bsky.social,https://bsky.app/profile/markjacob.bsky.social,YES,Former metro editor at Chicago Tribune and Sunday editor at Chicago Sun-Times. Co-author of 11 books
Mark Simon,mark-simon,Podcast,marksimon.bsky.social,https://bsky.app/profile/marksimon.bsky.social,YES,"Editorial at Sports Info Solutions    

Host: The Journalism Salute pod.link/journalismsalute

Forme"
Mark Zuckerman,mark-zuckerman,Newsletter - Substack,markzuckerman.bsky.social,https://bsky.app/profile/markzuckerman.bsky.social,YES,"I didn't invent Facebook, but I do cover the Washington Nationals for https://www.natsjournal.com an"
Marques Brownlee,marques-brownlee,Video - YouTube,mkbhd.mbdio.uk,https://bsky.app/profile/mkbhd.mbdio.uk,YES,"Unofficial mirror account of https://x.com/mkbhd from Twitter

Web Video Producer | ⋈ | Pro Ultimate"
Matt Binder,matt-binder,Video - YouTube,mattbinder.bsky.social,https://bsky.app/profile/mattbinder.bsky.social,YES,"Subscribe: 
disruptionist.com
youtube.com/mattbinder"
Matt Brown,matt-brown,Newsletter - Beehiiv,mattbrown.bsky.social,https://bsky.app/profile/mattbrown.bsky.social,YES,"I write Extra Points, a newsletter about off-the-field stories in college sports. I also (badly) mak"
Matt Cameron,matt-cameron,Newsletter - Substack,mattcameron.bsky.social,https://bsky.app/profile/mattcameron.bsky.social,YES,"Fighting ICE since 2006, cohosting @openargs.bsky.social since 2024, playing your piano since 1987. "
Matt Ferrell,matt-ferrell,Video - YouTube,mattferrell.bsky.social,https://bsky.app/profile/mattferrell.bsky.social,YES,Former UI/UX Designer turned YouTuber talking tech. https://undecided.tech/links/
Matt Kiser,matt-kiser,Newsletter - Other,mattkiser.bsky.social,https://bsky.app/profile/mattkiser.bsky.social,YES,Inbox journalist @whatthefuckjusthappenedtoday.com
Matt Pearce,matt-pearce,Newsletter - Substack,mattdpearce.com,https://bsky.app/profile/mattdpearce.com,YES,May the forces of evil become confused on the way to your house. Opinions are my own (but they are c
Max Read,max-read,Newsletter - Substack,maxread.info,https://bsky.app/profile/maxread.info,YES,http://maxread.substack.com
Meghan McCarthy,meghan-mccarthy,Newsletter - Other,meghanmccarthy.bsky.social,https://bsky.app/profile/meghanmccarthy.bsky.social,YES,Founder @Maternie. Free daily newsletter on all things women’s health: maternie.com // Once banned f
Meghann Cuniff,meghann-cuniff,Newsletter - Substack,meghanncuniff.bsky.social,https://bsky.app/profile/meghanncuniff.bsky.social,YES,Legal affairs journalist in Southern California. Follow my work by subscribing to Legal Affairs and 
Mel Buer,mel-buer,Newsletter - Ghost,melbuer.bsky.social,https://bsky.app/profile/melbuer.bsky.social,YES,"LA-based MMJ. Newsguild member.

Work: wordsaboutwork.news | Audio/Visual/Print in The Nation, In Th"
Melissa del Bosque,melissa-del-bosque,Newsletter - Ghost,mdelbosque.bsky.social,https://bsky.app/profile/mdelbosque.bsky.social,YES,"US-Mexico Border Journalist and Author. CoFounder, @theborderchronicle.bsky.social & U.S.-Mex Invest"
Meredith Sell,meredith-sell,Newsletter - Substack,meredithsell.bsky.social,https://bsky.app/profile/meredithsell.bsky.social,YES,"Freelance writer/editor. Accidental gardener. Women's history nerd. Knitter, embroiderer, athlete. I"
Michael Thomas,michael-thomas,Newsletter - Substack,michael-thomas.bsky.social,https://bsky.app/profile/michael-thomas.bsky.social,YES,"I write stories and make videos about climate change. 

Subscribe to the Distilled newsletter and Yo"
Michael Wolff,michael-wolff,Newsletter - Substack,michaelwolffnyc.bsky.social,https://bsky.app/profile/michaelwolffnyc.bsky.social,YES,"Twelve books including five New York Times bestsellers, ""Fire and Fury,"" ""Siege,"" ""Landslide,"" ""The "
Michael Wriston,michael-wriston,Newsletter - Substack,mwriston.bsky.social,https://bsky.app/profile/mwriston.bsky.social,YES,"Social landscape and street portrait photographer based in Baltimore, MD.

Forever enamored by the l"
Michelangelo Signorile,michelangelo-signorile,Newsletter - Substack,msignorile.bsky.social,https://bsky.app/profile/msignorile.bsky.social,YES,"journalist, host of ""The Michelangelo Signorile Show"" on SiriusXM, channel 127,  3-6 ET weekdays   @"
Mick Ryan,mick-ryan,Newsletter - Substack,warinthefuture.bsky.social,https://bsky.app/profile/warinthefuture.bsky.social,YES,"Strategist, Leader & Author | Retd Army Major General | Senior Fellow in Military Studies @LowyInsti"
Mike Butcher,mike-butcher,Newsletter - Beehiiv,mikebutcher.bsky.social,https://bsky.app/profile/mikebutcher.bsky.social,YES,"Founder & Editor, @pathfounders.bsky.social | Formerly @TechCrunch | mike@pathfounders.com | Signal:"
Mike Elgan,mike-elgan,Website,mikeelgan.bsky.social,https://bsky.app/profile/mikeelgan.bsky.social,YES,The world’s only cyberpunk non-fiction writer. SUBSCRIBE TO MY NEWSLETTER FREE!!! ☞︎ ☞︎ ☞︎ https://m
Mike Elk,mike-elk,Website,mikeelk.bsky.social,https://bsky.app/profile/mikeelk.bsky.social,YES,Emmy-nominated labor reporter @PaydayReport often in 🇧🇷.  Alum: @Guardian! Yinzer @UEunion fam. Auti
Mike Shanahan,mike-shanahan,Newsletter - Substack,mikeshanahan.bsky.social,https://bsky.app/profile/mikeshanahan.bsky.social,YES,"Former rainforest biologist, now freelance writer/editor focused on biodiversity, forests, climate, "
Miranda Green,miranda-green,Newsletter - Substack,mirandagreen.bsky.social,https://bsky.app/profile/mirandagreen.bsky.social,YES,"National Reporter. Correspondent for Atmos Mag. Words in BBC, NYMag, NPR.

Read my Substack, Evergre"
Molly Tolsky,molly-tolsky,Video - Instagram,mollytolsky.bsky.social,https://bsky.app/profile/mollytolsky.bsky.social,YES,editor of hey alma and kveller
Molly White,molly-white,Newsletter - Ghost,molly.wiki,https://bsky.app/profile/molly.wiki,YES,writes citationneeded.news • runs @web3isgoinggreat.com and @followthecrypto.org • tech researcher a
Mona Chalabi,mona-chalabi,Video - Instagram,monachalabi.bsky.social,https://bsky.app/profile/monachalabi.bsky.social,YES,
Natalie Wexler,natalie-wexler,Newsletter - Substack,natwexler.bsky.social,https://bsky.app/profile/natwexler.bsky.social,YES,"Author of Beyond the Science of Reading and The Knowledge Gap, co-author of The Writing Revolution. "
Nate Silver,nate-silver,Newsletter - Substack,antinatesilver.bsky.social,https://bsky.app/profile/antinatesilver.bsky.social,YES,DSA-posting
Nathan Tankus,nathan-tankus,Newsletter - Ghost,nathantankus.bsky.social,https://bsky.app/profile/nathantankus.bsky.social,YES,"President of @crisesnotes.bsky.social  (https://www.crisesnotes.com/)

Book: [About Undetermined], u"
Nathan Yau,nathan-yau,Website,flowingdata.com,https://bsky.app/profile/flowingdata.com,YES,"Playing with data, visualizing it for humans at flowingdata.com"
Nick Parish,nick-parish,Newsletter - Ghost,nickparish.bsky.social,https://bsky.app/profile/nickparish.bsky.social,YES,"Author, editor, and angler from the Great Lakes, currently ranging near the Columbia River drainage "
Nika Talbot,nika-talbot,Newsletter - Substack,nikatalbot.bsky.social,https://bsky.app/profile/nikatalbot.bsky.social,YES,"Solo travel fangirl and 80s latchkey kid. I write from life, work as a journo, host a Writers' Café."
Noah Smith,noah-smith,Newsletter - Substack,noahpinion.blog.web.brid.gy,https://bsky.app/profile/noahpinion.blog.web.brid.gy,YES,"Economics and other interesting stuff. Click to read Noahpinion, by Noah Smith, a Substack publicati"
Norm Eisen,norm-eisen,Newsletter - Substack,normeisen.bsky.social,https://bsky.app/profile/normeisen.bsky.social,YES,"Sr. Fellow @ Brookings, Executive Chair of Democracy Defenders Fund & Co-Founder of The Contrarian c"
Norman Oder,norman-oder,Newsletter - Substack,normanoder.bsky.social,https://bsky.app/profile/normanoder.bsky.social,YES,#Brooklyn journalist focusing on Atlantic Yards/Pacific Park megaproject (including Barclays Center)
Oliver Darcy,oliver-darcy,Newsletter - Beehiiv,oliverdarcy.bsky.social,https://bsky.app/profile/oliverdarcy.bsky.social,YES,"writing @status.news, a nightly newsletter covering the Fourth Estate, Silicon Valley, and Hollywood"
Owen Jones,owen-jones,Video - YouTube,owenjones.bsky.social,https://bsky.app/profile/owenjones.bsky.social,YES,"Socialist, antifascist, writer in various places, geriatric millennial, GQ's 9th Worst Dressed Man i"
Patrick Boyle,patrick-boyle,Video - YouTube,pboyle.bsky.social,https://bsky.app/profile/pboyle.bsky.social,YES,Founder of Palomar Capital | Visiting Professor at King's College London | Financial Author | YouTub
Patrick McNamara,patrick-mcnamara,Website,dogfoodstudios.bsky.social,https://bsky.app/profile/dogfoodstudios.bsky.social,YES,"Music and video producer in Seattle, WA. Storyteller for #MageOfSail. Chosen of Nurgle. www.patreon."
Paul Fain,paul-fain,Newsletter - Beehiiv,paulfain.bsky.social,https://bsky.app/profile/paulfain.bsky.social,YES,"Journalist covering connections between education and work. Author of The Job newsletter, co-founder"
Paul Krugman,paul-krugman,Newsletter - Substack,pkrugman.bsky.social,https://bsky.app/profile/pkrugman.bsky.social,YES,"Ex NY Times, now author of Substack Paul Krugman. Nobel laureate and, according to Donald Trump, ""De"
Paul Offit,paul-offit,Newsletter - Substack,pauloffit.bsky.social,https://bsky.app/profile/pauloffit.bsky.social,YES,"Infectious disease physician, co-inventor of a rotavirus vaccine, author and grandfather. Author of "
Peter Beck,peter-beck,Newsletter - Beehiiv,pwbeck.bsky.social,https://bsky.app/profile/pwbeck.bsky.social,YES,associate editor @lawfaremedia.org law nerd @courtwatch.bsky.social dc by way of sc
Peter Geoghegan,peter-geoghegan,Newsletter - Substack,petergeoghegan.bsky.social,https://bsky.app/profile/petergeoghegan.bsky.social,YES,Irishman in London. Founder of award winning investigative news site Democracy for Sale https://demo
Peter Greene,peter-greene,Website,palan57.bsky.social,https://bsky.app/profile/palan57.bsky.social,YES,"public education fan, education ranter, retired teacher, SAHD, tailgate trombone, Venangoland PA, Cu"
Phil Edwards,phil-edwards,Video - YouTube,philedwardsinc.bsky.social,https://bsky.app/profile/philedwardsinc.bsky.social,YES,edutainer https://www.youtube.com/@PhilEdwardsInc
Phillips P. O'Brien,phillips-p-obrien,Newsletter - Substack,phillipspobrien.substack.com.web.brid.gy,https://bsky.app/profile/phillipspobrien.substack.com.web.brid.gy,YES,Whatever intrigues me--these days the Russo-Ukraine War with regular departures. Click to read Phill
PJ Vogt,pj-vogt,Podcast,pjvogt.bsky.social,https://bsky.app/profile/pjvogt.bsky.social,YES,"Very rarely here. 

You can reach me at pjvogt85@gmail.com

Host, Search Engine podcast. 
Some of ou"
Prem Thakker,prem-thakker,Video - Instagram,premthakker.bsky.social,https://bsky.app/profile/premthakker.bsky.social,YES,"Political correspondent @zeteo.com

Any tips or info you’d like to share? 
Signal premthakker.35
Pre"
Priti Patnaik,priti-patnaik,Newsletter - Substack,pritipatnaik.bsky.social,https://bsky.app/profile/pritipatnaik.bsky.social,YES,"Founder & Publisher, Geneva Health Files. 

Admirer of Trees. Mum. 'Flâneuse'.  
Alum: New York Univ"
Radley Balko,radley-balko,Newsletter - Substack,radleybalko.bsky.social,https://bsky.app/profile/radleybalko.bsky.social,YES,"Journalist. Quattrone Center journalism fellow.
Author: Rise of the Warrior Cop.
Co-author: The Cada"
Raelyn Roberson ,raelyn-roberson,Website,raelynroberson.bsky.social,https://bsky.app/profile/raelynroberson.bsky.social,YES,"Digital Civil Rights Strategist and Organizer 
Texas >< DC
Gen Z Virgo in chief🫡✨💅🏾"
Rebecca Nagle,rebecca-nagle,Newsletter - Substack,rebeccanagle.bsky.social,https://bsky.app/profile/rebeccanagle.bsky.social,YES,"Cherokee writer and journalist, check out my substack: https://gohini.substack.com/
Author of BY THE"
Renee Knake Jefferson,renee-knake-jefferson,Newsletter - Substack,legalethics.bsky.social,https://bsky.app/profile/legalethics.bsky.social,YES,Doherty Chair in Legal Ethics at the University of Houston | writing at legalethics.substack.com | a
Rey Katz,rey-katz,Newsletter - Ghost,reywrites.bsky.social,https://bsky.app/profile/reywrites.bsky.social,YES,"🌈 join the newsletter: uplifting and informing trans folks & allies 🔗⬇️

https://www.amplifyrespect."
Richard Lawson,richard-lawson,Newsletter - Beehiiv,rilaws.bsky.social,https://bsky.app/profile/rilaws.bsky.social,YES,NEWSLETTER: https://www.premiereparty.com/ | Partnerships & sponsorships 📩 sarah@collective.media
Rick Ellis,rick-ellis,Newsletter - Substack,toomuchtv.substack.com,https://bsky.app/profile/toomuchtv.substack.com,YES,"Lifelong journalist now at AllYourScreens.com and toomuchtv.substack.com. TCA Member. Appeared on ""D"
Rick Hasen,rick-hasen,Website,rickhasen.bsky.social,https://bsky.app/profile/rickhasen.bsky.social,YES,"Professor, UCLA Law; Director, http://SafeguardingDemocracyProject.org; 2020 CNN, 2024 NBC/MSNBC Ele"
Robert Kelchen,robert-kelchen,Website,robertkelchen.com,https://bsky.app/profile/robertkelchen.com,YES,"Professor & department head, University of Tennessee, Knoxville. I study higher ed finance, accounta"
Roger Seheult,roger-seheult,Video - YouTube,rogerseheult.bsky.social,https://bsky.app/profile/rogerseheult.bsky.social,YES,"Pulmonary, Critical Care, and Sleep Physician
Co-Founder of MedCram.com
Faculty Appointments at Loma"
Roger Sollenberger,roger-sollenberger,Newsletter - Substack,sollenbergerrc.bsky.social,https://bsky.app/profile/sollenbergerrc.bsky.social,YES,"Politics reporter, guitar botherer. Luckiest hub and dad to Mr. Bugs aka The Moopus aka Mr. Moops or"
Ron Charles,ron-charles,Newsletter - Substack,roncharles.bsky.social,https://bsky.app/profile/roncharles.bsky.social,YES,I write about books at https://roncharles.substack.com/
Rose Thomas Bannister,rose-thomas-bannister,Website,mododibere.bsky.social,https://bsky.app/profile/mododibere.bsky.social,YES,"Wine writer and dialect enthusiast, creator of Modo di Bere magazine, podcast and travel show."
Rowan Cheung,rowan-cheung,Website,rowancheung.bsky.social,https://bsky.app/profile/rowancheung.bsky.social,YES,"Founder of the world’s most read daily AI newsletter: 
www.therundown.ai. Sharing the latest develop"
Rusty Foster,rusty-foster,Newsletter - Beehiiv,rusty.todayintabs.com,https://bsky.app/profile/rusty.todayintabs.com,YES,"One of the posters of all time. 
https://www.todayontrail.com 
https://www.todayintabs.com"
Ruth Ben-Ghiat,ruth-ben-ghiat,Newsletter - Substack,ruthbenghiat.bsky.social,https://bsky.app/profile/ruthbenghiat.bsky.social,YES,"Historian; Author, NYT Bestseller Strongmen; Publisher, Lucid, a Substack newsletter on authoritaria"
Ryan Broderick,ryan-broderick,Newsletter - Beehiiv,ryanhatesthis.bsky.social,https://bsky.app/profile/ryanhatesthis.bsky.social,YES,Chilling online. I write a newsletter called Garbage Day.
Ryan Flinn,ryan-flinn,Video - TikTok,ryanflinn.bsky.social,https://bsky.app/profile/ryanflinn.bsky.social,YES,"Healthcare comms consultant with a journalism background. Wine expert, competitive sabre fencer, lif"
Ryan Goodman,ryan-goodman,Website,rgoodlaw.bsky.social,https://bsky.app/profile/rgoodlaw.bsky.social,YES,"https://www.youtube.com/@RGoodLaw

Co-editor-in-chief @justsecurity.org. Chaired Prof at NYU Law. Fo"
Ryan Grim,ryan-grim,Newsletter - Substack,ryangrim.bsky.social,https://bsky.app/profile/ryangrim.bsky.social,YES,"Reporter for Drop Site News, co-host of Counter Points"
Ryan Haas,ryan-haas,Newsletter - Substack,ryanjhaas.bsky.social,https://bsky.app/profile/ryanjhaas.bsky.social,YES,"Oregon-based investigative journalist. | Co-founder thewesternedge.media 

Former OPB. Podcast produ"
Ryan Holiday,ryan-holiday,Video - Instagram,ryan-holiday.bsky.social,https://bsky.app/profile/ryan-holiday.bsky.social,YES,"NYT Bestselling Author of The Obstacle Is The Way, The Daily Stoic, Ego Is The Enemy, Stillness Is T"
Ryan McBeth,ryan-mcbeth,Video - YouTube,ryanmcbeth.bsky.social,https://bsky.app/profile/ryanmcbeth.bsky.social,YES,"Author, Army Vet, OSINT Intelligence Analyst, Programmer, Cyber guy. http://Ryanmcbeth.substack.com "
Ryan Sutton,ryan-sutton,Newsletter - Substack,ryansutton.bsky.social,https://bsky.app/profile/ryansutton.bsky.social,YES,"I'm a contributing restaurant critic for The New York Times! I also run www.thelotimes.com, a food m"
Ryan Welton,ryan-welton,Newsletter - Beehiiv,ryanwelton.bsky.social,https://bsky.app/profile/ryanwelton.bsky.social,YES,"Founder, creator of 'Oklahoma Memo,' your daily local news recap. Subscribe at OklahomaMemo.com"
Saagar Enjeti,saagar-enjeti,Video - YouTube,esaagar.bsky.social,https://bsky.app/profile/esaagar.bsky.social,YES,Co-Host of Breaking Points with Krystal and Saagar and The Realignment Podcast
Sam Ro,sam-ro,Newsletter - Substack,tker.co,https://bsky.app/profile/tker.co,YES,Editor of TKer.co | Chief evangelist of the stock market usually going up 📈
Sam Sanders,sam-sanders,Podcast,samsanders.bsky.social,https://bsky.app/profile/samsanders.bsky.social,YES,"Lapsed journalist. L.A. based. Texan forever. Listen to The Sam Sanders Show, a radio show all about"
Sarah Mock,sarah-mock,Newsletter - Substack,sarahmock.bsky.social,https://bsky.app/profile/sarahmock.bsky.social,YES,"🤷🏼‍♀️💙🪡👩🏼‍🍳🍷🥖🧈🌯🥟🥃🗺️
In my day job you can find me here: https://www.savoringthegood.com"
Sari Botton,sari-botton,Newsletter - Substack,saribotton.bsky.social,https://bsky.app/profile/saribotton.bsky.social,YES,Bestselling Author/Editor/Teacher/Oldster Memoir: And You May Find Yourself… Anthologies: Goodbye to
Scott Alexander,scott-alexander,Newsletter - Substack,astralcodexten.com.web.brid.gy,https://bsky.app/profile/astralcodexten.com.web.brid.gy,YES,"P(A|B) = [P(A)*P(B|A)]/P(B), all the rest is commentary. Click to read Astral Codex Ten, by Scott Al"
Scott Braddock,scott-braddock,Website,scottbraddock.bsky.social,https://bsky.app/profile/scottbraddock.bsky.social,YES,"Editor at quorumreport.com, celebrating our 41st year of independent journalism in Texas and the hos"
Sean Beckner-Carmitchel,sean-beckner-carmitchel,Website,acatwithnews.bsky.social,https://bsky.app/profile/acatwithnews.bsky.social,YES,"Writer, Videographer, Photographer. LA Based but traveling lots.

I run The Ten Four: https://latenf"
Sean Highkin,sean-highkin,Website,highkin.bsky.social,https://bsky.app/profile/highkin.bsky.social,YES,Trail Blazers + Fire rosegardenreport.com | Blazers insider for Rip City Radio 620 (KPOJ-AM)/iHeart
Seth Godin,seth-godin,Website,sethgodin.bsky.social,https://bsky.app/profile/sethgodin.bsky.social,YES,Mostly I blog. Here as a spectator. seths.blog and sethgodin.com for more.
Sham Jaff,sham-jaff,Newsletter - Other,shamjaff.bsky.social,https://bsky.app/profile/shamjaff.bsky.social,YES,"Journalist. Berlin. Recently built a platform for journalism centered on Asia, Afria, and the Americ"
Shannon Henry Kleiber,shannon-henry-kleiber,Newsletter - Ghost,shkleiber.bsky.social,https://bsky.app/profile/shkleiber.bsky.social,YES,"Writer, author and journalist, former Washington Post staffer and columnist, radio producer and inte"
Simon Owens,simon-owens,Newsletter - Substack,simonowens.bsky.social,https://bsky.app/profile/simonowens.bsky.social,YES,Media industry journalist who runs a newsletter and podcast. You can reach me at simonowens@gmail.co
Spencer Ackerman,spencer-ackerman,Newsletter - Ghost,attackerman.bsky.social,https://bsky.app/profile/attackerman.bsky.social,YES,"Journalist & author of REIGN OF TERROR: HOW THE 9/11 ERA DESTABILIZED AMERICA & PRODUCED TRUMP, cont"
Sree Sreenivasan,sree-sreenivasan,Newsletter - Substack,sreenet.bsky.social,https://bsky.app/profile/sreenet.bsky.social,YES,"CEO & cofounder, Digimentors. Ex-Chief Digital Officer of New York City, Met Museum, Columbia U. sre"
Stephen Smysnuik,stephen-smysnuik,Website,smizznit.bsky.social,https://bsky.app/profile/smizznit.bsky.social,YES,"EIC @readthelevel (coming soon…)
Email stephen@levelmedia.ca"
Steve Matteo,steve-matteo,Website,matteomedia.bsky.social,https://bsky.app/profile/matteomedia.bsky.social,YES,"Author of Act Naturally: The Beatles On Film, Let It Be (33 1/3), Dylan. https://linktr.ee/matteomed"
Steve Mould,steve-mould,Video - YouTube,stevemould-ytbot.bsky.social,https://bsky.app/profile/stevemould-ytbot.bsky.social,YES,"Automated fan account. Not associated with or endorsed by the real channel in question.

Posts video"
Steve Vladeck,steve-vladeck,Newsletter - Substack,stevevladeck.bsky.social,https://bsky.app/profile/stevevladeck.bsky.social,YES,@ksvesq.bsky.social’s husband; father of daughters; professor @georgetownlaw.bsky.social; #SCOTUS ne
Susan Rinkunas,susan-rinkunas,Newsletter - Ghost,susanrinkunas.com,https://bsky.app/profile/susanrinkunas.com,YES,"Journalist and cofounder @autonomynews.co‬. Seen in: Jezebel, The New Republic, The Guardian, Slate,"
Suzanne Kianpour,suzanne-kianpour,Newsletter - Substack,kianpourworld.bsky.social,https://bsky.app/profile/kianpourworld.bsky.social,YES,"Anchor, ‘News with Suz’• Founder, Helmet to Heels™ • ex BBC correspondent & host living between New "
Taegan Goddard,taegan-goddard,Website,politicalwire.com,https://bsky.app/profile/politicalwire.com,YES,Publisher of Political Wire
Tara Palmeri,tara-palmeri,Newsletter - Substack,tarapalmeri.bsky.social,https://bsky.app/profile/tarapalmeri.bsky.social,YES,"Author of ""The Red Letter"" 
https://open.substack.com/pub/tarapalmeri
Host of ""The Tara Palmeri Show"
Taylor Lorenz,taylor-lorenz,Newsletter - Substack,taylorlorenz.bsky.social,https://bsky.app/profile/taylorlorenz.bsky.social,YES,"Subscribe to my tech and online culture newsletter UserMag.co

Listen/watch Power User podcast on al"
The Pudding,the-pudding,Chat - SMS,puddingviz.bsky.social,https://bsky.app/profile/puddingviz.bsky.social,YES,The Pudding is a digital publication that explains ideas debated in culture with visual essays. http
Thomas Zimmer,thomas-zimmer,Website,thomaszimmer.bsky.social,https://bsky.app/profile/thomaszimmer.bsky.social,YES,Historian - Democracy and Its Discontents - Newsletter: Democracy Americana https://democracyamerica
Tim Mak,tim-mak,Newsletter - Substack,timkmak.bsky.social,https://bsky.app/profile/timkmak.bsky.social,YES,"Reporting on human interest stories to illustrate the news. Fmr US Army medic, longtime war correspo"
Timothy Snyder,timothy-snyder,Newsletter - Substack,timothysnyder.bsky.social,https://bsky.app/profile/timothysnyder.bsky.social,YES,"Temerty Professor of Modern European History, Munk School, University of Toronto; Permanent Fellow, "
Tina Brown,tina-brown,Newsletter - Substack,tinabrownlm.bsky.social,https://bsky.app/profile/tinabrownlm.bsky.social,YES,"Author. Journalist. Editor.
tinabrown.substack.com
sirharrysummit.org"
Tom Martin,tom-martin,Newsletter - Substack,lawdroid.bsky.social,https://bsky.app/profile/lawdroid.bsky.social,YES,
Tommy Tomlinson,tommy-tomlinson,Newsletter - Substack,tommytomlinson.bsky.social,https://bsky.app/profile/tommytomlinson.bsky.social,YES,Author of DOGLAND (on the Westminster Dog Show) and THE ELEPHANT IN THE ROOM (memoir on obesity in A
Trevor May,trevor-may,Video - Twitch,iamtrevormay.bsky.social,https://bsky.app/profile/iamtrevormay.bsky.social,YES,"I used to be in The Show, now I talk about it.

linktr.ee/trevormayiam

🎥 youtube.com/trevormaybaseb"
Ty Burr,ty-burr,Newsletter - Ghost,tyburr.bsky.social,https://bsky.app/profile/tyburr.bsky.social,YES,"Writer/film critic at tyburrswatchlist.com, WaPo. Ex-Boston Globe, EW. Pulitzer Finalist, 2017. Book"
Tyler Dunne,tyler-dunne,Newsletter - Substack,tydunne.bsky.social,https://bsky.app/profile/tydunne.bsky.social,YES,"Founder of Go Long at GoLongTD.com & Substack. 

Longform NFL coverage."
Vanessa Armstrong,vanessa-armstrong,Newsletter - Beehiiv,vanessa-armstrong.com,https://bsky.app/profile/vanessa-armstrong.com,YES,"Tube Talk creator! Weird history, oddball entertainment, mindbending books. Join us! 

🤔 tubetalk.me"
Vince Beiser,vince-beiser,Newsletter - Substack,vincebeiser.bsky.social,https://bsky.app/profile/vincebeiser.bsky.social,YES,"Journalist, author of ""Power Metal: The Race for the Resources That Will Shape the Future."" Follow m"
Virginia Sole-Smith,virginia-sole-smith,Patreon,virginiasolesmith.bsky.social,https://bsky.app/profile/virginiasolesmith.bsky.social,YES,Burnt Toast newsletter + Burnt Toast podcast + FAT TALK. Plant lady. Pasta enthusiast.
Vlad Vexler,vlad-vexler,Video - YouTube,vladvexler.bsky.social,https://bsky.app/profile/vladvexler.bsky.social,YES,"Philosopher - ethics, politics, music | Slowly writing a book on Isaiah Berlin | Born in USSR, home "
Walter Hickey,walter-hickey,Newsletter - Substack,walthickey.bsky.social,https://bsky.app/profile/walthickey.bsky.social,YES,"Executive Editor @sherwood.news, book whatyou.watch, writer numlock.com. Previously FiveThirtyEight "
Wendell Potter,wendell-potter,Newsletter - Substack,wendellpotter.bsky.social,https://bsky.app/profile/wendellpotter.bsky.social,YES,
Whitney Bauck,whitney-bauck,Newsletter - Substack,whitneybauck.bsky.social,https://bsky.app/profile/whitneybauck.bsky.social,YES,"Award-winning freelance journalist reporting @ the Guardian and more
Particularly interested in solu"
William Spaniel,william-spaniel,Video - YouTube,gametheory101.bsky.social,https://bsky.app/profile/gametheory101.bsky.social,YES,"PhD and professor. War, economics, math, YouTube. Lines on Maps.

http://youtube.com/gametheory101"
Yonah Freemark,yonah-freemark,Website,yonahfreemark.com,https://bsky.app/profile/yonahfreemark.com,YES,Transport / Housing / Land Use / Politics / @urbaninstitute.bsky.social / Le progrès ne vaut que s’i
Yoni Greenbaum,yoni-greenbaum,Newsletter - Substack,yonigre.bsky.social,https://bsky.app/profile/yonigre.bsky.social,YES,"Media exec & VP, Product Strategy @ American Press Institute
Building tools for trust & sustainable "
Yowei Shaw,yowei-shaw,Podcast,yoweishaw.bsky.social,https://bsky.app/profile/yoweishaw.bsky.social,YES,Emotional investigative journalist™️ at proxypodcast.com || Formerly NPR's Invisibilia || yoweishaw.
Yulia Denisyuk,yulia-denisyuk,Newsletter - Ghost,yuliadenisyuk.bsky.social,https://bsky.app/profile/yuliadenisyuk.bsky.social,YES,"None of us are free until. Photographer | Writer | Storyteller | Human |

Chuvash roots, global ♡ Bu"
Zeke Hausfather,zeke-hausfather,Newsletter - Substack,hausfath.bsky.social,https://bsky.app/profile/hausfath.bsky.social,YES,"""A tireless chronicler and commentator on all things climate"" -NYTimes. 

Climate research lead @str"
Zerlina Maxwell,zerlina-maxwell,Newsletter - Substack,zerlinamaxwell.bsky.social,https://bsky.app/profile/zerlinamaxwell.bsky.social,YES,"@siriusxm Radio Host: Mornings with Zerlina.
Channel 127 Weekdays 7-9am ET

Subscribe - https://zerl"
Zoë Hannah,zo-hannah,Newsletter - Ghost,zoehhannah.com,https://bsky.app/profile/zoehhannah.com,YES,"@mothership.blog co-founder and managing editor ✨
formerly games editor at polygon, deputy editor at"
